"schema_version";"bridge_id";"artifact_name";"method";"source";"artifact";"indicator";"checkpoint";"stage";"action";"output";"original_value";"policy_id";"level";"strategy";"baseline_module";"candidate_module";"candidate_producer_id";"candidate_write_action";"evidence_baseline_run_id";"evidence_baseline_artifact_sha256";"evidence_baseline_request_sha256";"evidence_baseline_source_sha256";"evidence_baseline_commit";"evidence_baseline_tree";"evidence_candidate_run_id";"evidence_candidate_artifact_sha256";"evidence_candidate_request_sha256";"evidence_candidate_source_sha256";"evidence_candidate_commit";"evidence_candidate_tree";"expected_baseline_evidence_rows";"expected_candidate_evidence_rows";"derivation_sha256"
"issue13-v5-diagnostic-module-bridge/1";"bridge-e9f26e6f2be748b813f9cab1";"_anomalies.csv";"alternative_1";"wiodr13";"sea_countries";"appropriated_profit.r.pc";"after_country_module";"5";"mark_not_applicable";"";"Inf";"wiodr13_v1";"";"";"common/appropriated_profit.r.pc-country.R";"indicator.appropriated_profit.r.pc";"indicator.appropriated_profit.r.pc";"replace";"run-20260827T170813086Z-18ad7cf860c263ac";"e38f0904e45c84b6b0850a1f3e600181e667ba165455646157762828b4d86e81";"68e3b78a0d2b782d35d8e971cab460205202a20231f1f493d3f6befd086c54e8";"82c61ee0a694c3076a180e36f08b171afba0c29abbc5f5153b0605284a1196ce";"e2f4d6dae9a6d35c966b305fabac52e489faa3e7";"7da19c4f2913e857040ba228280f404b0e54eaab";"run-20260824T044745410Z-11524d39f28a36e3";"84ef440d2e7b399f731e9b4f6a27addf87e1a6d5ac55bcc270a8462c71a018fc";"68e3b78a0d2b782d35d8e971cab460205202a20231f1f493d3f6befd086c54e8";"82c61ee0a694c3076a180e36f08b171afba0c29abbc5f5153b0605284a1196ce";"7d7178150e2b91768f9ba95b86fb0aab84f02bf8";"314e65771523065a36f1e5781cc18977dbb0fbb2";"30";"30";"e9f26e6f2be748b813f9cab16bd233e950c64528d4c1088ff4bfcad3dfc83d8b"
"issue13-v5-diagnostic-module-bridge/1";"bridge-80cb3a89b82752b06a54c04b";"_anomalies.csv";"alternative_1";"wiodr13";"sea_countries";"compensation.emp.s.cu";"after_country_aggregation";"5";"preserve_all_missing";"";"NA";"wiodr13_v1";"";"";"sea_countries.R";"aggregation.direct";"aggregation.direct";"replace";"run-20260827T170813086Z-18ad7cf860c263ac";"e38f0904e45c84b6b0850a1f3e600181e667ba165455646157762828b4d86e81";"68e3b78a0d2b782d35d8e971cab460205202a20231f1f493d3f6befd086c54e8";"82c61ee0a694c3076a180e36f08b171afba0c29abbc5f5153b0605284a1196ce";"e2f4d6dae9a6d35c966b305fabac52e489faa3e7";"7da19c4f2913e857040ba228280f404b0e54eaab";"run-20260824T044745410Z-11524d39f28a36e3";"84ef440d2e7b399f731e9b4f6a27addf87e1a6d5ac55bcc270a8462c71a018fc";"68e3b78a0d2b782d35d8e971cab460205202a20231f1f493d3f6befd086c54e8";"82c61ee0a694c3076a180e36f08b171afba0c29abbc5f5153b0605284a1196ce";"7d7178150e2b91768f9ba95b86fb0aab84f02bf8";"314e65771523065a36f1e5781cc18977dbb0fbb2";"525";"525";"80cb3a89b82752b06a54c04b648b7a6985b1f91b72b7f7bb786914e80bbc6257"
"issue13-v5-diagnostic-module-bridge/1";"bridge-654132c1965b47e470d39fb3";"_anomalies.csv";"alternative_1";"wiodr13";"sea_countries";"compensation.emp.s.cu";"after_world_aggregation";"5";"aggregate_available";"";"NA";"wiodr13_v1";"";"";"sea_countries.R";"aggregation.direct";"aggregation.direct";"replace";"run-20260827T170813086Z-18ad7cf860c263ac";"e38f0904e45c84b6b0850a1f3e600181e667ba165455646157762828b4d86e81";"68e3b78a0d2b782d35d8e971cab460205202a20231f1f493d3f6befd086c54e8";"82c61ee0a694c3076a180e36f08b171afba0c29abbc5f5153b0605284a1196ce";"e2f4d6dae9a6d35c966b305fabac52e489faa3e7";"7da19c4f2913e857040ba228280f404b0e54eaab";"run-20260824T044745410Z-11524d39f28a36e3";"84ef440d2e7b399f731e9b4f6a27addf87e1a6d5ac55bcc270a8462c71a018fc";"68e3b78a0d2b782d35d8e971cab460205202a20231f1f493d3f6befd086c54e8";"82c61ee0a694c3076a180e36f08b171afba0c29abbc5f5153b0605284a1196ce";"7d7178150e2b91768f9ba95b86fb0aab84f02bf8";"314e65771523065a36f1e5781cc18977dbb0fbb2";"15";"15";"654132c1965b47e470d39fb3f0e82963208b7ff63c316da4468079b8d37dcb8d"
"issue13-v5-diagnostic-module-bridge/1";"bridge-5796874638540fc4345153ef";"_anomalies.csv";"alternative_1";"wiodr13";"sea_countries";"compensation.empe.s.cu";"after_country_aggregation";"5";"preserve_all_missing";"";"NA";"wiodr13_v1";"";"";"sea_countries.R";"aggregation.direct";"aggregation.direct";"replace";"run-20260827T170813086Z-18ad7cf860c263ac";"e38f0904e45c84b6b0850a1f3e600181e667ba165455646157762828b4d86e81";"68e3b78a0d2b782d35d8e971cab460205202a20231f1f493d3f6befd086c54e8";"82c61ee0a694c3076a180e36f08b171afba0c29abbc5f5153b0605284a1196ce";"e2f4d6dae9a6d35c966b305fabac52e489faa3e7";"7da19c4f2913e857040ba228280f404b0e54eaab";"run-20260824T044745410Z-11524d39f28a36e3";"84ef440d2e7b399f731e9b4f6a27addf87e1a6d5ac55bcc270a8462c71a018fc";"68e3b78a0d2b782d35d8e971cab460205202a20231f1f493d3f6befd086c54e8";"82c61ee0a694c3076a180e36f08b171afba0c29abbc5f5153b0605284a1196ce";"7d7178150e2b91768f9ba95b86fb0aab84f02bf8";"314e65771523065a36f1e5781cc18977dbb0fbb2";"525";"525";"5796874638540fc4345153ef346bba3a0517f358ccb79d5950a05a70d3bb8d68"
"issue13-v5-diagnostic-module-bridge/1";"bridge-f5d9218667270413a1015faf";"_anomalies.csv";"alternative_1";"wiodr13";"sea_countries";"compensation.empe.s.cu";"after_world_aggregation";"5";"aggregate_available";"";"NA";"wiodr13_v1";"";"";"sea_countries.R";"aggregation.direct";"aggregation.direct";"replace";"run-20260827T170813086Z-18ad7cf860c263ac";"e38f0904e45c84b6b0850a1f3e600181e667ba165455646157762828b4d86e81";"68e3b78a0d2b782d35d8e971cab460205202a20231f1f493d3f6befd086c54e8";"82c61ee0a694c3076a180e36f08b171afba0c29abbc5f5153b0605284a1196ce";"e2f4d6dae9a6d35c966b305fabac52e489faa3e7";"7da19c4f2913e857040ba228280f404b0e54eaab";"run-20260824T044745410Z-11524d39f28a36e3";"84ef440d2e7b399f731e9b4f6a27addf87e1a6d5ac55bcc270a8462c71a018fc";"68e3b78a0d2b782d35d8e971cab460205202a20231f1f493d3f6befd086c54e8";"82c61ee0a694c3076a180e36f08b171afba0c29abbc5f5153b0605284a1196ce";"7d7178150e2b91768f9ba95b86fb0aab84f02bf8";"314e65771523065a36f1e5781cc18977dbb0fbb2";"15";"15";"f5d9218667270413a1015fafca44dd7d6ee511282e1a35f0a7fa560d67c02f56"
"issue13-v5-diagnostic-module-bridge/1";"bridge-97a57c96a0b00a31c89b73bc";"_anomalies.csv";"alternative_1";"wiodr13";"sea_countries";"exchange.r.us";"after_country_aggregation";"5";"preserve_all_missing";"";"NA";"wiodr13_v1";"";"";"sea_countries.R";"aggregation.direct";"aggregation.direct";"replace";"run-20260827T170813086Z-18ad7cf860c263ac";"e38f0904e45c84b6b0850a1f3e600181e667ba165455646157762828b4d86e81";"68e3b78a0d2b782d35d8e971cab460205202a20231f1f493d3f6befd086c54e8";"82c61ee0a694c3076a180e36f08b171afba0c29abbc5f5153b0605284a1196ce";"e2f4d6dae9a6d35c966b305fabac52e489faa3e7";"7da19c4f2913e857040ba228280f404b0e54eaab";"run-20260824T044745410Z-11524d39f28a36e3";"84ef440d2e7b399f731e9b4f6a27addf87e1a6d5ac55bcc270a8462c71a018fc";"68e3b78a0d2b782d35d8e971cab460205202a20231f1f493d3f6befd086c54e8";"82c61ee0a694c3076a180e36f08b171afba0c29abbc5f5153b0605284a1196ce";"7d7178150e2b91768f9ba95b86fb0aab84f02bf8";"314e65771523065a36f1e5781cc18977dbb0fbb2";"525";"525";"97a57c96a0b00a31c89b73bcb3e38681b5c1cb5c8997c7616ba71442445c6a18"
"issue13-v5-diagnostic-module-bridge/1";"bridge-ec052d08ab6ee0227fad89c8";"_anomalies.csv";"alternative_1";"wiodr13";"sea_countries";"exchange.r.us";"after_world_aggregation";"5";"aggregate_available";"";"NA";"wiodr13_v1";"";"";"sea_countries.R";"aggregation.direct";"aggregation.direct";"replace";"run-20260827T170813086Z-18ad7cf860c263ac";"e38f0904e45c84b6b0850a1f3e600181e667ba165455646157762828b4d86e81";"68e3b78a0d2b782d35d8e971cab460205202a20231f1f493d3f6befd086c54e8";"82c61ee0a694c3076a180e36f08b171afba0c29abbc5f5153b0605284a1196ce";"e2f4d6dae9a6d35c966b305fabac52e489faa3e7";"7da19c4f2913e857040ba228280f404b0e54eaab";"run-20260824T044745410Z-11524d39f28a36e3";"84ef440d2e7b399f731e9b4f6a27addf87e1a6d5ac55bcc270a8462c71a018fc";"68e3b78a0d2b782d35d8e971cab460205202a20231f1f493d3f6befd086c54e8";"82c61ee0a694c3076a180e36f08b171afba0c29abbc5f5153b0605284a1196ce";"7d7178150e2b91768f9ba95b86fb0aab84f02bf8";"314e65771523065a36f1e5781cc18977dbb0fbb2";"15";"15";"ec052d08ab6ee0227fad89c89e483adbf0bdc06df74e259f85d14f1709a00a46"
"issue13-v5-diagnostic-module-bridge/1";"bridge-c5be5acdd63139490c762798";"_anomalies.csv";"alternative_1";"wiodr13";"sea_countries";"go_price.r.id";"after_country_aggregation";"5";"aggregate_available";"";"NA";"wiodr13_v1";"";"";"sea_countries.R";"aggregation.direct";"aggregation.direct";"replace";"run-20260827T170813086Z-18ad7cf860c263ac";"e38f0904e45c84b6b0850a1f3e600181e667ba165455646157762828b4d86e81";"68e3b78a0d2b782d35d8e971cab460205202a20231f1f493d3f6befd086c54e8";"82c61ee0a694c3076a180e36f08b171afba0c29abbc5f5153b0605284a1196ce";"e2f4d6dae9a6d35c966b305fabac52e489faa3e7";"7da19c4f2913e857040ba228280f404b0e54eaab";"run-20260824T044745410Z-11524d39f28a36e3";"84ef440d2e7b399f731e9b4f6a27addf87e1a6d5ac55bcc270a8462c71a018fc";"68e3b78a0d2b782d35d8e971cab460205202a20231f1f493d3f6befd086c54e8";"82c61ee0a694c3076a180e36f08b171afba0c29abbc5f5153b0605284a1196ce";"7d7178150e2b91768f9ba95b86fb0aab84f02bf8";"314e65771523065a36f1e5781cc18977dbb0fbb2";"240";"240";"c5be5acdd63139490c762798657d3b17cb9d76a3628cb89a2c0a4f41b5afbaf5"
"issue13-v5-diagnostic-module-bridge/1";"bridge-91a196373a427ffa1149412e";"_anomalies.csv";"alternative_1";"wiodr13";"sea_countries";"profit.s.us";"after_country_aggregation";"5";"preserve_all_missing";"";"NA";"wiodr13_v1";"";"";"sea_countries.R";"aggregation.direct";"aggregation.direct";"replace";"run-20260827T170813086Z-18ad7cf860c263ac";"e38f0904e45c84b6b0850a1f3e600181e667ba165455646157762828b4d86e81";"68e3b78a0d2b782d35d8e971cab460205202a20231f1f493d3f6befd086c54e8";"82c61ee0a694c3076a180e36f08b171afba0c29abbc5f5153b0605284a1196ce";"e2f4d6dae9a6d35c966b305fabac52e489faa3e7";"7da19c4f2913e857040ba228280f404b0e54eaab";"run-20260824T044745410Z-11524d39f28a36e3";"84ef440d2e7b399f731e9b4f6a27addf87e1a6d5ac55bcc270a8462c71a018fc";"68e3b78a0d2b782d35d8e971cab460205202a20231f1f493d3f6befd086c54e8";"82c61ee0a694c3076a180e36f08b171afba0c29abbc5f5153b0605284a1196ce";"7d7178150e2b91768f9ba95b86fb0aab84f02bf8";"314e65771523065a36f1e5781cc18977dbb0fbb2";"525";"525";"91a196373a427ffa1149412e7ccc4a81008c0a84d172452e7920fa0f49e674d6"
"issue13-v5-diagnostic-module-bridge/1";"bridge-74e763258d40a5bc25de47bd";"_anomalies.csv";"alternative_1";"wiodr13";"sea_countries";"profit.s.us";"after_world_aggregation";"5";"aggregate_available";"";"NA";"wiodr13_v1";"";"";"sea_countries.R";"aggregation.direct";"aggregation.direct";"replace";"run-20260827T170813086Z-18ad7cf860c263ac";"e38f0904e45c84b6b0850a1f3e600181e667ba165455646157762828b4d86e81";"68e3b78a0d2b782d35d8e971cab460205202a20231f1f493d3f6befd086c54e8";"82c61ee0a694c3076a180e36f08b171afba0c29abbc5f5153b0605284a1196ce";"e2f4d6dae9a6d35c966b305fabac52e489faa3e7";"7da19c4f2913e857040ba228280f404b0e54eaab";"run-20260824T044745410Z-11524d39f28a36e3";"84ef440d2e7b399f731e9b4f6a27addf87e1a6d5ac55bcc270a8462c71a018fc";"68e3b78a0d2b782d35d8e971cab460205202a20231f1f493d3f6befd086c54e8";"82c61ee0a694c3076a180e36f08b171afba0c29abbc5f5153b0605284a1196ce";"7d7178150e2b91768f9ba95b86fb0aab84f02bf8";"314e65771523065a36f1e5781cc18977dbb0fbb2";"15";"15";"74e763258d40a5bc25de47bd81c9ceea4cc07f5286fe9ae09dfecad9fbfba3fb"
"issue13-v5-diagnostic-module-bridge/1";"bridge-092c32d4729a3f60c0c6fb94";"_anomalies.csv";"alternative_1";"wiodr13";"sea_sectors";"abstract_labour.emp.m.mv";"after_stage_5";"5";"mark_not_applicable";"";"Inf";"wiodr13_v1";"";"";"common/abstract_labour.emp.m.mv.R";"indicator.abstract_labour.emp.m.mv";"indicator.abstract_labour.emp.m.mv";"replace";"run-20260827T170813086Z-18ad7cf860c263ac";"e38f0904e45c84b6b0850a1f3e600181e667ba165455646157762828b4d86e81";"68e3b78a0d2b782d35d8e971cab460205202a20231f1f493d3f6befd086c54e8";"82c61ee0a694c3076a180e36f08b171afba0c29abbc5f5153b0605284a1196ce";"e2f4d6dae9a6d35c966b305fabac52e489faa3e7";"7da19c4f2913e857040ba228280f404b0e54eaab";"run-20260824T044745410Z-11524d39f28a36e3";"84ef440d2e7b399f731e9b4f6a27addf87e1a6d5ac55bcc270a8462c71a018fc";"68e3b78a0d2b782d35d8e971cab460205202a20231f1f493d3f6befd086c54e8";"82c61ee0a694c3076a180e36f08b171afba0c29abbc5f5153b0605284a1196ce";"7d7178150e2b91768f9ba95b86fb0aab84f02bf8";"314e65771523065a36f1e5781cc18977dbb0fbb2";"2";"2";"092c32d4729a3f60c0c6fb947b4f45d0e8d2d27f272603530ce498d9963d9500"
"issue13-v5-diagnostic-module-bridge/1";"bridge-f533f770f53894507a6dcadd";"_anomalies.csv";"alternative_1";"wiodr13";"sea_sectors";"abstract_labour.emp.m.mv";"after_stage_5";"5";"mark_not_applicable";"";"NaN";"wiodr13_v1";"";"";"common/abstract_labour.emp.m.mv.R";"indicator.abstract_labour.emp.m.mv";"indicator.abstract_labour.emp.m.mv";"replace";"run-20260827T170813086Z-18ad7cf860c263ac";"e38f0904e45c84b6b0850a1f3e600181e667ba165455646157762828b4d86e81";"68e3b78a0d2b782d35d8e971cab460205202a20231f1f493d3f6befd086c54e8";"82c61ee0a694c3076a180e36f08b171afba0c29abbc5f5153b0605284a1196ce";"e2f4d6dae9a6d35c966b305fabac52e489faa3e7";"7da19c4f2913e857040ba228280f404b0e54eaab";"run-20260824T044745410Z-11524d39f28a36e3";"84ef440d2e7b399f731e9b4f6a27addf87e1a6d5ac55bcc270a8462c71a018fc";"68e3b78a0d2b782d35d8e971cab460205202a20231f1f493d3f6befd086c54e8";"82c61ee0a694c3076a180e36f08b171afba0c29abbc5f5153b0605284a1196ce";"7d7178150e2b91768f9ba95b86fb0aab84f02bf8";"314e65771523065a36f1e5781cc18977dbb0fbb2";"264";"264";"f533f770f53894507a6dcadd7d23308ed0137443dddd08ea0d7d574312048f3a"
"issue13-v5-diagnostic-module-bridge/1";"bridge-f8a968b0971bdd3c45121827";"_anomalies.csv";"alternative_1";"wiodr13";"sea_sectors";"abstract_labour.empe.m.mv";"after_stage_5";"5";"mark_not_applicable";"";"NaN";"wiodr13_v1";"";"";"common/abstract_labour.empe.m.mv.R";"indicator.abstract_labour.empe.m.mv";"indicator.abstract_labour.empe.m.mv";"replace";"run-20260827T170813086Z-18ad7cf860c263ac";"e38f0904e45c84b6b0850a1f3e600181e667ba165455646157762828b4d86e81";"68e3b78a0d2b782d35d8e971cab460205202a20231f1f493d3f6befd086c54e8";"82c61ee0a694c3076a180e36f08b171afba0c29abbc5f5153b0605284a1196ce";"e2f4d6dae9a6d35c966b305fabac52e489faa3e7";"7da19c4f2913e857040ba228280f404b0e54eaab";"run-20260824T044745410Z-11524d39f28a36e3";"84ef440d2e7b399f731e9b4f6a27addf87e1a6d5ac55bcc270a8462c71a018fc";"68e3b78a0d2b782d35d8e971cab460205202a20231f1f493d3f6befd086c54e8";"82c61ee0a694c3076a180e36f08b171afba0c29abbc5f5153b0605284a1196ce";"7d7178150e2b91768f9ba95b86fb0aab84f02bf8";"314e65771523065a36f1e5781cc18977dbb0fbb2";"266";"266";"f8a968b0971bdd3c451218273a313981fbec3a5d4a12a6df1eb92afea1ca54da"
"issue13-v5-diagnostic-module-bridge/1";"bridge-46c42d360453e66df5a2a8f1";"_anomalies.csv";"alternative_1";"wiodr13";"sea_sectors";"appropriated_profit.r.pc";"after_stage_5";"5";"mark_not_applicable";"";"-Inf";"wiodr13_v1";"";"";"common/appropriated_profit.r.pc.R";"indicator.appropriated_profit.r.pc";"indicator.appropriated_profit.r.pc";"replace";"run-20260827T170813086Z-18ad7cf860c263ac";"e38f0904e45c84b6b0850a1f3e600181e667ba165455646157762828b4d86e81";"68e3b78a0d2b782d35d8e971cab460205202a20231f1f493d3f6befd086c54e8";"82c61ee0a694c3076a180e36f08b171afba0c29abbc5f5153b0605284a1196ce";"e2f4d6dae9a6d35c966b305fabac52e489faa3e7";"7da19c4f2913e857040ba228280f404b0e54eaab";"run-20260824T044745410Z-11524d39f28a36e3";"84ef440d2e7b399f731e9b4f6a27addf87e1a6d5ac55bcc270a8462c71a018fc";"68e3b78a0d2b782d35d8e971cab460205202a20231f1f493d3f6befd086c54e8";"82c61ee0a694c3076a180e36f08b171afba0c29abbc5f5153b0605284a1196ce";"7d7178150e2b91768f9ba95b86fb0aab84f02bf8";"314e65771523065a36f1e5781cc18977dbb0fbb2";"62";"62";"46c42d360453e66df5a2a8f14d31a8ad3d6b85a5fe73c90a50358c90716d5eb3"
"issue13-v5-diagnostic-module-bridge/1";"bridge-4a27e3f492d37799e638af96";"_anomalies.csv";"alternative_1";"wiodr13";"sea_sectors";"appropriated_profit.r.pc";"after_stage_5";"5";"mark_not_applicable";"";"Inf";"wiodr13_v1";"";"";"common/appropriated_profit.r.pc.R";"indicator.appropriated_profit.r.pc";"indicator.appropriated_profit.r.pc";"replace";"run-20260827T170813086Z-18ad7cf860c263ac";"e38f0904e45c84b6b0850a1f3e600181e667ba165455646157762828b4d86e81";"68e3b78a0d2b782d35d8e971cab460205202a20231f1f493d3f6befd086c54e8";"82c61ee0a694c3076a180e36f08b171afba0c29abbc5f5153b0605284a1196ce";"e2f4d6dae9a6d35c966b305fabac52e489faa3e7";"7da19c4f2913e857040ba228280f404b0e54eaab";"run-20260824T044745410Z-11524d39f28a36e3";"84ef440d2e7b399f731e9b4f6a27addf87e1a6d5ac55bcc270a8462c71a018fc";"68e3b78a0d2b782d35d8e971cab460205202a20231f1f493d3f6befd086c54e8";"82c61ee0a694c3076a180e36f08b171afba0c29abbc5f5153b0605284a1196ce";"7d7178150e2b91768f9ba95b86fb0aab84f02bf8";"314e65771523065a36f1e5781cc18977dbb0fbb2";"958";"958";"4a27e3f492d37799e638af969c9cb3c4ebf1b3cf60d8d2843455222ec28d5804"
"issue13-v5-diagnostic-module-bridge/1";"bridge-37fa4aaeeb8e9e773050d393";"_anomalies.csv";"alternative_1";"wiodr13";"sea_sectors";"appropriated_profit.r.pc";"after_stage_5";"5";"mark_not_applicable";"";"NaN";"wiodr13_v1";"";"";"common/appropriated_profit.r.pc.R";"indicator.appropriated_profit.r.pc";"indicator.appropriated_profit.r.pc";"replace";"run-20260827T170813086Z-18ad7cf860c263ac";"e38f0904e45c84b6b0850a1f3e600181e667ba165455646157762828b4d86e81";"68e3b78a0d2b782d35d8e971cab460205202a20231f1f493d3f6befd086c54e8";"82c61ee0a694c3076a180e36f08b171afba0c29abbc5f5153b0605284a1196ce";"e2f4d6dae9a6d35c966b305fabac52e489faa3e7";"7da19c4f2913e857040ba228280f404b0e54eaab";"run-20260824T044745410Z-11524d39f28a36e3";"84ef440d2e7b399f731e9b4f6a27addf87e1a6d5ac55bcc270a8462c71a018fc";"68e3b78a0d2b782d35d8e971cab460205202a20231f1f493d3f6befd086c54e8";"82c61ee0a694c3076a180e36f08b171afba0c29abbc5f5153b0605284a1196ce";"7d7178150e2b91768f9ba95b86fb0aab84f02bf8";"314e65771523065a36f1e5781cc18977dbb0fbb2";"589";"589";"37fa4aaeeb8e9e773050d393cfe559e2313a834a5aea7bfd465c50969eb5a9e3"
"issue13-v5-diagnostic-module-bridge/1";"bridge-344b786f882bc73cab74a10c";"_anomalies.csv";"alternative_1";"wiodr13";"sea_sectors";"go_price.r.id";"after_price_normalization";"4";"mark_not_applicable";"";"NaN";"wiodr13_v1";"";"";"wiodr13/normalize_price_indices.R";"indicator.price_index.normalize";"indicator.price_index.normalize";"preserve";"run-20260827T170813086Z-18ad7cf860c263ac";"e38f0904e45c84b6b0850a1f3e600181e667ba165455646157762828b4d86e81";"68e3b78a0d2b782d35d8e971cab460205202a20231f1f493d3f6befd086c54e8";"82c61ee0a694c3076a180e36f08b171afba0c29abbc5f5153b0605284a1196ce";"e2f4d6dae9a6d35c966b305fabac52e489faa3e7";"7da19c4f2913e857040ba228280f404b0e54eaab";"run-20260824T044745410Z-11524d39f28a36e3";"84ef440d2e7b399f731e9b4f6a27addf87e1a6d5ac55bcc270a8462c71a018fc";"68e3b78a0d2b782d35d8e971cab460205202a20231f1f493d3f6befd086c54e8";"82c61ee0a694c3076a180e36f08b171afba0c29abbc5f5153b0605284a1196ce";"7d7178150e2b91768f9ba95b86fb0aab84f02bf8";"314e65771523065a36f1e5781cc18977dbb0fbb2";"240";"240";"344b786f882bc73cab74a10c6c6d79794e1500ae514f1cb766fbbc93aa19a883"
"issue13-v5-diagnostic-module-bridge/1";"bridge-6e4fc44f3e217af977b66b34";"_anomalies.csv";"alternative_1";"wiodr13";"sea_sectors";"labour_force_value.emp.m.mv";"after_stage_5";"5";"mark_not_applicable";"";"Inf";"wiodr13_v1";"";"";"common/labour_force_value.emp.m.mv.R";"indicator.labour_force_value.emp.m.mv";"indicator.labour_force_value.emp.m.mv";"replace";"run-20260827T170813086Z-18ad7cf860c263ac";"e38f0904e45c84b6b0850a1f3e600181e667ba165455646157762828b4d86e81";"68e3b78a0d2b782d35d8e971cab460205202a20231f1f493d3f6befd086c54e8";"82c61ee0a694c3076a180e36f08b171afba0c29abbc5f5153b0605284a1196ce";"e2f4d6dae9a6d35c966b305fabac52e489faa3e7";"7da19c4f2913e857040ba228280f404b0e54eaab";"run-20260824T044745410Z-11524d39f28a36e3";"84ef440d2e7b399f731e9b4f6a27addf87e1a6d5ac55bcc270a8462c71a018fc";"68e3b78a0d2b782d35d8e971cab460205202a20231f1f493d3f6befd086c54e8";"82c61ee0a694c3076a180e36f08b171afba0c29abbc5f5153b0605284a1196ce";"7d7178150e2b91768f9ba95b86fb0aab84f02bf8";"314e65771523065a36f1e5781cc18977dbb0fbb2";"2";"2";"6e4fc44f3e217af977b66b342c6bbbc9234b6327efee7db7ba5d4f30ebc52713"
"issue13-v5-diagnostic-module-bridge/1";"bridge-49160ea03634a1d145433f46";"_anomalies.csv";"alternative_1";"wiodr13";"sea_sectors";"labour_force_value.emp.m.mv";"after_stage_5";"5";"mark_not_applicable";"";"NaN";"wiodr13_v1";"";"";"common/labour_force_value.emp.m.mv.R";"indicator.labour_force_value.emp.m.mv";"indicator.labour_force_value.emp.m.mv";"replace";"run-20260827T170813086Z-18ad7cf860c263ac";"e38f0904e45c84b6b0850a1f3e600181e667ba165455646157762828b4d86e81";"68e3b78a0d2b782d35d8e971cab460205202a20231f1f493d3f6befd086c54e8";"82c61ee0a694c3076a180e36f08b171afba0c29abbc5f5153b0605284a1196ce";"e2f4d6dae9a6d35c966b305fabac52e489faa3e7";"7da19c4f2913e857040ba228280f404b0e54eaab";"run-20260824T044745410Z-11524d39f28a36e3";"84ef440d2e7b399f731e9b4f6a27addf87e1a6d5ac55bcc270a8462c71a018fc";"68e3b78a0d2b782d35d8e971cab460205202a20231f1f493d3f6befd086c54e8";"82c61ee0a694c3076a180e36f08b171afba0c29abbc5f5153b0605284a1196ce";"7d7178150e2b91768f9ba95b86fb0aab84f02bf8";"314e65771523065a36f1e5781cc18977dbb0fbb2";"264";"264";"49160ea03634a1d145433f46271076a6b65558d45f733818981f42b825bec497"
"issue13-v5-diagnostic-module-bridge/1";"bridge-30cbeb0f5031edbee51c3e7f";"_anomalies.csv";"alternative_1";"wiodr13";"sea_sectors";"labour_force_value.m.mv";"after_stage_5";"5";"mark_not_applicable";"";"Inf";"wiodr13_v1";"";"";"common/labour_force_value.m.mv.R";"indicator.labour_force_value.m.mv";"indicator.labour_force_value.m.mv";"replace";"run-20260827T170813086Z-18ad7cf860c263ac";"e38f0904e45c84b6b0850a1f3e600181e667ba165455646157762828b4d86e81";"68e3b78a0d2b782d35d8e971cab460205202a20231f1f493d3f6befd086c54e8";"82c61ee0a694c3076a180e36f08b171afba0c29abbc5f5153b0605284a1196ce";"e2f4d6dae9a6d35c966b305fabac52e489faa3e7";"7da19c4f2913e857040ba228280f404b0e54eaab";"run-20260824T044745410Z-11524d39f28a36e3";"84ef440d2e7b399f731e9b4f6a27addf87e1a6d5ac55bcc270a8462c71a018fc";"68e3b78a0d2b782d35d8e971cab460205202a20231f1f493d3f6befd086c54e8";"82c61ee0a694c3076a180e36f08b171afba0c29abbc5f5153b0605284a1196ce";"7d7178150e2b91768f9ba95b86fb0aab84f02bf8";"314e65771523065a36f1e5781cc18977dbb0fbb2";"4";"4";"30cbeb0f5031edbee51c3e7f762f6c1acfdcdb40582f273a168b2b7fbe83f0e3"
"issue13-v5-diagnostic-module-bridge/1";"bridge-6341a076f15dda8543db864f";"_anomalies.csv";"alternative_1";"wiodr13";"sea_sectors";"labour_force_value.m.mv";"after_stage_5";"5";"mark_not_applicable";"";"NaN";"wiodr13_v1";"";"";"common/labour_force_value.m.mv.R";"indicator.labour_force_value.m.mv";"indicator.labour_force_value.m.mv";"replace";"run-20260827T170813086Z-18ad7cf860c263ac";"e38f0904e45c84b6b0850a1f3e600181e667ba165455646157762828b4d86e81";"68e3b78a0d2b782d35d8e971cab460205202a20231f1f493d3f6befd086c54e8";"82c61ee0a694c3076a180e36f08b171afba0c29abbc5f5153b0605284a1196ce";"e2f4d6dae9a6d35c966b305fabac52e489faa3e7";"7da19c4f2913e857040ba228280f404b0e54eaab";"run-20260824T044745410Z-11524d39f28a36e3";"84ef440d2e7b399f731e9b4f6a27addf87e1a6d5ac55bcc270a8462c71a018fc";"68e3b78a0d2b782d35d8e971cab460205202a20231f1f493d3f6befd086c54e8";"82c61ee0a694c3076a180e36f08b171afba0c29abbc5f5153b0605284a1196ce";"7d7178150e2b91768f9ba95b86fb0aab84f02bf8";"314e65771523065a36f1e5781cc18977dbb0fbb2";"262";"262";"6341a076f15dda8543db864fd2bddd719796ba79800a795fa778c5b9d9d5e5b3"
"issue13-v5-diagnostic-module-bridge/1";"bridge-e84299dcee59cd891ad15b8a";"_anomalies.csv";"alternative_1";"wiodr13";"sea_sectors";"labour_requirements";"after_matrices";"3";"replace_both_zero_with_zero";"";"NaN";"wiodr13_v1";"";"";"transformation.R";"matrix.transformation";"matrix.transformation";"replace";"run-20260827T170813086Z-18ad7cf860c263ac";"e38f0904e45c84b6b0850a1f3e600181e667ba165455646157762828b4d86e81";"68e3b78a0d2b782d35d8e971cab460205202a20231f1f493d3f6befd086c54e8";"82c61ee0a694c3076a180e36f08b171afba0c29abbc5f5153b0605284a1196ce";"e2f4d6dae9a6d35c966b305fabac52e489faa3e7";"7da19c4f2913e857040ba228280f404b0e54eaab";"run-20260824T044745410Z-11524d39f28a36e3";"84ef440d2e7b399f731e9b4f6a27addf87e1a6d5ac55bcc270a8462c71a018fc";"68e3b78a0d2b782d35d8e971cab460205202a20231f1f493d3f6befd086c54e8";"82c61ee0a694c3076a180e36f08b171afba0c29abbc5f5153b0605284a1196ce";"7d7178150e2b91768f9ba95b86fb0aab84f02bf8";"314e65771523065a36f1e5781cc18977dbb0fbb2";"277";"277";"e84299dcee59cd891ad15b8afaa6a1089d76cad40dd966e3865cbe57e9879fba"
"issue13-v5-diagnostic-module-bridge/1";"bridge-fcac8ecba3b6bd3f4488d4fb";"_anomalies.csv";"alternative_1";"wiodr13";"sea_sectors";"surplus_value.emp.r.pc";"after_stage_5";"5";"mark_not_applicable";"";"Inf";"wiodr13_v1";"";"";"common/surplus_value.emp.r.pc.R";"indicator.surplus_value.emp.r.pc";"indicator.surplus_value.emp.r.pc";"replace";"run-20260827T170813086Z-18ad7cf860c263ac";"e38f0904e45c84b6b0850a1f3e600181e667ba165455646157762828b4d86e81";"68e3b78a0d2b782d35d8e971cab460205202a20231f1f493d3f6befd086c54e8";"82c61ee0a694c3076a180e36f08b171afba0c29abbc5f5153b0605284a1196ce";"e2f4d6dae9a6d35c966b305fabac52e489faa3e7";"7da19c4f2913e857040ba228280f404b0e54eaab";"run-20260824T044745410Z-11524d39f28a36e3";"84ef440d2e7b399f731e9b4f6a27addf87e1a6d5ac55bcc270a8462c71a018fc";"68e3b78a0d2b782d35d8e971cab460205202a20231f1f493d3f6befd086c54e8";"82c61ee0a694c3076a180e36f08b171afba0c29abbc5f5153b0605284a1196ce";"7d7178150e2b91768f9ba95b86fb0aab84f02bf8";"314e65771523065a36f1e5781cc18977dbb0fbb2";"23";"23";"fcac8ecba3b6bd3f4488d4fbc6306e2b57cf57a4865ded933827e7e1761359ab"
"issue13-v5-diagnostic-module-bridge/1";"bridge-8cefeea4e40aaf777880fc17";"_anomalies.csv";"alternative_1";"wiodr13";"sea_sectors";"surplus_value.emp.r.pc";"after_stage_5";"5";"mark_not_applicable";"";"NaN";"wiodr13_v1";"";"";"common/surplus_value.emp.r.pc.R";"indicator.surplus_value.emp.r.pc";"indicator.surplus_value.emp.r.pc";"replace";"run-20260827T170813086Z-18ad7cf860c263ac";"e38f0904e45c84b6b0850a1f3e600181e667ba165455646157762828b4d86e81";"68e3b78a0d2b782d35d8e971cab460205202a20231f1f493d3f6befd086c54e8";"82c61ee0a694c3076a180e36f08b171afba0c29abbc5f5153b0605284a1196ce";"e2f4d6dae9a6d35c966b305fabac52e489faa3e7";"7da19c4f2913e857040ba228280f404b0e54eaab";"run-20260824T044745410Z-11524d39f28a36e3";"84ef440d2e7b399f731e9b4f6a27addf87e1a6d5ac55bcc270a8462c71a018fc";"68e3b78a0d2b782d35d8e971cab460205202a20231f1f493d3f6befd086c54e8";"82c61ee0a694c3076a180e36f08b171afba0c29abbc5f5153b0605284a1196ce";"7d7178150e2b91768f9ba95b86fb0aab84f02bf8";"314e65771523065a36f1e5781cc18977dbb0fbb2";"264";"264";"8cefeea4e40aaf777880fc17c91bed1358ae3d8ff281bbb5ab35a57172829d7b"
"issue13-v5-diagnostic-module-bridge/1";"bridge-e26dae2220252ccb6affde83";"_anomalies.csv";"alternative_1";"wiodr13";"sea_sectors";"surplus_value.empe.r.pc";"after_stage_5";"5";"mark_not_applicable";"";"Inf";"wiodr13_v1";"";"";"common/surplus_value.empe.r.pc.R";"indicator.surplus_value.empe.r.pc";"indicator.surplus_value.empe.r.pc";"replace";"run-20260827T170813086Z-18ad7cf860c263ac";"e38f0904e45c84b6b0850a1f3e600181e667ba165455646157762828b4d86e81";"68e3b78a0d2b782d35d8e971cab460205202a20231f1f493d3f6befd086c54e8";"82c61ee0a694c3076a180e36f08b171afba0c29abbc5f5153b0605284a1196ce";"e2f4d6dae9a6d35c966b305fabac52e489faa3e7";"7da19c4f2913e857040ba228280f404b0e54eaab";"run-20260824T044745410Z-11524d39f28a36e3";"84ef440d2e7b399f731e9b4f6a27addf87e1a6d5ac55bcc270a8462c71a018fc";"68e3b78a0d2b782d35d8e971cab460205202a20231f1f493d3f6befd086c54e8";"82c61ee0a694c3076a180e36f08b171afba0c29abbc5f5153b0605284a1196ce";"7d7178150e2b91768f9ba95b86fb0aab84f02bf8";"314e65771523065a36f1e5781cc18977dbb0fbb2";"31";"31";"e26dae2220252ccb6affde838520ffec6b81887e213c3df90e2531e1849a86d7"
"issue13-v5-diagnostic-module-bridge/1";"bridge-a52354fba6fb35424f1cf41e";"_anomalies.csv";"alternative_1";"wiodr13";"sea_sectors";"surplus_value.empe.r.pc";"after_stage_5";"5";"mark_not_applicable";"";"NaN";"wiodr13_v1";"";"";"common/surplus_value.empe.r.pc.R";"indicator.surplus_value.empe.r.pc";"indicator.surplus_value.empe.r.pc";"replace";"run-20260827T170813086Z-18ad7cf860c263ac";"e38f0904e45c84b6b0850a1f3e600181e667ba165455646157762828b4d86e81";"68e3b78a0d2b782d35d8e971cab460205202a20231f1f493d3f6befd086c54e8";"82c61ee0a694c3076a180e36f08b171afba0c29abbc5f5153b0605284a1196ce";"e2f4d6dae9a6d35c966b305fabac52e489faa3e7";"7da19c4f2913e857040ba228280f404b0e54eaab";"run-20260824T044745410Z-11524d39f28a36e3";"84ef440d2e7b399f731e9b4f6a27addf87e1a6d5ac55bcc270a8462c71a018fc";"68e3b78a0d2b782d35d8e971cab460205202a20231f1f493d3f6befd086c54e8";"82c61ee0a694c3076a180e36f08b171afba0c29abbc5f5153b0605284a1196ce";"7d7178150e2b91768f9ba95b86fb0aab84f02bf8";"314e65771523065a36f1e5781cc18977dbb0fbb2";"262";"262";"a52354fba6fb35424f1cf41e456220cb1faf27d3b0686839a829bae7ddb7ddef"
"issue13-v5-diagnostic-module-bridge/1";"bridge-aa622fe4ed102d7d7918d6e1";"_anomalies.csv";"alternative_1";"wiodr13";"sea_sectors";"surplus_value.empe_hs.r.pc";"after_stage_5";"5";"mark_not_applicable";"";"Inf";"wiodr13_v1";"";"";"wiodr13/surplus_value.empe_hs.r.pc.R";"indicator.surplus_value.empe_hs.r.pc";"indicator.surplus_value.empe_hs.r.pc";"replace";"run-20260827T170813086Z-18ad7cf860c263ac";"e38f0904e45c84b6b0850a1f3e600181e667ba165455646157762828b4d86e81";"68e3b78a0d2b782d35d8e971cab460205202a20231f1f493d3f6befd086c54e8";"82c61ee0a694c3076a180e36f08b171afba0c29abbc5f5153b0605284a1196ce";"e2f4d6dae9a6d35c966b305fabac52e489faa3e7";"7da19c4f2913e857040ba228280f404b0e54eaab";"run-20260824T044745410Z-11524d39f28a36e3";"84ef440d2e7b399f731e9b4f6a27addf87e1a6d5ac55bcc270a8462c71a018fc";"68e3b78a0d2b782d35d8e971cab460205202a20231f1f493d3f6befd086c54e8";"82c61ee0a694c3076a180e36f08b171afba0c29abbc5f5153b0605284a1196ce";"7d7178150e2b91768f9ba95b86fb0aab84f02bf8";"314e65771523065a36f1e5781cc18977dbb0fbb2";"31";"31";"aa622fe4ed102d7d7918d6e1623b742bf9e4babe84bfa9c9cf7d20fd9857f6be"
"issue13-v5-diagnostic-module-bridge/1";"bridge-e41ed94a5dc6e3ed2407d19f";"_anomalies.csv";"alternative_1";"wiodr13";"sea_sectors";"surplus_value.empe_hs.r.pc";"after_stage_5";"5";"mark_not_applicable";"";"NaN";"wiodr13_v1";"";"";"wiodr13/surplus_value.empe_hs.r.pc.R";"indicator.surplus_value.empe_hs.r.pc";"indicator.surplus_value.empe_hs.r.pc";"replace";"run-20260827T170813086Z-18ad7cf860c263ac";"e38f0904e45c84b6b0850a1f3e600181e667ba165455646157762828b4d86e81";"68e3b78a0d2b782d35d8e971cab460205202a20231f1f493d3f6befd086c54e8";"82c61ee0a694c3076a180e36f08b171afba0c29abbc5f5153b0605284a1196ce";"e2f4d6dae9a6d35c966b305fabac52e489faa3e7";"7da19c4f2913e857040ba228280f404b0e54eaab";"run-20260824T044745410Z-11524d39f28a36e3";"84ef440d2e7b399f731e9b4f6a27addf87e1a6d5ac55bcc270a8462c71a018fc";"68e3b78a0d2b782d35d8e971cab460205202a20231f1f493d3f6befd086c54e8";"82c61ee0a694c3076a180e36f08b171afba0c29abbc5f5153b0605284a1196ce";"7d7178150e2b91768f9ba95b86fb0aab84f02bf8";"314e65771523065a36f1e5781cc18977dbb0fbb2";"277";"277";"e41ed94a5dc6e3ed2407d19fb91a44b980dfe7f8bd51312271b30a4984e58042"
"issue13-v5-diagnostic-module-bridge/1";"bridge-1b9b8a1331e99bc3c84a3e9c";"_anomalies.csv";"alternative_1";"wiodr13";"sea_sectors";"surplus_value.empe_ls.r.pc";"after_stage_5";"5";"mark_not_applicable";"";"Inf";"wiodr13_v1";"";"";"wiodr13/surplus_value.empe_ls.r.pc.R";"indicator.surplus_value.empe_ls.r.pc";"indicator.surplus_value.empe_ls.r.pc";"replace";"run-20260827T170813086Z-18ad7cf860c263ac";"e38f0904e45c84b6b0850a1f3e600181e667ba165455646157762828b4d86e81";"68e3b78a0d2b782d35d8e971cab460205202a20231f1f493d3f6befd086c54e8";"82c61ee0a694c3076a180e36f08b171afba0c29abbc5f5153b0605284a1196ce";"e2f4d6dae9a6d35c966b305fabac52e489faa3e7";"7da19c4f2913e857040ba228280f404b0e54eaab";"run-20260824T044745410Z-11524d39f28a36e3";"84ef440d2e7b399f731e9b4f6a27addf87e1a6d5ac55bcc270a8462c71a018fc";"68e3b78a0d2b782d35d8e971cab460205202a20231f1f493d3f6befd086c54e8";"82c61ee0a694c3076a180e36f08b171afba0c29abbc5f5153b0605284a1196ce";"7d7178150e2b91768f9ba95b86fb0aab84f02bf8";"314e65771523065a36f1e5781cc18977dbb0fbb2";"31";"31";"1b9b8a1331e99bc3c84a3e9c2347b67f2cab60d9e7ea3c24c45eb657b109d638"
"issue13-v5-diagnostic-module-bridge/1";"bridge-4b9cb9efbb3cde5524ecfe7e";"_anomalies.csv";"alternative_1";"wiodr13";"sea_sectors";"surplus_value.empe_ls.r.pc";"after_stage_5";"5";"mark_not_applicable";"";"NaN";"wiodr13_v1";"";"";"wiodr13/surplus_value.empe_ls.r.pc.R";"indicator.surplus_value.empe_ls.r.pc";"indicator.surplus_value.empe_ls.r.pc";"replace";"run-20260827T170813086Z-18ad7cf860c263ac";"e38f0904e45c84b6b0850a1f3e600181e667ba165455646157762828b4d86e81";"68e3b78a0d2b782d35d8e971cab460205202a20231f1f493d3f6befd086c54e8";"82c61ee0a694c3076a180e36f08b171afba0c29abbc5f5153b0605284a1196ce";"e2f4d6dae9a6d35c966b305fabac52e489faa3e7";"7da19c4f2913e857040ba228280f404b0e54eaab";"run-20260824T044745410Z-11524d39f28a36e3";"84ef440d2e7b399f731e9b4f6a27addf87e1a6d5ac55bcc270a8462c71a018fc";"68e3b78a0d2b782d35d8e971cab460205202a20231f1f493d3f6befd086c54e8";"82c61ee0a694c3076a180e36f08b171afba0c29abbc5f5153b0605284a1196ce";"7d7178150e2b91768f9ba95b86fb0aab84f02bf8";"314e65771523065a36f1e5781cc18977dbb0fbb2";"262";"262";"4b9cb9efbb3cde5524ecfe7e09a93845ea937522fd38bdc357eac63198d354ae"
"issue13-v5-diagnostic-module-bridge/1";"bridge-7dc71951f28c7b95ba6f2e4c";"_anomalies.csv";"alternative_1";"wiodr13";"sea_sectors";"surplus_value.empe_ms.r.pc";"after_stage_5";"5";"mark_not_applicable";"";"Inf";"wiodr13_v1";"";"";"wiodr13/surplus_value.empe_ms.r.pc.R";"indicator.surplus_value.empe_ms.r.pc";"indicator.surplus_value.empe_ms.r.pc";"replace";"run-20260827T170813086Z-18ad7cf860c263ac";"e38f0904e45c84b6b0850a1f3e600181e667ba165455646157762828b4d86e81";"68e3b78a0d2b782d35d8e971cab460205202a20231f1f493d3f6befd086c54e8";"82c61ee0a694c3076a180e36f08b171afba0c29abbc5f5153b0605284a1196ce";"e2f4d6dae9a6d35c966b305fabac52e489faa3e7";"7da19c4f2913e857040ba228280f404b0e54eaab";"run-20260824T044745410Z-11524d39f28a36e3";"84ef440d2e7b399f731e9b4f6a27addf87e1a6d5ac55bcc270a8462c71a018fc";"68e3b78a0d2b782d35d8e971cab460205202a20231f1f493d3f6befd086c54e8";"82c61ee0a694c3076a180e36f08b171afba0c29abbc5f5153b0605284a1196ce";"7d7178150e2b91768f9ba95b86fb0aab84f02bf8";"314e65771523065a36f1e5781cc18977dbb0fbb2";"31";"31";"7dc71951f28c7b95ba6f2e4cb0b8eaf787df2e525c6d59f8f32becda18b24e6a"
"issue13-v5-diagnostic-module-bridge/1";"bridge-de8b513a187c36623c4d597f";"_anomalies.csv";"alternative_1";"wiodr13";"sea_sectors";"surplus_value.empe_ms.r.pc";"after_stage_5";"5";"mark_not_applicable";"";"NaN";"wiodr13_v1";"";"";"wiodr13/surplus_value.empe_ms.r.pc.R";"indicator.surplus_value.empe_ms.r.pc";"indicator.surplus_value.empe_ms.r.pc";"replace";"run-20260827T170813086Z-18ad7cf860c263ac";"e38f0904e45c84b6b0850a1f3e600181e667ba165455646157762828b4d86e81";"68e3b78a0d2b782d35d8e971cab460205202a20231f1f493d3f6befd086c54e8";"82c61ee0a694c3076a180e36f08b171afba0c29abbc5f5153b0605284a1196ce";"e2f4d6dae9a6d35c966b305fabac52e489faa3e7";"7da19c4f2913e857040ba228280f404b0e54eaab";"run-20260824T044745410Z-11524d39f28a36e3";"84ef440d2e7b399f731e9b4f6a27addf87e1a6d5ac55bcc270a8462c71a018fc";"68e3b78a0d2b782d35d8e971cab460205202a20231f1f493d3f6befd086c54e8";"82c61ee0a694c3076a180e36f08b171afba0c29abbc5f5153b0605284a1196ce";"7d7178150e2b91768f9ba95b86fb0aab84f02bf8";"314e65771523065a36f1e5781cc18977dbb0fbb2";"262";"262";"de8b513a187c36623c4d597f7c9c70aadfbf6cfb1a0bdd3dc2705b92748887f7"
"issue13-v5-diagnostic-module-bridge/1";"bridge-f7fc3bceb56c010a09744d40";"_anomalies.csv";"alternative_1";"wiodr13";"sea_sectors";"trade_transfers.p.m.pc";"after_stage_5";"5";"mark_not_applicable";"";"-Inf";"wiodr13_v1";"";"";"common/trade_transfers.p.m.pc.R";"indicator.trade_transfers.p.m.pc";"indicator.trade_transfers.p.m.pc";"replace";"run-20260827T170813086Z-18ad7cf860c263ac";"e38f0904e45c84b6b0850a1f3e600181e667ba165455646157762828b4d86e81";"68e3b78a0d2b782d35d8e971cab460205202a20231f1f493d3f6befd086c54e8";"82c61ee0a694c3076a180e36f08b171afba0c29abbc5f5153b0605284a1196ce";"e2f4d6dae9a6d35c966b305fabac52e489faa3e7";"7da19c4f2913e857040ba228280f404b0e54eaab";"run-20260824T044745410Z-11524d39f28a36e3";"84ef440d2e7b399f731e9b4f6a27addf87e1a6d5ac55bcc270a8462c71a018fc";"68e3b78a0d2b782d35d8e971cab460205202a20231f1f493d3f6befd086c54e8";"82c61ee0a694c3076a180e36f08b171afba0c29abbc5f5153b0605284a1196ce";"7d7178150e2b91768f9ba95b86fb0aab84f02bf8";"314e65771523065a36f1e5781cc18977dbb0fbb2";"38";"38";"f7fc3bceb56c010a09744d40235a33d9a3958a145412b064433492374cd262fc"
"issue13-v5-diagnostic-module-bridge/1";"bridge-3393d77b2384acf7a295e3b4";"_anomalies.csv";"alternative_1";"wiodr13";"sea_sectors";"trade_transfers.p.m.pc";"after_stage_5";"5";"mark_not_applicable";"";"Inf";"wiodr13_v1";"";"";"common/trade_transfers.p.m.pc.R";"indicator.trade_transfers.p.m.pc";"indicator.trade_transfers.p.m.pc";"replace";"run-20260827T170813086Z-18ad7cf860c263ac";"e38f0904e45c84b6b0850a1f3e600181e667ba165455646157762828b4d86e81";"68e3b78a0d2b782d35d8e971cab460205202a20231f1f493d3f6befd086c54e8";"82c61ee0a694c3076a180e36f08b171afba0c29abbc5f5153b0605284a1196ce";"e2f4d6dae9a6d35c966b305fabac52e489faa3e7";"7da19c4f2913e857040ba228280f404b0e54eaab";"run-20260824T044745410Z-11524d39f28a36e3";"84ef440d2e7b399f731e9b4f6a27addf87e1a6d5ac55bcc270a8462c71a018fc";"68e3b78a0d2b782d35d8e971cab460205202a20231f1f493d3f6befd086c54e8";"82c61ee0a694c3076a180e36f08b171afba0c29abbc5f5153b0605284a1196ce";"7d7178150e2b91768f9ba95b86fb0aab84f02bf8";"314e65771523065a36f1e5781cc18977dbb0fbb2";"1";"1";"3393d77b2384acf7a295e3b402dcb0dc946836606f8e898d034eee311be55163"
"issue13-v5-diagnostic-module-bridge/1";"bridge-ee2c30919373ba30070779d2";"_anomalies.csv";"alternative_1";"wiodr13";"sea_sectors";"trade_transfers.p.m.pc";"after_stage_5";"5";"mark_not_applicable";"";"NaN";"wiodr13_v1";"";"";"common/trade_transfers.p.m.pc.R";"indicator.trade_transfers.p.m.pc";"indicator.trade_transfers.p.m.pc";"replace";"run-20260827T170813086Z-18ad7cf860c263ac";"e38f0904e45c84b6b0850a1f3e600181e667ba165455646157762828b4d86e81";"68e3b78a0d2b782d35d8e971cab460205202a20231f1f493d3f6befd086c54e8";"82c61ee0a694c3076a180e36f08b171afba0c29abbc5f5153b0605284a1196ce";"e2f4d6dae9a6d35c966b305fabac52e489faa3e7";"7da19c4f2913e857040ba228280f404b0e54eaab";"run-20260824T044745410Z-11524d39f28a36e3";"84ef440d2e7b399f731e9b4f6a27addf87e1a6d5ac55bcc270a8462c71a018fc";"68e3b78a0d2b782d35d8e971cab460205202a20231f1f493d3f6befd086c54e8";"82c61ee0a694c3076a180e36f08b171afba0c29abbc5f5153b0605284a1196ce";"7d7178150e2b91768f9ba95b86fb0aab84f02bf8";"314e65771523065a36f1e5781cc18977dbb0fbb2";"7380";"7380";"ee2c30919373ba30070779d2af832a3959089e7076e202e74bcc2ec2f3988b08"
"issue13-v5-diagnostic-module-bridge/1";"bridge-fda5dbcc6fec510e0be5bcec";"_anomalies.csv";"alternative_2";"wiodr13";"sea_countries";"appropriated_profit.r.pc";"after_country_module";"5";"mark_not_applicable";"";"Inf";"wiodr13_v1";"";"";"common/appropriated_profit.r.pc-country.R";"indicator.appropriated_profit.r.pc";"indicator.appropriated_profit.r.pc";"replace";"run-20260827T171625376Z-300587ba87d45c63";"4a0d9213dee37a78f2ad87d78a9e4bf184daad6e2312d8ae498ebdca49f77b8a";"1c0dd5426b43c096c8b2417a78f89f0040975e54967f0a8b95f05b6e8066fc99";"82c61ee0a694c3076a180e36f08b171afba0c29abbc5f5153b0605284a1196ce";"e2f4d6dae9a6d35c966b305fabac52e489faa3e7";"7da19c4f2913e857040ba228280f404b0e54eaab";"run-20260824T043858922Z-c4f956458c3263bd";"079a64ba35da38fdbe8b2fe11c62f606a1c99c37bdb672a8e46f16a74ad38b21";"1c0dd5426b43c096c8b2417a78f89f0040975e54967f0a8b95f05b6e8066fc99";"82c61ee0a694c3076a180e36f08b171afba0c29abbc5f5153b0605284a1196ce";"7d7178150e2b91768f9ba95b86fb0aab84f02bf8";"314e65771523065a36f1e5781cc18977dbb0fbb2";"30";"30";"fda5dbcc6fec510e0be5bcec47c29bb67c10e5b4afb72e0e170cae1296edb2e4"
"issue13-v5-diagnostic-module-bridge/1";"bridge-7deadcbcfafdbc92fd12b0d6";"_anomalies.csv";"alternative_2";"wiodr13";"sea_countries";"compensation.emp.s.cu";"after_country_aggregation";"5";"preserve_all_missing";"";"NA";"wiodr13_v1";"";"";"sea_countries.R";"aggregation.direct";"aggregation.direct";"replace";"run-20260827T171625376Z-300587ba87d45c63";"4a0d9213dee37a78f2ad87d78a9e4bf184daad6e2312d8ae498ebdca49f77b8a";"1c0dd5426b43c096c8b2417a78f89f0040975e54967f0a8b95f05b6e8066fc99";"82c61ee0a694c3076a180e36f08b171afba0c29abbc5f5153b0605284a1196ce";"e2f4d6dae9a6d35c966b305fabac52e489faa3e7";"7da19c4f2913e857040ba228280f404b0e54eaab";"run-20260824T043858922Z-c4f956458c3263bd";"079a64ba35da38fdbe8b2fe11c62f606a1c99c37bdb672a8e46f16a74ad38b21";"1c0dd5426b43c096c8b2417a78f89f0040975e54967f0a8b95f05b6e8066fc99";"82c61ee0a694c3076a180e36f08b171afba0c29abbc5f5153b0605284a1196ce";"7d7178150e2b91768f9ba95b86fb0aab84f02bf8";"314e65771523065a36f1e5781cc18977dbb0fbb2";"525";"525";"7deadcbcfafdbc92fd12b0d688cce9f6a36ad159a8a29b84f57c76513180dacc"
"issue13-v5-diagnostic-module-bridge/1";"bridge-9ec6f8f7f76a7092bbf4460b";"_anomalies.csv";"alternative_2";"wiodr13";"sea_countries";"compensation.emp.s.cu";"after_world_aggregation";"5";"aggregate_available";"";"NA";"wiodr13_v1";"";"";"sea_countries.R";"aggregation.direct";"aggregation.direct";"replace";"run-20260827T171625376Z-300587ba87d45c63";"4a0d9213dee37a78f2ad87d78a9e4bf184daad6e2312d8ae498ebdca49f77b8a";"1c0dd5426b43c096c8b2417a78f89f0040975e54967f0a8b95f05b6e8066fc99";"82c61ee0a694c3076a180e36f08b171afba0c29abbc5f5153b0605284a1196ce";"e2f4d6dae9a6d35c966b305fabac52e489faa3e7";"7da19c4f2913e857040ba228280f404b0e54eaab";"run-20260824T043858922Z-c4f956458c3263bd";"079a64ba35da38fdbe8b2fe11c62f606a1c99c37bdb672a8e46f16a74ad38b21";"1c0dd5426b43c096c8b2417a78f89f0040975e54967f0a8b95f05b6e8066fc99";"82c61ee0a694c3076a180e36f08b171afba0c29abbc5f5153b0605284a1196ce";"7d7178150e2b91768f9ba95b86fb0aab84f02bf8";"314e65771523065a36f1e5781cc18977dbb0fbb2";"15";"15";"9ec6f8f7f76a7092bbf4460b22f68cc839c0c1ff9400a4bb34b7222360d9f303"
"issue13-v5-diagnostic-module-bridge/1";"bridge-98638a56cb1e9c63dba8e410";"_anomalies.csv";"alternative_2";"wiodr13";"sea_countries";"compensation.empe.s.cu";"after_country_aggregation";"5";"preserve_all_missing";"";"NA";"wiodr13_v1";"";"";"sea_countries.R";"aggregation.direct";"aggregation.direct";"replace";"run-20260827T171625376Z-300587ba87d45c63";"4a0d9213dee37a78f2ad87d78a9e4bf184daad6e2312d8ae498ebdca49f77b8a";"1c0dd5426b43c096c8b2417a78f89f0040975e54967f0a8b95f05b6e8066fc99";"82c61ee0a694c3076a180e36f08b171afba0c29abbc5f5153b0605284a1196ce";"e2f4d6dae9a6d35c966b305fabac52e489faa3e7";"7da19c4f2913e857040ba228280f404b0e54eaab";"run-20260824T043858922Z-c4f956458c3263bd";"079a64ba35da38fdbe8b2fe11c62f606a1c99c37bdb672a8e46f16a74ad38b21";"1c0dd5426b43c096c8b2417a78f89f0040975e54967f0a8b95f05b6e8066fc99";"82c61ee0a694c3076a180e36f08b171afba0c29abbc5f5153b0605284a1196ce";"7d7178150e2b91768f9ba95b86fb0aab84f02bf8";"314e65771523065a36f1e5781cc18977dbb0fbb2";"525";"525";"98638a56cb1e9c63dba8e410f8d9a65b6170a48cf4b0425845a73993fb59c3c7"
"issue13-v5-diagnostic-module-bridge/1";"bridge-c242ec4d736b37dd5f21e7b2";"_anomalies.csv";"alternative_2";"wiodr13";"sea_countries";"compensation.empe.s.cu";"after_world_aggregation";"5";"aggregate_available";"";"NA";"wiodr13_v1";"";"";"sea_countries.R";"aggregation.direct";"aggregation.direct";"replace";"run-20260827T171625376Z-300587ba87d45c63";"4a0d9213dee37a78f2ad87d78a9e4bf184daad6e2312d8ae498ebdca49f77b8a";"1c0dd5426b43c096c8b2417a78f89f0040975e54967f0a8b95f05b6e8066fc99";"82c61ee0a694c3076a180e36f08b171afba0c29abbc5f5153b0605284a1196ce";"e2f4d6dae9a6d35c966b305fabac52e489faa3e7";"7da19c4f2913e857040ba228280f404b0e54eaab";"run-20260824T043858922Z-c4f956458c3263bd";"079a64ba35da38fdbe8b2fe11c62f606a1c99c37bdb672a8e46f16a74ad38b21";"1c0dd5426b43c096c8b2417a78f89f0040975e54967f0a8b95f05b6e8066fc99";"82c61ee0a694c3076a180e36f08b171afba0c29abbc5f5153b0605284a1196ce";"7d7178150e2b91768f9ba95b86fb0aab84f02bf8";"314e65771523065a36f1e5781cc18977dbb0fbb2";"15";"15";"c242ec4d736b37dd5f21e7b2760769d8d57d0c3fad2e8c5983fa2870988e8615"
"issue13-v5-diagnostic-module-bridge/1";"bridge-825e6c08d3740ce6a1f1327b";"_anomalies.csv";"alternative_2";"wiodr13";"sea_countries";"exchange.r.us";"after_country_aggregation";"5";"preserve_all_missing";"";"NA";"wiodr13_v1";"";"";"sea_countries.R";"aggregation.direct";"aggregation.direct";"replace";"run-20260827T171625376Z-300587ba87d45c63";"4a0d9213dee37a78f2ad87d78a9e4bf184daad6e2312d8ae498ebdca49f77b8a";"1c0dd5426b43c096c8b2417a78f89f0040975e54967f0a8b95f05b6e8066fc99";"82c61ee0a694c3076a180e36f08b171afba0c29abbc5f5153b0605284a1196ce";"e2f4d6dae9a6d35c966b305fabac52e489faa3e7";"7da19c4f2913e857040ba228280f404b0e54eaab";"run-20260824T043858922Z-c4f956458c3263bd";"079a64ba35da38fdbe8b2fe11c62f606a1c99c37bdb672a8e46f16a74ad38b21";"1c0dd5426b43c096c8b2417a78f89f0040975e54967f0a8b95f05b6e8066fc99";"82c61ee0a694c3076a180e36f08b171afba0c29abbc5f5153b0605284a1196ce";"7d7178150e2b91768f9ba95b86fb0aab84f02bf8";"314e65771523065a36f1e5781cc18977dbb0fbb2";"525";"525";"825e6c08d3740ce6a1f1327b9e01e2d8bf4f6289cc10277446e389376c5bca3d"
"issue13-v5-diagnostic-module-bridge/1";"bridge-4344af99a392c9acad32af27";"_anomalies.csv";"alternative_2";"wiodr13";"sea_countries";"exchange.r.us";"after_world_aggregation";"5";"aggregate_available";"";"NA";"wiodr13_v1";"";"";"sea_countries.R";"aggregation.direct";"aggregation.direct";"replace";"run-20260827T171625376Z-300587ba87d45c63";"4a0d9213dee37a78f2ad87d78a9e4bf184daad6e2312d8ae498ebdca49f77b8a";"1c0dd5426b43c096c8b2417a78f89f0040975e54967f0a8b95f05b6e8066fc99";"82c61ee0a694c3076a180e36f08b171afba0c29abbc5f5153b0605284a1196ce";"e2f4d6dae9a6d35c966b305fabac52e489faa3e7";"7da19c4f2913e857040ba228280f404b0e54eaab";"run-20260824T043858922Z-c4f956458c3263bd";"079a64ba35da38fdbe8b2fe11c62f606a1c99c37bdb672a8e46f16a74ad38b21";"1c0dd5426b43c096c8b2417a78f89f0040975e54967f0a8b95f05b6e8066fc99";"82c61ee0a694c3076a180e36f08b171afba0c29abbc5f5153b0605284a1196ce";"7d7178150e2b91768f9ba95b86fb0aab84f02bf8";"314e65771523065a36f1e5781cc18977dbb0fbb2";"15";"15";"4344af99a392c9acad32af279776c4d4e23b507bd99ed496a20c8e28a5a77f9a"
"issue13-v5-diagnostic-module-bridge/1";"bridge-ce59e5c2ca7aa4208f8e3677";"_anomalies.csv";"alternative_2";"wiodr13";"sea_countries";"go_price.r.id";"after_country_aggregation";"5";"aggregate_available";"";"NA";"wiodr13_v1";"";"";"sea_countries.R";"aggregation.direct";"aggregation.direct";"replace";"run-20260827T171625376Z-300587ba87d45c63";"4a0d9213dee37a78f2ad87d78a9e4bf184daad6e2312d8ae498ebdca49f77b8a";"1c0dd5426b43c096c8b2417a78f89f0040975e54967f0a8b95f05b6e8066fc99";"82c61ee0a694c3076a180e36f08b171afba0c29abbc5f5153b0605284a1196ce";"e2f4d6dae9a6d35c966b305fabac52e489faa3e7";"7da19c4f2913e857040ba228280f404b0e54eaab";"run-20260824T043858922Z-c4f956458c3263bd";"079a64ba35da38fdbe8b2fe11c62f606a1c99c37bdb672a8e46f16a74ad38b21";"1c0dd5426b43c096c8b2417a78f89f0040975e54967f0a8b95f05b6e8066fc99";"82c61ee0a694c3076a180e36f08b171afba0c29abbc5f5153b0605284a1196ce";"7d7178150e2b91768f9ba95b86fb0aab84f02bf8";"314e65771523065a36f1e5781cc18977dbb0fbb2";"240";"240";"ce59e5c2ca7aa4208f8e3677f3317d332b3616d2d1e12d1f9c826ecba9d87847"
"issue13-v5-diagnostic-module-bridge/1";"bridge-4b0a46cbd83fcc08042b667f";"_anomalies.csv";"alternative_2";"wiodr13";"sea_countries";"profit.s.us";"after_country_aggregation";"5";"preserve_all_missing";"";"NA";"wiodr13_v1";"";"";"sea_countries.R";"aggregation.direct";"aggregation.direct";"replace";"run-20260827T171625376Z-300587ba87d45c63";"4a0d9213dee37a78f2ad87d78a9e4bf184daad6e2312d8ae498ebdca49f77b8a";"1c0dd5426b43c096c8b2417a78f89f0040975e54967f0a8b95f05b6e8066fc99";"82c61ee0a694c3076a180e36f08b171afba0c29abbc5f5153b0605284a1196ce";"e2f4d6dae9a6d35c966b305fabac52e489faa3e7";"7da19c4f2913e857040ba228280f404b0e54eaab";"run-20260824T043858922Z-c4f956458c3263bd";"079a64ba35da38fdbe8b2fe11c62f606a1c99c37bdb672a8e46f16a74ad38b21";"1c0dd5426b43c096c8b2417a78f89f0040975e54967f0a8b95f05b6e8066fc99";"82c61ee0a694c3076a180e36f08b171afba0c29abbc5f5153b0605284a1196ce";"7d7178150e2b91768f9ba95b86fb0aab84f02bf8";"314e65771523065a36f1e5781cc18977dbb0fbb2";"525";"525";"4b0a46cbd83fcc08042b667f67d74ee12a82ba5509b0642a6db594316feefad4"
"issue13-v5-diagnostic-module-bridge/1";"bridge-6a579824e5c035c9a8085301";"_anomalies.csv";"alternative_2";"wiodr13";"sea_countries";"profit.s.us";"after_world_aggregation";"5";"aggregate_available";"";"NA";"wiodr13_v1";"";"";"sea_countries.R";"aggregation.direct";"aggregation.direct";"replace";"run-20260827T171625376Z-300587ba87d45c63";"4a0d9213dee37a78f2ad87d78a9e4bf184daad6e2312d8ae498ebdca49f77b8a";"1c0dd5426b43c096c8b2417a78f89f0040975e54967f0a8b95f05b6e8066fc99";"82c61ee0a694c3076a180e36f08b171afba0c29abbc5f5153b0605284a1196ce";"e2f4d6dae9a6d35c966b305fabac52e489faa3e7";"7da19c4f2913e857040ba228280f404b0e54eaab";"run-20260824T043858922Z-c4f956458c3263bd";"079a64ba35da38fdbe8b2fe11c62f606a1c99c37bdb672a8e46f16a74ad38b21";"1c0dd5426b43c096c8b2417a78f89f0040975e54967f0a8b95f05b6e8066fc99";"82c61ee0a694c3076a180e36f08b171afba0c29abbc5f5153b0605284a1196ce";"7d7178150e2b91768f9ba95b86fb0aab84f02bf8";"314e65771523065a36f1e5781cc18977dbb0fbb2";"15";"15";"6a579824e5c035c9a8085301ab7bce99747bafaf64499cb0f382628dd15def06"
"issue13-v5-diagnostic-module-bridge/1";"bridge-b92718dce01fc8c01b604623";"_anomalies.csv";"alternative_2";"wiodr13";"sea_sectors";"abstract_labour.emp.m.mv";"after_stage_5";"5";"mark_not_applicable";"";"Inf";"wiodr13_v1";"";"";"common/abstract_labour.emp.m.mv.R";"indicator.abstract_labour.emp.m.mv";"indicator.abstract_labour.emp.m.mv";"replace";"run-20260827T171625376Z-300587ba87d45c63";"4a0d9213dee37a78f2ad87d78a9e4bf184daad6e2312d8ae498ebdca49f77b8a";"1c0dd5426b43c096c8b2417a78f89f0040975e54967f0a8b95f05b6e8066fc99";"82c61ee0a694c3076a180e36f08b171afba0c29abbc5f5153b0605284a1196ce";"e2f4d6dae9a6d35c966b305fabac52e489faa3e7";"7da19c4f2913e857040ba228280f404b0e54eaab";"run-20260824T043858922Z-c4f956458c3263bd";"079a64ba35da38fdbe8b2fe11c62f606a1c99c37bdb672a8e46f16a74ad38b21";"1c0dd5426b43c096c8b2417a78f89f0040975e54967f0a8b95f05b6e8066fc99";"82c61ee0a694c3076a180e36f08b171afba0c29abbc5f5153b0605284a1196ce";"7d7178150e2b91768f9ba95b86fb0aab84f02bf8";"314e65771523065a36f1e5781cc18977dbb0fbb2";"2";"2";"b92718dce01fc8c01b604623bcd1be2f85bb0bd2b541df85434aa6c9fb79f02a"
"issue13-v5-diagnostic-module-bridge/1";"bridge-500494286834049326625a38";"_anomalies.csv";"alternative_2";"wiodr13";"sea_sectors";"abstract_labour.emp.m.mv";"after_stage_5";"5";"mark_not_applicable";"";"NaN";"wiodr13_v1";"";"";"common/abstract_labour.emp.m.mv.R";"indicator.abstract_labour.emp.m.mv";"indicator.abstract_labour.emp.m.mv";"replace";"run-20260827T171625376Z-300587ba87d45c63";"4a0d9213dee37a78f2ad87d78a9e4bf184daad6e2312d8ae498ebdca49f77b8a";"1c0dd5426b43c096c8b2417a78f89f0040975e54967f0a8b95f05b6e8066fc99";"82c61ee0a694c3076a180e36f08b171afba0c29abbc5f5153b0605284a1196ce";"e2f4d6dae9a6d35c966b305fabac52e489faa3e7";"7da19c4f2913e857040ba228280f404b0e54eaab";"run-20260824T043858922Z-c4f956458c3263bd";"079a64ba35da38fdbe8b2fe11c62f606a1c99c37bdb672a8e46f16a74ad38b21";"1c0dd5426b43c096c8b2417a78f89f0040975e54967f0a8b95f05b6e8066fc99";"82c61ee0a694c3076a180e36f08b171afba0c29abbc5f5153b0605284a1196ce";"7d7178150e2b91768f9ba95b86fb0aab84f02bf8";"314e65771523065a36f1e5781cc18977dbb0fbb2";"264";"264";"500494286834049326625a38f82e860e21c6c130da865187f2a34c8b4d0499db"
"issue13-v5-diagnostic-module-bridge/1";"bridge-c4c5ab45414353f51891392e";"_anomalies.csv";"alternative_2";"wiodr13";"sea_sectors";"abstract_labour.empe.m.mv";"after_stage_5";"5";"mark_not_applicable";"";"NaN";"wiodr13_v1";"";"";"common/abstract_labour.empe.m.mv.R";"indicator.abstract_labour.empe.m.mv";"indicator.abstract_labour.empe.m.mv";"replace";"run-20260827T171625376Z-300587ba87d45c63";"4a0d9213dee37a78f2ad87d78a9e4bf184daad6e2312d8ae498ebdca49f77b8a";"1c0dd5426b43c096c8b2417a78f89f0040975e54967f0a8b95f05b6e8066fc99";"82c61ee0a694c3076a180e36f08b171afba0c29abbc5f5153b0605284a1196ce";"e2f4d6dae9a6d35c966b305fabac52e489faa3e7";"7da19c4f2913e857040ba228280f404b0e54eaab";"run-20260824T043858922Z-c4f956458c3263bd";"079a64ba35da38fdbe8b2fe11c62f606a1c99c37bdb672a8e46f16a74ad38b21";"1c0dd5426b43c096c8b2417a78f89f0040975e54967f0a8b95f05b6e8066fc99";"82c61ee0a694c3076a180e36f08b171afba0c29abbc5f5153b0605284a1196ce";"7d7178150e2b91768f9ba95b86fb0aab84f02bf8";"314e65771523065a36f1e5781cc18977dbb0fbb2";"266";"266";"c4c5ab45414353f51891392e819eec347ee1383f1069843332c147478bea4d85"
"issue13-v5-diagnostic-module-bridge/1";"bridge-a4aa5689da9ffcbbd029f5d7";"_anomalies.csv";"alternative_2";"wiodr13";"sea_sectors";"appropriated_profit.r.pc";"after_stage_5";"5";"mark_not_applicable";"";"-Inf";"wiodr13_v1";"";"";"common/appropriated_profit.r.pc.R";"indicator.appropriated_profit.r.pc";"indicator.appropriated_profit.r.pc";"replace";"run-20260827T171625376Z-300587ba87d45c63";"4a0d9213dee37a78f2ad87d78a9e4bf184daad6e2312d8ae498ebdca49f77b8a";"1c0dd5426b43c096c8b2417a78f89f0040975e54967f0a8b95f05b6e8066fc99";"82c61ee0a694c3076a180e36f08b171afba0c29abbc5f5153b0605284a1196ce";"e2f4d6dae9a6d35c966b305fabac52e489faa3e7";"7da19c4f2913e857040ba228280f404b0e54eaab";"run-20260824T043858922Z-c4f956458c3263bd";"079a64ba35da38fdbe8b2fe11c62f606a1c99c37bdb672a8e46f16a74ad38b21";"1c0dd5426b43c096c8b2417a78f89f0040975e54967f0a8b95f05b6e8066fc99";"82c61ee0a694c3076a180e36f08b171afba0c29abbc5f5153b0605284a1196ce";"7d7178150e2b91768f9ba95b86fb0aab84f02bf8";"314e65771523065a36f1e5781cc18977dbb0fbb2";"62";"62";"a4aa5689da9ffcbbd029f5d78e369fdf4897105e7888321af0d0cd7c51dfb7de"
"issue13-v5-diagnostic-module-bridge/1";"bridge-f46210f11781351ba838cee4";"_anomalies.csv";"alternative_2";"wiodr13";"sea_sectors";"appropriated_profit.r.pc";"after_stage_5";"5";"mark_not_applicable";"";"Inf";"wiodr13_v1";"";"";"common/appropriated_profit.r.pc.R";"indicator.appropriated_profit.r.pc";"indicator.appropriated_profit.r.pc";"replace";"run-20260827T171625376Z-300587ba87d45c63";"4a0d9213dee37a78f2ad87d78a9e4bf184daad6e2312d8ae498ebdca49f77b8a";"1c0dd5426b43c096c8b2417a78f89f0040975e54967f0a8b95f05b6e8066fc99";"82c61ee0a694c3076a180e36f08b171afba0c29abbc5f5153b0605284a1196ce";"e2f4d6dae9a6d35c966b305fabac52e489faa3e7";"7da19c4f2913e857040ba228280f404b0e54eaab";"run-20260824T043858922Z-c4f956458c3263bd";"079a64ba35da38fdbe8b2fe11c62f606a1c99c37bdb672a8e46f16a74ad38b21";"1c0dd5426b43c096c8b2417a78f89f0040975e54967f0a8b95f05b6e8066fc99";"82c61ee0a694c3076a180e36f08b171afba0c29abbc5f5153b0605284a1196ce";"7d7178150e2b91768f9ba95b86fb0aab84f02bf8";"314e65771523065a36f1e5781cc18977dbb0fbb2";"958";"958";"f46210f11781351ba838cee41bdbc7de0af409e153a3c9244aefb5c320b31dec"
"issue13-v5-diagnostic-module-bridge/1";"bridge-006a0f5883950d1a4b7df08e";"_anomalies.csv";"alternative_2";"wiodr13";"sea_sectors";"appropriated_profit.r.pc";"after_stage_5";"5";"mark_not_applicable";"";"NaN";"wiodr13_v1";"";"";"common/appropriated_profit.r.pc.R";"indicator.appropriated_profit.r.pc";"indicator.appropriated_profit.r.pc";"replace";"run-20260827T171625376Z-300587ba87d45c63";"4a0d9213dee37a78f2ad87d78a9e4bf184daad6e2312d8ae498ebdca49f77b8a";"1c0dd5426b43c096c8b2417a78f89f0040975e54967f0a8b95f05b6e8066fc99";"82c61ee0a694c3076a180e36f08b171afba0c29abbc5f5153b0605284a1196ce";"e2f4d6dae9a6d35c966b305fabac52e489faa3e7";"7da19c4f2913e857040ba228280f404b0e54eaab";"run-20260824T043858922Z-c4f956458c3263bd";"079a64ba35da38fdbe8b2fe11c62f606a1c99c37bdb672a8e46f16a74ad38b21";"1c0dd5426b43c096c8b2417a78f89f0040975e54967f0a8b95f05b6e8066fc99";"82c61ee0a694c3076a180e36f08b171afba0c29abbc5f5153b0605284a1196ce";"7d7178150e2b91768f9ba95b86fb0aab84f02bf8";"314e65771523065a36f1e5781cc18977dbb0fbb2";"589";"589";"006a0f5883950d1a4b7df08e2ae7b979dd35c88c5905471417c64c9997fafaf7"
"issue13-v5-diagnostic-module-bridge/1";"bridge-435cf622b11ccaf32838d8dd";"_anomalies.csv";"alternative_2";"wiodr13";"sea_sectors";"go_price.r.id";"after_price_normalization";"4";"mark_not_applicable";"";"NaN";"wiodr13_v1";"";"";"wiodr13/normalize_price_indices.R";"indicator.price_index.normalize";"indicator.price_index.normalize";"preserve";"run-20260827T171625376Z-300587ba87d45c63";"4a0d9213dee37a78f2ad87d78a9e4bf184daad6e2312d8ae498ebdca49f77b8a";"1c0dd5426b43c096c8b2417a78f89f0040975e54967f0a8b95f05b6e8066fc99";"82c61ee0a694c3076a180e36f08b171afba0c29abbc5f5153b0605284a1196ce";"e2f4d6dae9a6d35c966b305fabac52e489faa3e7";"7da19c4f2913e857040ba228280f404b0e54eaab";"run-20260824T043858922Z-c4f956458c3263bd";"079a64ba35da38fdbe8b2fe11c62f606a1c99c37bdb672a8e46f16a74ad38b21";"1c0dd5426b43c096c8b2417a78f89f0040975e54967f0a8b95f05b6e8066fc99";"82c61ee0a694c3076a180e36f08b171afba0c29abbc5f5153b0605284a1196ce";"7d7178150e2b91768f9ba95b86fb0aab84f02bf8";"314e65771523065a36f1e5781cc18977dbb0fbb2";"240";"240";"435cf622b11ccaf32838d8dd6c3adc206b739ddd972aadac4cf7633b358beabe"
"issue13-v5-diagnostic-module-bridge/1";"bridge-b579f97d93122fca74464aa8";"_anomalies.csv";"alternative_2";"wiodr13";"sea_sectors";"labour_force_value.emp.m.mv";"after_stage_5";"5";"mark_not_applicable";"";"Inf";"wiodr13_v1";"";"";"common/labour_force_value.emp.m.mv.R";"indicator.labour_force_value.emp.m.mv";"indicator.labour_force_value.emp.m.mv";"replace";"run-20260827T171625376Z-300587ba87d45c63";"4a0d9213dee37a78f2ad87d78a9e4bf184daad6e2312d8ae498ebdca49f77b8a";"1c0dd5426b43c096c8b2417a78f89f0040975e54967f0a8b95f05b6e8066fc99";"82c61ee0a694c3076a180e36f08b171afba0c29abbc5f5153b0605284a1196ce";"e2f4d6dae9a6d35c966b305fabac52e489faa3e7";"7da19c4f2913e857040ba228280f404b0e54eaab";"run-20260824T043858922Z-c4f956458c3263bd";"079a64ba35da38fdbe8b2fe11c62f606a1c99c37bdb672a8e46f16a74ad38b21";"1c0dd5426b43c096c8b2417a78f89f0040975e54967f0a8b95f05b6e8066fc99";"82c61ee0a694c3076a180e36f08b171afba0c29abbc5f5153b0605284a1196ce";"7d7178150e2b91768f9ba95b86fb0aab84f02bf8";"314e65771523065a36f1e5781cc18977dbb0fbb2";"2";"2";"b579f97d93122fca74464aa8e93199376707b031f78422b0708fb0dccc34bd79"
"issue13-v5-diagnostic-module-bridge/1";"bridge-7752a72aac39e2df989ccc41";"_anomalies.csv";"alternative_2";"wiodr13";"sea_sectors";"labour_force_value.emp.m.mv";"after_stage_5";"5";"mark_not_applicable";"";"NaN";"wiodr13_v1";"";"";"common/labour_force_value.emp.m.mv.R";"indicator.labour_force_value.emp.m.mv";"indicator.labour_force_value.emp.m.mv";"replace";"run-20260827T171625376Z-300587ba87d45c63";"4a0d9213dee37a78f2ad87d78a9e4bf184daad6e2312d8ae498ebdca49f77b8a";"1c0dd5426b43c096c8b2417a78f89f0040975e54967f0a8b95f05b6e8066fc99";"82c61ee0a694c3076a180e36f08b171afba0c29abbc5f5153b0605284a1196ce";"e2f4d6dae9a6d35c966b305fabac52e489faa3e7";"7da19c4f2913e857040ba228280f404b0e54eaab";"run-20260824T043858922Z-c4f956458c3263bd";"079a64ba35da38fdbe8b2fe11c62f606a1c99c37bdb672a8e46f16a74ad38b21";"1c0dd5426b43c096c8b2417a78f89f0040975e54967f0a8b95f05b6e8066fc99";"82c61ee0a694c3076a180e36f08b171afba0c29abbc5f5153b0605284a1196ce";"7d7178150e2b91768f9ba95b86fb0aab84f02bf8";"314e65771523065a36f1e5781cc18977dbb0fbb2";"264";"264";"7752a72aac39e2df989ccc41c26e3e14507bd1714a7457d9d34d9caf9e332708"
"issue13-v5-diagnostic-module-bridge/1";"bridge-2558891d6282efd3c9b52fd7";"_anomalies.csv";"alternative_2";"wiodr13";"sea_sectors";"labour_force_value.m.mv";"after_stage_5";"5";"mark_not_applicable";"";"Inf";"wiodr13_v1";"";"";"common/labour_force_value.m.mv.R";"indicator.labour_force_value.m.mv";"indicator.labour_force_value.m.mv";"replace";"run-20260827T171625376Z-300587ba87d45c63";"4a0d9213dee37a78f2ad87d78a9e4bf184daad6e2312d8ae498ebdca49f77b8a";"1c0dd5426b43c096c8b2417a78f89f0040975e54967f0a8b95f05b6e8066fc99";"82c61ee0a694c3076a180e36f08b171afba0c29abbc5f5153b0605284a1196ce";"e2f4d6dae9a6d35c966b305fabac52e489faa3e7";"7da19c4f2913e857040ba228280f404b0e54eaab";"run-20260824T043858922Z-c4f956458c3263bd";"079a64ba35da38fdbe8b2fe11c62f606a1c99c37bdb672a8e46f16a74ad38b21";"1c0dd5426b43c096c8b2417a78f89f0040975e54967f0a8b95f05b6e8066fc99";"82c61ee0a694c3076a180e36f08b171afba0c29abbc5f5153b0605284a1196ce";"7d7178150e2b91768f9ba95b86fb0aab84f02bf8";"314e65771523065a36f1e5781cc18977dbb0fbb2";"4";"4";"2558891d6282efd3c9b52fd749eaaab69c8f1df4ce6acd1724cc6f88bed5b788"
"issue13-v5-diagnostic-module-bridge/1";"bridge-ea0bc1643c545547eaec5b75";"_anomalies.csv";"alternative_2";"wiodr13";"sea_sectors";"labour_force_value.m.mv";"after_stage_5";"5";"mark_not_applicable";"";"NaN";"wiodr13_v1";"";"";"common/labour_force_value.m.mv.R";"indicator.labour_force_value.m.mv";"indicator.labour_force_value.m.mv";"replace";"run-20260827T171625376Z-300587ba87d45c63";"4a0d9213dee37a78f2ad87d78a9e4bf184daad6e2312d8ae498ebdca49f77b8a";"1c0dd5426b43c096c8b2417a78f89f0040975e54967f0a8b95f05b6e8066fc99";"82c61ee0a694c3076a180e36f08b171afba0c29abbc5f5153b0605284a1196ce";"e2f4d6dae9a6d35c966b305fabac52e489faa3e7";"7da19c4f2913e857040ba228280f404b0e54eaab";"run-20260824T043858922Z-c4f956458c3263bd";"079a64ba35da38fdbe8b2fe11c62f606a1c99c37bdb672a8e46f16a74ad38b21";"1c0dd5426b43c096c8b2417a78f89f0040975e54967f0a8b95f05b6e8066fc99";"82c61ee0a694c3076a180e36f08b171afba0c29abbc5f5153b0605284a1196ce";"7d7178150e2b91768f9ba95b86fb0aab84f02bf8";"314e65771523065a36f1e5781cc18977dbb0fbb2";"262";"262";"ea0bc1643c545547eaec5b75c94eed85587eb34a752f42e55257849cf83454b0"
"issue13-v5-diagnostic-module-bridge/1";"bridge-7bf5c60c835d4530fe9459b1";"_anomalies.csv";"alternative_2";"wiodr13";"sea_sectors";"labour_requirements";"after_matrices";"3";"replace_both_zero_with_zero";"";"NaN";"wiodr13_v1";"";"";"transformation.R";"matrix.transformation";"matrix.transformation";"replace";"run-20260827T171625376Z-300587ba87d45c63";"4a0d9213dee37a78f2ad87d78a9e4bf184daad6e2312d8ae498ebdca49f77b8a";"1c0dd5426b43c096c8b2417a78f89f0040975e54967f0a8b95f05b6e8066fc99";"82c61ee0a694c3076a180e36f08b171afba0c29abbc5f5153b0605284a1196ce";"e2f4d6dae9a6d35c966b305fabac52e489faa3e7";"7da19c4f2913e857040ba228280f404b0e54eaab";"run-20260824T043858922Z-c4f956458c3263bd";"079a64ba35da38fdbe8b2fe11c62f606a1c99c37bdb672a8e46f16a74ad38b21";"1c0dd5426b43c096c8b2417a78f89f0040975e54967f0a8b95f05b6e8066fc99";"82c61ee0a694c3076a180e36f08b171afba0c29abbc5f5153b0605284a1196ce";"7d7178150e2b91768f9ba95b86fb0aab84f02bf8";"314e65771523065a36f1e5781cc18977dbb0fbb2";"277";"277";"7bf5c60c835d4530fe9459b19f8da1fb85cdb47671e3a79d962a149300178e0d"
"issue13-v5-diagnostic-module-bridge/1";"bridge-7b8b4d90f0b342257527c3ca";"_anomalies.csv";"alternative_2";"wiodr13";"sea_sectors";"surplus_value.emp.r.pc";"after_stage_5";"5";"mark_not_applicable";"";"Inf";"wiodr13_v1";"";"";"common/surplus_value.emp.r.pc.R";"indicator.surplus_value.emp.r.pc";"indicator.surplus_value.emp.r.pc";"replace";"run-20260827T171625376Z-300587ba87d45c63";"4a0d9213dee37a78f2ad87d78a9e4bf184daad6e2312d8ae498ebdca49f77b8a";"1c0dd5426b43c096c8b2417a78f89f0040975e54967f0a8b95f05b6e8066fc99";"82c61ee0a694c3076a180e36f08b171afba0c29abbc5f5153b0605284a1196ce";"e2f4d6dae9a6d35c966b305fabac52e489faa3e7";"7da19c4f2913e857040ba228280f404b0e54eaab";"run-20260824T043858922Z-c4f956458c3263bd";"079a64ba35da38fdbe8b2fe11c62f606a1c99c37bdb672a8e46f16a74ad38b21";"1c0dd5426b43c096c8b2417a78f89f0040975e54967f0a8b95f05b6e8066fc99";"82c61ee0a694c3076a180e36f08b171afba0c29abbc5f5153b0605284a1196ce";"7d7178150e2b91768f9ba95b86fb0aab84f02bf8";"314e65771523065a36f1e5781cc18977dbb0fbb2";"23";"23";"7b8b4d90f0b342257527c3cae30c456d020f63d6dd7473f9c7b6742a23c3aa74"
"issue13-v5-diagnostic-module-bridge/1";"bridge-a2af52c4c1eae74c4d73fac4";"_anomalies.csv";"alternative_2";"wiodr13";"sea_sectors";"surplus_value.emp.r.pc";"after_stage_5";"5";"mark_not_applicable";"";"NaN";"wiodr13_v1";"";"";"common/surplus_value.emp.r.pc.R";"indicator.surplus_value.emp.r.pc";"indicator.surplus_value.emp.r.pc";"replace";"run-20260827T171625376Z-300587ba87d45c63";"4a0d9213dee37a78f2ad87d78a9e4bf184daad6e2312d8ae498ebdca49f77b8a";"1c0dd5426b43c096c8b2417a78f89f0040975e54967f0a8b95f05b6e8066fc99";"82c61ee0a694c3076a180e36f08b171afba0c29abbc5f5153b0605284a1196ce";"e2f4d6dae9a6d35c966b305fabac52e489faa3e7";"7da19c4f2913e857040ba228280f404b0e54eaab";"run-20260824T043858922Z-c4f956458c3263bd";"079a64ba35da38fdbe8b2fe11c62f606a1c99c37bdb672a8e46f16a74ad38b21";"1c0dd5426b43c096c8b2417a78f89f0040975e54967f0a8b95f05b6e8066fc99";"82c61ee0a694c3076a180e36f08b171afba0c29abbc5f5153b0605284a1196ce";"7d7178150e2b91768f9ba95b86fb0aab84f02bf8";"314e65771523065a36f1e5781cc18977dbb0fbb2";"264";"264";"a2af52c4c1eae74c4d73fac47c934cd186eb50a140e143369fa4be2ba027821a"
"issue13-v5-diagnostic-module-bridge/1";"bridge-74579e70fb067112c4f8bbe8";"_anomalies.csv";"alternative_2";"wiodr13";"sea_sectors";"surplus_value.empe.r.pc";"after_stage_5";"5";"mark_not_applicable";"";"Inf";"wiodr13_v1";"";"";"common/surplus_value.empe.r.pc.R";"indicator.surplus_value.empe.r.pc";"indicator.surplus_value.empe.r.pc";"replace";"run-20260827T171625376Z-300587ba87d45c63";"4a0d9213dee37a78f2ad87d78a9e4bf184daad6e2312d8ae498ebdca49f77b8a";"1c0dd5426b43c096c8b2417a78f89f0040975e54967f0a8b95f05b6e8066fc99";"82c61ee0a694c3076a180e36f08b171afba0c29abbc5f5153b0605284a1196ce";"e2f4d6dae9a6d35c966b305fabac52e489faa3e7";"7da19c4f2913e857040ba228280f404b0e54eaab";"run-20260824T043858922Z-c4f956458c3263bd";"079a64ba35da38fdbe8b2fe11c62f606a1c99c37bdb672a8e46f16a74ad38b21";"1c0dd5426b43c096c8b2417a78f89f0040975e54967f0a8b95f05b6e8066fc99";"82c61ee0a694c3076a180e36f08b171afba0c29abbc5f5153b0605284a1196ce";"7d7178150e2b91768f9ba95b86fb0aab84f02bf8";"314e65771523065a36f1e5781cc18977dbb0fbb2";"31";"31";"74579e70fb067112c4f8bbe8448462c54b3549a09b1722216fc08d7001cd5889"
"issue13-v5-diagnostic-module-bridge/1";"bridge-f2d4ca6f12a015199b8b0f7d";"_anomalies.csv";"alternative_2";"wiodr13";"sea_sectors";"surplus_value.empe.r.pc";"after_stage_5";"5";"mark_not_applicable";"";"NaN";"wiodr13_v1";"";"";"common/surplus_value.empe.r.pc.R";"indicator.surplus_value.empe.r.pc";"indicator.surplus_value.empe.r.pc";"replace";"run-20260827T171625376Z-300587ba87d45c63";"4a0d9213dee37a78f2ad87d78a9e4bf184daad6e2312d8ae498ebdca49f77b8a";"1c0dd5426b43c096c8b2417a78f89f0040975e54967f0a8b95f05b6e8066fc99";"82c61ee0a694c3076a180e36f08b171afba0c29abbc5f5153b0605284a1196ce";"e2f4d6dae9a6d35c966b305fabac52e489faa3e7";"7da19c4f2913e857040ba228280f404b0e54eaab";"run-20260824T043858922Z-c4f956458c3263bd";"079a64ba35da38fdbe8b2fe11c62f606a1c99c37bdb672a8e46f16a74ad38b21";"1c0dd5426b43c096c8b2417a78f89f0040975e54967f0a8b95f05b6e8066fc99";"82c61ee0a694c3076a180e36f08b171afba0c29abbc5f5153b0605284a1196ce";"7d7178150e2b91768f9ba95b86fb0aab84f02bf8";"314e65771523065a36f1e5781cc18977dbb0fbb2";"262";"262";"f2d4ca6f12a015199b8b0f7dd12451342be8bddedbf03290b9e9970fd4e585bf"
"issue13-v5-diagnostic-module-bridge/1";"bridge-f605ebf9ad7563808e87862b";"_anomalies.csv";"alternative_2";"wiodr13";"sea_sectors";"surplus_value.empe_hs.r.pc";"after_stage_5";"5";"mark_not_applicable";"";"Inf";"wiodr13_v1";"";"";"wiodr13/surplus_value.empe_hs.r.pc.R";"indicator.surplus_value.empe_hs.r.pc";"indicator.surplus_value.empe_hs.r.pc";"replace";"run-20260827T171625376Z-300587ba87d45c63";"4a0d9213dee37a78f2ad87d78a9e4bf184daad6e2312d8ae498ebdca49f77b8a";"1c0dd5426b43c096c8b2417a78f89f0040975e54967f0a8b95f05b6e8066fc99";"82c61ee0a694c3076a180e36f08b171afba0c29abbc5f5153b0605284a1196ce";"e2f4d6dae9a6d35c966b305fabac52e489faa3e7";"7da19c4f2913e857040ba228280f404b0e54eaab";"run-20260824T043858922Z-c4f956458c3263bd";"079a64ba35da38fdbe8b2fe11c62f606a1c99c37bdb672a8e46f16a74ad38b21";"1c0dd5426b43c096c8b2417a78f89f0040975e54967f0a8b95f05b6e8066fc99";"82c61ee0a694c3076a180e36f08b171afba0c29abbc5f5153b0605284a1196ce";"7d7178150e2b91768f9ba95b86fb0aab84f02bf8";"314e65771523065a36f1e5781cc18977dbb0fbb2";"31";"31";"f605ebf9ad7563808e87862b34fcb2b3e84c1b42235ceab8207da105b687fc60"
"issue13-v5-diagnostic-module-bridge/1";"bridge-4da4bb5e7a427b6dfcbd0316";"_anomalies.csv";"alternative_2";"wiodr13";"sea_sectors";"surplus_value.empe_hs.r.pc";"after_stage_5";"5";"mark_not_applicable";"";"NaN";"wiodr13_v1";"";"";"wiodr13/surplus_value.empe_hs.r.pc.R";"indicator.surplus_value.empe_hs.r.pc";"indicator.surplus_value.empe_hs.r.pc";"replace";"run-20260827T171625376Z-300587ba87d45c63";"4a0d9213dee37a78f2ad87d78a9e4bf184daad6e2312d8ae498ebdca49f77b8a";"1c0dd5426b43c096c8b2417a78f89f0040975e54967f0a8b95f05b6e8066fc99";"82c61ee0a694c3076a180e36f08b171afba0c29abbc5f5153b0605284a1196ce";"e2f4d6dae9a6d35c966b305fabac52e489faa3e7";"7da19c4f2913e857040ba228280f404b0e54eaab";"run-20260824T043858922Z-c4f956458c3263bd";"079a64ba35da38fdbe8b2fe11c62f606a1c99c37bdb672a8e46f16a74ad38b21";"1c0dd5426b43c096c8b2417a78f89f0040975e54967f0a8b95f05b6e8066fc99";"82c61ee0a694c3076a180e36f08b171afba0c29abbc5f5153b0605284a1196ce";"7d7178150e2b91768f9ba95b86fb0aab84f02bf8";"314e65771523065a36f1e5781cc18977dbb0fbb2";"277";"277";"4da4bb5e7a427b6dfcbd0316b6c5f35f38976b849e7b0295b03873087b87a4fb"
"issue13-v5-diagnostic-module-bridge/1";"bridge-0792f517d327eea9e10c3b6b";"_anomalies.csv";"alternative_2";"wiodr13";"sea_sectors";"surplus_value.empe_ls.r.pc";"after_stage_5";"5";"mark_not_applicable";"";"Inf";"wiodr13_v1";"";"";"wiodr13/surplus_value.empe_ls.r.pc.R";"indicator.surplus_value.empe_ls.r.pc";"indicator.surplus_value.empe_ls.r.pc";"replace";"run-20260827T171625376Z-300587ba87d45c63";"4a0d9213dee37a78f2ad87d78a9e4bf184daad6e2312d8ae498ebdca49f77b8a";"1c0dd5426b43c096c8b2417a78f89f0040975e54967f0a8b95f05b6e8066fc99";"82c61ee0a694c3076a180e36f08b171afba0c29abbc5f5153b0605284a1196ce";"e2f4d6dae9a6d35c966b305fabac52e489faa3e7";"7da19c4f2913e857040ba228280f404b0e54eaab";"run-20260824T043858922Z-c4f956458c3263bd";"079a64ba35da38fdbe8b2fe11c62f606a1c99c37bdb672a8e46f16a74ad38b21";"1c0dd5426b43c096c8b2417a78f89f0040975e54967f0a8b95f05b6e8066fc99";"82c61ee0a694c3076a180e36f08b171afba0c29abbc5f5153b0605284a1196ce";"7d7178150e2b91768f9ba95b86fb0aab84f02bf8";"314e65771523065a36f1e5781cc18977dbb0fbb2";"31";"31";"0792f517d327eea9e10c3b6b9a7273a928cfb51af26ec3bcca19381401765f68"
"issue13-v5-diagnostic-module-bridge/1";"bridge-1d4010bb8844068fc3de7b1a";"_anomalies.csv";"alternative_2";"wiodr13";"sea_sectors";"surplus_value.empe_ls.r.pc";"after_stage_5";"5";"mark_not_applicable";"";"NaN";"wiodr13_v1";"";"";"wiodr13/surplus_value.empe_ls.r.pc.R";"indicator.surplus_value.empe_ls.r.pc";"indicator.surplus_value.empe_ls.r.pc";"replace";"run-20260827T171625376Z-300587ba87d45c63";"4a0d9213dee37a78f2ad87d78a9e4bf184daad6e2312d8ae498ebdca49f77b8a";"1c0dd5426b43c096c8b2417a78f89f0040975e54967f0a8b95f05b6e8066fc99";"82c61ee0a694c3076a180e36f08b171afba0c29abbc5f5153b0605284a1196ce";"e2f4d6dae9a6d35c966b305fabac52e489faa3e7";"7da19c4f2913e857040ba228280f404b0e54eaab";"run-20260824T043858922Z-c4f956458c3263bd";"079a64ba35da38fdbe8b2fe11c62f606a1c99c37bdb672a8e46f16a74ad38b21";"1c0dd5426b43c096c8b2417a78f89f0040975e54967f0a8b95f05b6e8066fc99";"82c61ee0a694c3076a180e36f08b171afba0c29abbc5f5153b0605284a1196ce";"7d7178150e2b91768f9ba95b86fb0aab84f02bf8";"314e65771523065a36f1e5781cc18977dbb0fbb2";"262";"262";"1d4010bb8844068fc3de7b1a5301af4394961f3e7d92eb9ed988215026205519"
"issue13-v5-diagnostic-module-bridge/1";"bridge-3940b2a9f3765982bdb58468";"_anomalies.csv";"alternative_2";"wiodr13";"sea_sectors";"surplus_value.empe_ms.r.pc";"after_stage_5";"5";"mark_not_applicable";"";"Inf";"wiodr13_v1";"";"";"wiodr13/surplus_value.empe_ms.r.pc.R";"indicator.surplus_value.empe_ms.r.pc";"indicator.surplus_value.empe_ms.r.pc";"replace";"run-20260827T171625376Z-300587ba87d45c63";"4a0d9213dee37a78f2ad87d78a9e4bf184daad6e2312d8ae498ebdca49f77b8a";"1c0dd5426b43c096c8b2417a78f89f0040975e54967f0a8b95f05b6e8066fc99";"82c61ee0a694c3076a180e36f08b171afba0c29abbc5f5153b0605284a1196ce";"e2f4d6dae9a6d35c966b305fabac52e489faa3e7";"7da19c4f2913e857040ba228280f404b0e54eaab";"run-20260824T043858922Z-c4f956458c3263bd";"079a64ba35da38fdbe8b2fe11c62f606a1c99c37bdb672a8e46f16a74ad38b21";"1c0dd5426b43c096c8b2417a78f89f0040975e54967f0a8b95f05b6e8066fc99";"82c61ee0a694c3076a180e36f08b171afba0c29abbc5f5153b0605284a1196ce";"7d7178150e2b91768f9ba95b86fb0aab84f02bf8";"314e65771523065a36f1e5781cc18977dbb0fbb2";"31";"31";"3940b2a9f3765982bdb58468c51794ef6e979a57235dc96bed65d1627e481bc7"
"issue13-v5-diagnostic-module-bridge/1";"bridge-5beb5c02aca6de64dfb1df42";"_anomalies.csv";"alternative_2";"wiodr13";"sea_sectors";"surplus_value.empe_ms.r.pc";"after_stage_5";"5";"mark_not_applicable";"";"NaN";"wiodr13_v1";"";"";"wiodr13/surplus_value.empe_ms.r.pc.R";"indicator.surplus_value.empe_ms.r.pc";"indicator.surplus_value.empe_ms.r.pc";"replace";"run-20260827T171625376Z-300587ba87d45c63";"4a0d9213dee37a78f2ad87d78a9e4bf184daad6e2312d8ae498ebdca49f77b8a";"1c0dd5426b43c096c8b2417a78f89f0040975e54967f0a8b95f05b6e8066fc99";"82c61ee0a694c3076a180e36f08b171afba0c29abbc5f5153b0605284a1196ce";"e2f4d6dae9a6d35c966b305fabac52e489faa3e7";"7da19c4f2913e857040ba228280f404b0e54eaab";"run-20260824T043858922Z-c4f956458c3263bd";"079a64ba35da38fdbe8b2fe11c62f606a1c99c37bdb672a8e46f16a74ad38b21";"1c0dd5426b43c096c8b2417a78f89f0040975e54967f0a8b95f05b6e8066fc99";"82c61ee0a694c3076a180e36f08b171afba0c29abbc5f5153b0605284a1196ce";"7d7178150e2b91768f9ba95b86fb0aab84f02bf8";"314e65771523065a36f1e5781cc18977dbb0fbb2";"262";"262";"5beb5c02aca6de64dfb1df422604ccd79edccd301162cd17c61fdd7be1a12a21"
"issue13-v5-diagnostic-module-bridge/1";"bridge-7f99e185e3617b4f235ce7e8";"_anomalies.csv";"alternative_2";"wiodr13";"sea_sectors";"trade_transfers.p.m.pc";"after_stage_5";"5";"mark_not_applicable";"";"-Inf";"wiodr13_v1";"";"";"common/trade_transfers.p.m.pc.R";"indicator.trade_transfers.p.m.pc";"indicator.trade_transfers.p.m.pc";"replace";"run-20260827T171625376Z-300587ba87d45c63";"4a0d9213dee37a78f2ad87d78a9e4bf184daad6e2312d8ae498ebdca49f77b8a";"1c0dd5426b43c096c8b2417a78f89f0040975e54967f0a8b95f05b6e8066fc99";"82c61ee0a694c3076a180e36f08b171afba0c29abbc5f5153b0605284a1196ce";"e2f4d6dae9a6d35c966b305fabac52e489faa3e7";"7da19c4f2913e857040ba228280f404b0e54eaab";"run-20260824T043858922Z-c4f956458c3263bd";"079a64ba35da38fdbe8b2fe11c62f606a1c99c37bdb672a8e46f16a74ad38b21";"1c0dd5426b43c096c8b2417a78f89f0040975e54967f0a8b95f05b6e8066fc99";"82c61ee0a694c3076a180e36f08b171afba0c29abbc5f5153b0605284a1196ce";"7d7178150e2b91768f9ba95b86fb0aab84f02bf8";"314e65771523065a36f1e5781cc18977dbb0fbb2";"37";"37";"7f99e185e3617b4f235ce7e823318a95a24ca95d09ba2e3547fca5fba1b16e8d"
"issue13-v5-diagnostic-module-bridge/1";"bridge-c4a073781f0bd79cc12d4e4d";"_anomalies.csv";"alternative_2";"wiodr13";"sea_sectors";"trade_transfers.p.m.pc";"after_stage_5";"5";"mark_not_applicable";"";"Inf";"wiodr13_v1";"";"";"common/trade_transfers.p.m.pc.R";"indicator.trade_transfers.p.m.pc";"indicator.trade_transfers.p.m.pc";"replace";"run-20260827T171625376Z-300587ba87d45c63";"4a0d9213dee37a78f2ad87d78a9e4bf184daad6e2312d8ae498ebdca49f77b8a";"1c0dd5426b43c096c8b2417a78f89f0040975e54967f0a8b95f05b6e8066fc99";"82c61ee0a694c3076a180e36f08b171afba0c29abbc5f5153b0605284a1196ce";"e2f4d6dae9a6d35c966b305fabac52e489faa3e7";"7da19c4f2913e857040ba228280f404b0e54eaab";"run-20260824T043858922Z-c4f956458c3263bd";"079a64ba35da38fdbe8b2fe11c62f606a1c99c37bdb672a8e46f16a74ad38b21";"1c0dd5426b43c096c8b2417a78f89f0040975e54967f0a8b95f05b6e8066fc99";"82c61ee0a694c3076a180e36f08b171afba0c29abbc5f5153b0605284a1196ce";"7d7178150e2b91768f9ba95b86fb0aab84f02bf8";"314e65771523065a36f1e5781cc18977dbb0fbb2";"2";"2";"c4a073781f0bd79cc12d4e4df4b1b82a3525284a15e2fd54905584027c32a60a"
"issue13-v5-diagnostic-module-bridge/1";"bridge-b1475d3fd1ae639c8f67d2d7";"_anomalies.csv";"alternative_2";"wiodr13";"sea_sectors";"trade_transfers.p.m.pc";"after_stage_5";"5";"mark_not_applicable";"";"NaN";"wiodr13_v1";"";"";"common/trade_transfers.p.m.pc.R";"indicator.trade_transfers.p.m.pc";"indicator.trade_transfers.p.m.pc";"replace";"run-20260827T171625376Z-300587ba87d45c63";"4a0d9213dee37a78f2ad87d78a9e4bf184daad6e2312d8ae498ebdca49f77b8a";"1c0dd5426b43c096c8b2417a78f89f0040975e54967f0a8b95f05b6e8066fc99";"82c61ee0a694c3076a180e36f08b171afba0c29abbc5f5153b0605284a1196ce";"e2f4d6dae9a6d35c966b305fabac52e489faa3e7";"7da19c4f2913e857040ba228280f404b0e54eaab";"run-20260824T043858922Z-c4f956458c3263bd";"079a64ba35da38fdbe8b2fe11c62f606a1c99c37bdb672a8e46f16a74ad38b21";"1c0dd5426b43c096c8b2417a78f89f0040975e54967f0a8b95f05b6e8066fc99";"82c61ee0a694c3076a180e36f08b171afba0c29abbc5f5153b0605284a1196ce";"7d7178150e2b91768f9ba95b86fb0aab84f02bf8";"314e65771523065a36f1e5781cc18977dbb0fbb2";"7380";"7380";"b1475d3fd1ae639c8f67d2d7a145a95abaa35e81d15327d14e4bd0ee2899b662"
"issue13-v5-diagnostic-module-bridge/1";"bridge-d8da038a975116f82d772052";"_anomalies.csv";"norow_w13";"wiodr13";"sea_countries";"abstract_labour.emp.m.mv";"after_country_module";"5";"mark_not_applicable";"";"NaN";"wiodr13_v1";"";"";"common/abstract_labour.emp.m.mv-country.R";"indicator.abstract_labour.emp.m.mv";"indicator.abstract_labour.emp.m.mv";"replace";"run-20260827T172911387Z-f3caa443813b0ce5";"d8fc69fe14f2372164c4e3f17b76f23ffb909691d9466e4da25de6db3f16a029";"0d19103f77f912a9bbaea418ba4c0d561cf06db73cc021115696f0ab42ee6994";"3b8b125761e2bcf7c6f0e5c7bef1aa00d26d5853d57883a0e0e98fd50b4b71e6";"e2f4d6dae9a6d35c966b305fabac52e489faa3e7";"7da19c4f2913e857040ba228280f404b0e54eaab";"run-20260824T045022633Z-af31148740916475";"2a9a22d6ff5d7e214b6ae70b36bd7df4c7447b58ccb61fdbe4ba5b39bd6cbc40";"0d19103f77f912a9bbaea418ba4c0d561cf06db73cc021115696f0ab42ee6994";"3b8b125761e2bcf7c6f0e5c7bef1aa00d26d5853d57883a0e0e98fd50b4b71e6";"7d7178150e2b91768f9ba95b86fb0aab84f02bf8";"314e65771523065a36f1e5781cc18977dbb0fbb2";"15";"15";"d8da038a975116f82d772052a3df70cbab23ccca3834ffb537f39e1e3bffcf53"
"issue13-v5-diagnostic-module-bridge/1";"bridge-a8581893e9470be26b088ad2";"_anomalies.csv";"norow_w13";"wiodr13";"sea_countries";"abstract_labour.empe.m.mv";"after_country_module";"5";"mark_not_applicable";"";"NaN";"wiodr13_v1";"";"";"common/abstract_labour.empe.m.mv-country.R";"indicator.abstract_labour.empe.m.mv";"indicator.abstract_labour.empe.m.mv";"replace";"run-20260827T172911387Z-f3caa443813b0ce5";"d8fc69fe14f2372164c4e3f17b76f23ffb909691d9466e4da25de6db3f16a029";"0d19103f77f912a9bbaea418ba4c0d561cf06db73cc021115696f0ab42ee6994";"3b8b125761e2bcf7c6f0e5c7bef1aa00d26d5853d57883a0e0e98fd50b4b71e6";"e2f4d6dae9a6d35c966b305fabac52e489faa3e7";"7da19c4f2913e857040ba228280f404b0e54eaab";"run-20260824T045022633Z-af31148740916475";"2a9a22d6ff5d7e214b6ae70b36bd7df4c7447b58ccb61fdbe4ba5b39bd6cbc40";"0d19103f77f912a9bbaea418ba4c0d561cf06db73cc021115696f0ab42ee6994";"3b8b125761e2bcf7c6f0e5c7bef1aa00d26d5853d57883a0e0e98fd50b4b71e6";"7d7178150e2b91768f9ba95b86fb0aab84f02bf8";"314e65771523065a36f1e5781cc18977dbb0fbb2";"15";"15";"a8581893e9470be26b088ad2268203866abafb7dc2ebb9c009368b4b59e23484"
"issue13-v5-diagnostic-module-bridge/1";"bridge-cc517327117c4ae179bafcd5";"_anomalies.csv";"norow_w13";"wiodr13";"sea_countries";"abstract_labour.empe.m.mv";"after_country_module";"5";"restore_declared_source_missing";"";"NA";"wiodr13_v1";"";"";"common/abstract_labour.empe.m.mv-country.R";"indicator.abstract_labour.empe.m.mv";"indicator.abstract_labour.empe.m.mv";"replace";"run-20260827T172911387Z-f3caa443813b0ce5";"d8fc69fe14f2372164c4e3f17b76f23ffb909691d9466e4da25de6db3f16a029";"0d19103f77f912a9bbaea418ba4c0d561cf06db73cc021115696f0ab42ee6994";"3b8b125761e2bcf7c6f0e5c7bef1aa00d26d5853d57883a0e0e98fd50b4b71e6";"e2f4d6dae9a6d35c966b305fabac52e489faa3e7";"7da19c4f2913e857040ba228280f404b0e54eaab";"run-20260824T045022633Z-af31148740916475";"2a9a22d6ff5d7e214b6ae70b36bd7df4c7447b58ccb61fdbe4ba5b39bd6cbc40";"0d19103f77f912a9bbaea418ba4c0d561cf06db73cc021115696f0ab42ee6994";"3b8b125761e2bcf7c6f0e5c7bef1aa00d26d5853d57883a0e0e98fd50b4b71e6";"7d7178150e2b91768f9ba95b86fb0aab84f02bf8";"314e65771523065a36f1e5781cc18977dbb0fbb2";"15";"15";"cc517327117c4ae179bafcd50112b319acb3a636253a9067b0089f380719a96e"
"issue13-v5-diagnostic-module-bridge/1";"bridge-21b7489f4fa471ab00bf4167";"_anomalies.csv";"norow_w13";"wiodr13";"sea_countries";"appropriated_profit.r.pc";"after_country_module";"5";"mark_not_applicable";"";"Inf";"wiodr13_v1";"";"";"common/appropriated_profit.r.pc-country.R";"indicator.appropriated_profit.r.pc";"indicator.appropriated_profit.r.pc";"replace";"run-20260827T172911387Z-f3caa443813b0ce5";"d8fc69fe14f2372164c4e3f17b76f23ffb909691d9466e4da25de6db3f16a029";"0d19103f77f912a9bbaea418ba4c0d561cf06db73cc021115696f0ab42ee6994";"3b8b125761e2bcf7c6f0e5c7bef1aa00d26d5853d57883a0e0e98fd50b4b71e6";"e2f4d6dae9a6d35c966b305fabac52e489faa3e7";"7da19c4f2913e857040ba228280f404b0e54eaab";"run-20260824T045022633Z-af31148740916475";"2a9a22d6ff5d7e214b6ae70b36bd7df4c7447b58ccb61fdbe4ba5b39bd6cbc40";"0d19103f77f912a9bbaea418ba4c0d561cf06db73cc021115696f0ab42ee6994";"3b8b125761e2bcf7c6f0e5c7bef1aa00d26d5853d57883a0e0e98fd50b4b71e6";"7d7178150e2b91768f9ba95b86fb0aab84f02bf8";"314e65771523065a36f1e5781cc18977dbb0fbb2";"30";"30";"21b7489f4fa471ab00bf41676910fcab0b4f6093ee219acb0214f7b0f2c87bb1"
"issue13-v5-diagnostic-module-bridge/1";"bridge-73be54cae1ddf2f7c512bf9f";"_anomalies.csv";"norow_w13";"wiodr13";"sea_countries";"compensation.emp.s.cu";"after_country_aggregation";"5";"preserve_all_missing";"";"NA";"wiodr13_v1";"";"";"sea_countries.R";"aggregation.direct";"aggregation.direct";"replace";"run-20260827T172911387Z-f3caa443813b0ce5";"d8fc69fe14f2372164c4e3f17b76f23ffb909691d9466e4da25de6db3f16a029";"0d19103f77f912a9bbaea418ba4c0d561cf06db73cc021115696f0ab42ee6994";"3b8b125761e2bcf7c6f0e5c7bef1aa00d26d5853d57883a0e0e98fd50b4b71e6";"e2f4d6dae9a6d35c966b305fabac52e489faa3e7";"7da19c4f2913e857040ba228280f404b0e54eaab";"run-20260824T045022633Z-af31148740916475";"2a9a22d6ff5d7e214b6ae70b36bd7df4c7447b58ccb61fdbe4ba5b39bd6cbc40";"0d19103f77f912a9bbaea418ba4c0d561cf06db73cc021115696f0ab42ee6994";"3b8b125761e2bcf7c6f0e5c7bef1aa00d26d5853d57883a0e0e98fd50b4b71e6";"7d7178150e2b91768f9ba95b86fb0aab84f02bf8";"314e65771523065a36f1e5781cc18977dbb0fbb2";"525";"525";"73be54cae1ddf2f7c512bf9f0441238a04edbcd6595f9b0b7f7fc1bf093050cb"
"issue13-v5-diagnostic-module-bridge/1";"bridge-f727f7402311255feeb2525e";"_anomalies.csv";"norow_w13";"wiodr13";"sea_countries";"compensation.emp.s.cu";"after_world_aggregation";"5";"aggregate_available";"";"NA";"wiodr13_v1";"";"";"sea_countries.R";"aggregation.direct";"aggregation.direct";"replace";"run-20260827T172911387Z-f3caa443813b0ce5";"d8fc69fe14f2372164c4e3f17b76f23ffb909691d9466e4da25de6db3f16a029";"0d19103f77f912a9bbaea418ba4c0d561cf06db73cc021115696f0ab42ee6994";"3b8b125761e2bcf7c6f0e5c7bef1aa00d26d5853d57883a0e0e98fd50b4b71e6";"e2f4d6dae9a6d35c966b305fabac52e489faa3e7";"7da19c4f2913e857040ba228280f404b0e54eaab";"run-20260824T045022633Z-af31148740916475";"2a9a22d6ff5d7e214b6ae70b36bd7df4c7447b58ccb61fdbe4ba5b39bd6cbc40";"0d19103f77f912a9bbaea418ba4c0d561cf06db73cc021115696f0ab42ee6994";"3b8b125761e2bcf7c6f0e5c7bef1aa00d26d5853d57883a0e0e98fd50b4b71e6";"7d7178150e2b91768f9ba95b86fb0aab84f02bf8";"314e65771523065a36f1e5781cc18977dbb0fbb2";"15";"15";"f727f7402311255feeb2525eab3c1c68042324a0d70e2ff3bae14d72b700c90d"
"issue13-v5-diagnostic-module-bridge/1";"bridge-6cf5489cb689759a5f10e661";"_anomalies.csv";"norow_w13";"wiodr13";"sea_countries";"compensation.empe.s.cu";"after_country_aggregation";"5";"preserve_all_missing";"";"NA";"wiodr13_v1";"";"";"sea_countries.R";"aggregation.direct";"aggregation.direct";"replace";"run-20260827T172911387Z-f3caa443813b0ce5";"d8fc69fe14f2372164c4e3f17b76f23ffb909691d9466e4da25de6db3f16a029";"0d19103f77f912a9bbaea418ba4c0d561cf06db73cc021115696f0ab42ee6994";"3b8b125761e2bcf7c6f0e5c7bef1aa00d26d5853d57883a0e0e98fd50b4b71e6";"e2f4d6dae9a6d35c966b305fabac52e489faa3e7";"7da19c4f2913e857040ba228280f404b0e54eaab";"run-20260824T045022633Z-af31148740916475";"2a9a22d6ff5d7e214b6ae70b36bd7df4c7447b58ccb61fdbe4ba5b39bd6cbc40";"0d19103f77f912a9bbaea418ba4c0d561cf06db73cc021115696f0ab42ee6994";"3b8b125761e2bcf7c6f0e5c7bef1aa00d26d5853d57883a0e0e98fd50b4b71e6";"7d7178150e2b91768f9ba95b86fb0aab84f02bf8";"314e65771523065a36f1e5781cc18977dbb0fbb2";"525";"525";"6cf5489cb689759a5f10e661f4be277d949ea15fef914e9dcd384a7839ee46b0"
"issue13-v5-diagnostic-module-bridge/1";"bridge-7e2f646be9eddaa0f17b7ea4";"_anomalies.csv";"norow_w13";"wiodr13";"sea_countries";"compensation.empe.s.cu";"after_world_aggregation";"5";"aggregate_available";"";"NA";"wiodr13_v1";"";"";"sea_countries.R";"aggregation.direct";"aggregation.direct";"replace";"run-20260827T172911387Z-f3caa443813b0ce5";"d8fc69fe14f2372164c4e3f17b76f23ffb909691d9466e4da25de6db3f16a029";"0d19103f77f912a9bbaea418ba4c0d561cf06db73cc021115696f0ab42ee6994";"3b8b125761e2bcf7c6f0e5c7bef1aa00d26d5853d57883a0e0e98fd50b4b71e6";"e2f4d6dae9a6d35c966b305fabac52e489faa3e7";"7da19c4f2913e857040ba228280f404b0e54eaab";"run-20260824T045022633Z-af31148740916475";"2a9a22d6ff5d7e214b6ae70b36bd7df4c7447b58ccb61fdbe4ba5b39bd6cbc40";"0d19103f77f912a9bbaea418ba4c0d561cf06db73cc021115696f0ab42ee6994";"3b8b125761e2bcf7c6f0e5c7bef1aa00d26d5853d57883a0e0e98fd50b4b71e6";"7d7178150e2b91768f9ba95b86fb0aab84f02bf8";"314e65771523065a36f1e5781cc18977dbb0fbb2";"15";"15";"7e2f646be9eddaa0f17b7ea47952ef48f220bf9e87ebbeb62ae04d2fa1f25d01"
"issue13-v5-diagnostic-module-bridge/1";"bridge-bb6da22fa75f861af9ec71de";"_anomalies.csv";"norow_w13";"wiodr13";"sea_countries";"compensation.empe_hs.r.pc";"after_country_aggregation";"5";"preserve_all_missing";"";"NA";"wiodr13_v1";"";"";"sea_countries.R";"aggregation.direct";"aggregation.direct";"replace";"run-20260827T172911387Z-f3caa443813b0ce5";"d8fc69fe14f2372164c4e3f17b76f23ffb909691d9466e4da25de6db3f16a029";"0d19103f77f912a9bbaea418ba4c0d561cf06db73cc021115696f0ab42ee6994";"3b8b125761e2bcf7c6f0e5c7bef1aa00d26d5853d57883a0e0e98fd50b4b71e6";"e2f4d6dae9a6d35c966b305fabac52e489faa3e7";"7da19c4f2913e857040ba228280f404b0e54eaab";"run-20260824T045022633Z-af31148740916475";"2a9a22d6ff5d7e214b6ae70b36bd7df4c7447b58ccb61fdbe4ba5b39bd6cbc40";"0d19103f77f912a9bbaea418ba4c0d561cf06db73cc021115696f0ab42ee6994";"3b8b125761e2bcf7c6f0e5c7bef1aa00d26d5853d57883a0e0e98fd50b4b71e6";"7d7178150e2b91768f9ba95b86fb0aab84f02bf8";"314e65771523065a36f1e5781cc18977dbb0fbb2";"525";"525";"bb6da22fa75f861af9ec71de35e364901bd18e8bb5dfb6a409016c19ac6d1383"
"issue13-v5-diagnostic-module-bridge/1";"bridge-24180b95ce3cf3623da6a155";"_anomalies.csv";"norow_w13";"wiodr13";"sea_countries";"compensation.empe_hs.r.pc";"after_world_aggregation";"5";"aggregate_available";"";"NA";"wiodr13_v1";"";"";"sea_countries.R";"aggregation.direct";"aggregation.direct";"replace";"run-20260827T172911387Z-f3caa443813b0ce5";"d8fc69fe14f2372164c4e3f17b76f23ffb909691d9466e4da25de6db3f16a029";"0d19103f77f912a9bbaea418ba4c0d561cf06db73cc021115696f0ab42ee6994";"3b8b125761e2bcf7c6f0e5c7bef1aa00d26d5853d57883a0e0e98fd50b4b71e6";"e2f4d6dae9a6d35c966b305fabac52e489faa3e7";"7da19c4f2913e857040ba228280f404b0e54eaab";"run-20260824T045022633Z-af31148740916475";"2a9a22d6ff5d7e214b6ae70b36bd7df4c7447b58ccb61fdbe4ba5b39bd6cbc40";"0d19103f77f912a9bbaea418ba4c0d561cf06db73cc021115696f0ab42ee6994";"3b8b125761e2bcf7c6f0e5c7bef1aa00d26d5853d57883a0e0e98fd50b4b71e6";"7d7178150e2b91768f9ba95b86fb0aab84f02bf8";"314e65771523065a36f1e5781cc18977dbb0fbb2";"15";"15";"24180b95ce3cf3623da6a15512e3ecd5b45c76b7a7d26b190075734e07ffd99a"
"issue13-v5-diagnostic-module-bridge/1";"bridge-bcd969800fe99d0e633f49f2";"_anomalies.csv";"norow_w13";"wiodr13";"sea_countries";"compensation.empe_ls.r.pc";"after_country_aggregation";"5";"preserve_all_missing";"";"NA";"wiodr13_v1";"";"";"sea_countries.R";"aggregation.direct";"aggregation.direct";"replace";"run-20260827T172911387Z-f3caa443813b0ce5";"d8fc69fe14f2372164c4e3f17b76f23ffb909691d9466e4da25de6db3f16a029";"0d19103f77f912a9bbaea418ba4c0d561cf06db73cc021115696f0ab42ee6994";"3b8b125761e2bcf7c6f0e5c7bef1aa00d26d5853d57883a0e0e98fd50b4b71e6";"e2f4d6dae9a6d35c966b305fabac52e489faa3e7";"7da19c4f2913e857040ba228280f404b0e54eaab";"run-20260824T045022633Z-af31148740916475";"2a9a22d6ff5d7e214b6ae70b36bd7df4c7447b58ccb61fdbe4ba5b39bd6cbc40";"0d19103f77f912a9bbaea418ba4c0d561cf06db73cc021115696f0ab42ee6994";"3b8b125761e2bcf7c6f0e5c7bef1aa00d26d5853d57883a0e0e98fd50b4b71e6";"7d7178150e2b91768f9ba95b86fb0aab84f02bf8";"314e65771523065a36f1e5781cc18977dbb0fbb2";"525";"525";"bcd969800fe99d0e633f49f23e4202b78fba1339935729c8835e23969d501beb"
"issue13-v5-diagnostic-module-bridge/1";"bridge-8c2913753298f73a710412c5";"_anomalies.csv";"norow_w13";"wiodr13";"sea_countries";"compensation.empe_ls.r.pc";"after_world_aggregation";"5";"aggregate_available";"";"NA";"wiodr13_v1";"";"";"sea_countries.R";"aggregation.direct";"aggregation.direct";"replace";"run-20260827T172911387Z-f3caa443813b0ce5";"d8fc69fe14f2372164c4e3f17b76f23ffb909691d9466e4da25de6db3f16a029";"0d19103f77f912a9bbaea418ba4c0d561cf06db73cc021115696f0ab42ee6994";"3b8b125761e2bcf7c6f0e5c7bef1aa00d26d5853d57883a0e0e98fd50b4b71e6";"e2f4d6dae9a6d35c966b305fabac52e489faa3e7";"7da19c4f2913e857040ba228280f404b0e54eaab";"run-20260824T045022633Z-af31148740916475";"2a9a22d6ff5d7e214b6ae70b36bd7df4c7447b58ccb61fdbe4ba5b39bd6cbc40";"0d19103f77f912a9bbaea418ba4c0d561cf06db73cc021115696f0ab42ee6994";"3b8b125761e2bcf7c6f0e5c7bef1aa00d26d5853d57883a0e0e98fd50b4b71e6";"7d7178150e2b91768f9ba95b86fb0aab84f02bf8";"314e65771523065a36f1e5781cc18977dbb0fbb2";"15";"15";"8c2913753298f73a710412c50a444ce73b0fde7d3d142b0759c2d6084540b4f4"
"issue13-v5-diagnostic-module-bridge/1";"bridge-bd82d923ee42f7c4576c861e";"_anomalies.csv";"norow_w13";"wiodr13";"sea_countries";"compensation.empe_ms.r.pc";"after_country_aggregation";"5";"preserve_all_missing";"";"NA";"wiodr13_v1";"";"";"sea_countries.R";"aggregation.direct";"aggregation.direct";"replace";"run-20260827T172911387Z-f3caa443813b0ce5";"d8fc69fe14f2372164c4e3f17b76f23ffb909691d9466e4da25de6db3f16a029";"0d19103f77f912a9bbaea418ba4c0d561cf06db73cc021115696f0ab42ee6994";"3b8b125761e2bcf7c6f0e5c7bef1aa00d26d5853d57883a0e0e98fd50b4b71e6";"e2f4d6dae9a6d35c966b305fabac52e489faa3e7";"7da19c4f2913e857040ba228280f404b0e54eaab";"run-20260824T045022633Z-af31148740916475";"2a9a22d6ff5d7e214b6ae70b36bd7df4c7447b58ccb61fdbe4ba5b39bd6cbc40";"0d19103f77f912a9bbaea418ba4c0d561cf06db73cc021115696f0ab42ee6994";"3b8b125761e2bcf7c6f0e5c7bef1aa00d26d5853d57883a0e0e98fd50b4b71e6";"7d7178150e2b91768f9ba95b86fb0aab84f02bf8";"314e65771523065a36f1e5781cc18977dbb0fbb2";"525";"525";"bd82d923ee42f7c4576c861e8e1c3e290a96233429004ff64bacb2eca1053189"
"issue13-v5-diagnostic-module-bridge/1";"bridge-793a6086fa277e8315752c2b";"_anomalies.csv";"norow_w13";"wiodr13";"sea_countries";"compensation.empe_ms.r.pc";"after_world_aggregation";"5";"aggregate_available";"";"NA";"wiodr13_v1";"";"";"sea_countries.R";"aggregation.direct";"aggregation.direct";"replace";"run-20260827T172911387Z-f3caa443813b0ce5";"d8fc69fe14f2372164c4e3f17b76f23ffb909691d9466e4da25de6db3f16a029";"0d19103f77f912a9bbaea418ba4c0d561cf06db73cc021115696f0ab42ee6994";"3b8b125761e2bcf7c6f0e5c7bef1aa00d26d5853d57883a0e0e98fd50b4b71e6";"e2f4d6dae9a6d35c966b305fabac52e489faa3e7";"7da19c4f2913e857040ba228280f404b0e54eaab";"run-20260824T045022633Z-af31148740916475";"2a9a22d6ff5d7e214b6ae70b36bd7df4c7447b58ccb61fdbe4ba5b39bd6cbc40";"0d19103f77f912a9bbaea418ba4c0d561cf06db73cc021115696f0ab42ee6994";"3b8b125761e2bcf7c6f0e5c7bef1aa00d26d5853d57883a0e0e98fd50b4b71e6";"7d7178150e2b91768f9ba95b86fb0aab84f02bf8";"314e65771523065a36f1e5781cc18977dbb0fbb2";"15";"15";"793a6086fa277e8315752c2bbaa6c46092cb079cf504671fa6eab07215a2331d"
"issue13-v5-diagnostic-module-bridge/1";"bridge-4096982a909124d75822fac9";"_anomalies.csv";"norow_w13";"wiodr13";"sea_countries";"exchange.r.us";"after_country_aggregation";"5";"preserve_all_missing";"";"NA";"wiodr13_v1";"";"";"sea_countries.R";"aggregation.direct";"aggregation.direct";"replace";"run-20260827T172911387Z-f3caa443813b0ce5";"d8fc69fe14f2372164c4e3f17b76f23ffb909691d9466e4da25de6db3f16a029";"0d19103f77f912a9bbaea418ba4c0d561cf06db73cc021115696f0ab42ee6994";"3b8b125761e2bcf7c6f0e5c7bef1aa00d26d5853d57883a0e0e98fd50b4b71e6";"e2f4d6dae9a6d35c966b305fabac52e489faa3e7";"7da19c4f2913e857040ba228280f404b0e54eaab";"run-20260824T045022633Z-af31148740916475";"2a9a22d6ff5d7e214b6ae70b36bd7df4c7447b58ccb61fdbe4ba5b39bd6cbc40";"0d19103f77f912a9bbaea418ba4c0d561cf06db73cc021115696f0ab42ee6994";"3b8b125761e2bcf7c6f0e5c7bef1aa00d26d5853d57883a0e0e98fd50b4b71e6";"7d7178150e2b91768f9ba95b86fb0aab84f02bf8";"314e65771523065a36f1e5781cc18977dbb0fbb2";"525";"525";"4096982a909124d75822fac99a553021e58ff9156381ff7b64be7c14b802ea97"
"issue13-v5-diagnostic-module-bridge/1";"bridge-5d4d45d70c82ce4b062ccb12";"_anomalies.csv";"norow_w13";"wiodr13";"sea_countries";"exchange.r.us";"after_world_aggregation";"5";"aggregate_available";"";"NA";"wiodr13_v1";"";"";"sea_countries.R";"aggregation.direct";"aggregation.direct";"replace";"run-20260827T172911387Z-f3caa443813b0ce5";"d8fc69fe14f2372164c4e3f17b76f23ffb909691d9466e4da25de6db3f16a029";"0d19103f77f912a9bbaea418ba4c0d561cf06db73cc021115696f0ab42ee6994";"3b8b125761e2bcf7c6f0e5c7bef1aa00d26d5853d57883a0e0e98fd50b4b71e6";"e2f4d6dae9a6d35c966b305fabac52e489faa3e7";"7da19c4f2913e857040ba228280f404b0e54eaab";"run-20260824T045022633Z-af31148740916475";"2a9a22d6ff5d7e214b6ae70b36bd7df4c7447b58ccb61fdbe4ba5b39bd6cbc40";"0d19103f77f912a9bbaea418ba4c0d561cf06db73cc021115696f0ab42ee6994";"3b8b125761e2bcf7c6f0e5c7bef1aa00d26d5853d57883a0e0e98fd50b4b71e6";"7d7178150e2b91768f9ba95b86fb0aab84f02bf8";"314e65771523065a36f1e5781cc18977dbb0fbb2";"15";"15";"5d4d45d70c82ce4b062ccb129d4c0ec85fd01e5f13d66e3ea7712801f6adcac9"
"issue13-v5-diagnostic-module-bridge/1";"bridge-79a03a34acb399ffc9fecc9a";"_anomalies.csv";"norow_w13";"wiodr13";"sea_countries";"go_price.r.id";"after_country_aggregation";"5";"aggregate_available";"";"NA";"wiodr13_v1";"";"";"sea_countries.R";"aggregation.direct";"aggregation.direct";"replace";"run-20260827T172911387Z-f3caa443813b0ce5";"d8fc69fe14f2372164c4e3f17b76f23ffb909691d9466e4da25de6db3f16a029";"0d19103f77f912a9bbaea418ba4c0d561cf06db73cc021115696f0ab42ee6994";"3b8b125761e2bcf7c6f0e5c7bef1aa00d26d5853d57883a0e0e98fd50b4b71e6";"e2f4d6dae9a6d35c966b305fabac52e489faa3e7";"7da19c4f2913e857040ba228280f404b0e54eaab";"run-20260824T045022633Z-af31148740916475";"2a9a22d6ff5d7e214b6ae70b36bd7df4c7447b58ccb61fdbe4ba5b39bd6cbc40";"0d19103f77f912a9bbaea418ba4c0d561cf06db73cc021115696f0ab42ee6994";"3b8b125761e2bcf7c6f0e5c7bef1aa00d26d5853d57883a0e0e98fd50b4b71e6";"7d7178150e2b91768f9ba95b86fb0aab84f02bf8";"314e65771523065a36f1e5781cc18977dbb0fbb2";"240";"240";"79a03a34acb399ffc9fecc9ae2be1857fa978e623f74d41ecb1d9ea64b9c98be"
"issue13-v5-diagnostic-module-bridge/1";"bridge-b557fa0f7d44ebbec5eb137b";"_anomalies.csv";"norow_w13";"wiodr13";"sea_countries";"hours_worked.empe_hs.r.pc";"after_country_aggregation";"5";"preserve_all_missing";"";"NA";"wiodr13_v1";"";"";"sea_countries.R";"aggregation.direct";"aggregation.direct";"replace";"run-20260827T172911387Z-f3caa443813b0ce5";"d8fc69fe14f2372164c4e3f17b76f23ffb909691d9466e4da25de6db3f16a029";"0d19103f77f912a9bbaea418ba4c0d561cf06db73cc021115696f0ab42ee6994";"3b8b125761e2bcf7c6f0e5c7bef1aa00d26d5853d57883a0e0e98fd50b4b71e6";"e2f4d6dae9a6d35c966b305fabac52e489faa3e7";"7da19c4f2913e857040ba228280f404b0e54eaab";"run-20260824T045022633Z-af31148740916475";"2a9a22d6ff5d7e214b6ae70b36bd7df4c7447b58ccb61fdbe4ba5b39bd6cbc40";"0d19103f77f912a9bbaea418ba4c0d561cf06db73cc021115696f0ab42ee6994";"3b8b125761e2bcf7c6f0e5c7bef1aa00d26d5853d57883a0e0e98fd50b4b71e6";"7d7178150e2b91768f9ba95b86fb0aab84f02bf8";"314e65771523065a36f1e5781cc18977dbb0fbb2";"525";"525";"b557fa0f7d44ebbec5eb137b9b69c29cc58c83eda5a9a3e6edae5e3bbc426ccd"
"issue13-v5-diagnostic-module-bridge/1";"bridge-ae02544b309d97ecac8efd39";"_anomalies.csv";"norow_w13";"wiodr13";"sea_countries";"hours_worked.empe_hs.r.pc";"after_world_aggregation";"5";"aggregate_available";"";"NA";"wiodr13_v1";"";"";"sea_countries.R";"aggregation.direct";"aggregation.direct";"replace";"run-20260827T172911387Z-f3caa443813b0ce5";"d8fc69fe14f2372164c4e3f17b76f23ffb909691d9466e4da25de6db3f16a029";"0d19103f77f912a9bbaea418ba4c0d561cf06db73cc021115696f0ab42ee6994";"3b8b125761e2bcf7c6f0e5c7bef1aa00d26d5853d57883a0e0e98fd50b4b71e6";"e2f4d6dae9a6d35c966b305fabac52e489faa3e7";"7da19c4f2913e857040ba228280f404b0e54eaab";"run-20260824T045022633Z-af31148740916475";"2a9a22d6ff5d7e214b6ae70b36bd7df4c7447b58ccb61fdbe4ba5b39bd6cbc40";"0d19103f77f912a9bbaea418ba4c0d561cf06db73cc021115696f0ab42ee6994";"3b8b125761e2bcf7c6f0e5c7bef1aa00d26d5853d57883a0e0e98fd50b4b71e6";"7d7178150e2b91768f9ba95b86fb0aab84f02bf8";"314e65771523065a36f1e5781cc18977dbb0fbb2";"15";"15";"ae02544b309d97ecac8efd39f14117e5aebca82c745fc8640a7ca882ff60cdb0"
"issue13-v5-diagnostic-module-bridge/1";"bridge-27b7b02e8996b790e75fa122";"_anomalies.csv";"norow_w13";"wiodr13";"sea_countries";"hours_worked.empe_ls.r.pc";"after_country_aggregation";"5";"preserve_all_missing";"";"NA";"wiodr13_v1";"";"";"sea_countries.R";"aggregation.direct";"aggregation.direct";"replace";"run-20260827T172911387Z-f3caa443813b0ce5";"d8fc69fe14f2372164c4e3f17b76f23ffb909691d9466e4da25de6db3f16a029";"0d19103f77f912a9bbaea418ba4c0d561cf06db73cc021115696f0ab42ee6994";"3b8b125761e2bcf7c6f0e5c7bef1aa00d26d5853d57883a0e0e98fd50b4b71e6";"e2f4d6dae9a6d35c966b305fabac52e489faa3e7";"7da19c4f2913e857040ba228280f404b0e54eaab";"run-20260824T045022633Z-af31148740916475";"2a9a22d6ff5d7e214b6ae70b36bd7df4c7447b58ccb61fdbe4ba5b39bd6cbc40";"0d19103f77f912a9bbaea418ba4c0d561cf06db73cc021115696f0ab42ee6994";"3b8b125761e2bcf7c6f0e5c7bef1aa00d26d5853d57883a0e0e98fd50b4b71e6";"7d7178150e2b91768f9ba95b86fb0aab84f02bf8";"314e65771523065a36f1e5781cc18977dbb0fbb2";"525";"525";"27b7b02e8996b790e75fa122103f892aca4757e373f75d68ef45f19e0ec240b7"
"issue13-v5-diagnostic-module-bridge/1";"bridge-508c8cc5e841af5805a3bbe6";"_anomalies.csv";"norow_w13";"wiodr13";"sea_countries";"hours_worked.empe_ls.r.pc";"after_world_aggregation";"5";"aggregate_available";"";"NA";"wiodr13_v1";"";"";"sea_countries.R";"aggregation.direct";"aggregation.direct";"replace";"run-20260827T172911387Z-f3caa443813b0ce5";"d8fc69fe14f2372164c4e3f17b76f23ffb909691d9466e4da25de6db3f16a029";"0d19103f77f912a9bbaea418ba4c0d561cf06db73cc021115696f0ab42ee6994";"3b8b125761e2bcf7c6f0e5c7bef1aa00d26d5853d57883a0e0e98fd50b4b71e6";"e2f4d6dae9a6d35c966b305fabac52e489faa3e7";"7da19c4f2913e857040ba228280f404b0e54eaab";"run-20260824T045022633Z-af31148740916475";"2a9a22d6ff5d7e214b6ae70b36bd7df4c7447b58ccb61fdbe4ba5b39bd6cbc40";"0d19103f77f912a9bbaea418ba4c0d561cf06db73cc021115696f0ab42ee6994";"3b8b125761e2bcf7c6f0e5c7bef1aa00d26d5853d57883a0e0e98fd50b4b71e6";"7d7178150e2b91768f9ba95b86fb0aab84f02bf8";"314e65771523065a36f1e5781cc18977dbb0fbb2";"15";"15";"508c8cc5e841af5805a3bbe65e4fdc1ebd491da6989402841766ffbd0c40cd00"
"issue13-v5-diagnostic-module-bridge/1";"bridge-5018cdb5d3d793712e1b6ff3";"_anomalies.csv";"norow_w13";"wiodr13";"sea_countries";"hours_worked.empe_ms.r.pc";"after_country_aggregation";"5";"preserve_all_missing";"";"NA";"wiodr13_v1";"";"";"sea_countries.R";"aggregation.direct";"aggregation.direct";"replace";"run-20260827T172911387Z-f3caa443813b0ce5";"d8fc69fe14f2372164c4e3f17b76f23ffb909691d9466e4da25de6db3f16a029";"0d19103f77f912a9bbaea418ba4c0d561cf06db73cc021115696f0ab42ee6994";"3b8b125761e2bcf7c6f0e5c7bef1aa00d26d5853d57883a0e0e98fd50b4b71e6";"e2f4d6dae9a6d35c966b305fabac52e489faa3e7";"7da19c4f2913e857040ba228280f404b0e54eaab";"run-20260824T045022633Z-af31148740916475";"2a9a22d6ff5d7e214b6ae70b36bd7df4c7447b58ccb61fdbe4ba5b39bd6cbc40";"0d19103f77f912a9bbaea418ba4c0d561cf06db73cc021115696f0ab42ee6994";"3b8b125761e2bcf7c6f0e5c7bef1aa00d26d5853d57883a0e0e98fd50b4b71e6";"7d7178150e2b91768f9ba95b86fb0aab84f02bf8";"314e65771523065a36f1e5781cc18977dbb0fbb2";"525";"525";"5018cdb5d3d793712e1b6ff3cd1cc759081895257af3a119d684cf50d9b1b0e0"
"issue13-v5-diagnostic-module-bridge/1";"bridge-1afd780bcee5a5cd13b69fa5";"_anomalies.csv";"norow_w13";"wiodr13";"sea_countries";"hours_worked.empe_ms.r.pc";"after_world_aggregation";"5";"aggregate_available";"";"NA";"wiodr13_v1";"";"";"sea_countries.R";"aggregation.direct";"aggregation.direct";"replace";"run-20260827T172911387Z-f3caa443813b0ce5";"d8fc69fe14f2372164c4e3f17b76f23ffb909691d9466e4da25de6db3f16a029";"0d19103f77f912a9bbaea418ba4c0d561cf06db73cc021115696f0ab42ee6994";"3b8b125761e2bcf7c6f0e5c7bef1aa00d26d5853d57883a0e0e98fd50b4b71e6";"e2f4d6dae9a6d35c966b305fabac52e489faa3e7";"7da19c4f2913e857040ba228280f404b0e54eaab";"run-20260824T045022633Z-af31148740916475";"2a9a22d6ff5d7e214b6ae70b36bd7df4c7447b58ccb61fdbe4ba5b39bd6cbc40";"0d19103f77f912a9bbaea418ba4c0d561cf06db73cc021115696f0ab42ee6994";"3b8b125761e2bcf7c6f0e5c7bef1aa00d26d5853d57883a0e0e98fd50b4b71e6";"7d7178150e2b91768f9ba95b86fb0aab84f02bf8";"314e65771523065a36f1e5781cc18977dbb0fbb2";"15";"15";"1afd780bcee5a5cd13b69fa5c449bdad877e5f2708d3b5568e5cdbd0a775dea5"
"issue13-v5-diagnostic-module-bridge/1";"bridge-da4d5935ca9ee668fee5dc0d";"_anomalies.csv";"norow_w13";"wiodr13";"sea_countries";"labour_force_value.emp.m.mv";"after_country_module";"5";"mark_not_applicable";"";"NaN";"wiodr13_v1";"";"";"common/labour_force_value.emp.m.mv-country.R";"indicator.labour_force_value.emp.m.mv";"indicator.labour_force_value.emp.m.mv";"replace";"run-20260827T172911387Z-f3caa443813b0ce5";"d8fc69fe14f2372164c4e3f17b76f23ffb909691d9466e4da25de6db3f16a029";"0d19103f77f912a9bbaea418ba4c0d561cf06db73cc021115696f0ab42ee6994";"3b8b125761e2bcf7c6f0e5c7bef1aa00d26d5853d57883a0e0e98fd50b4b71e6";"e2f4d6dae9a6d35c966b305fabac52e489faa3e7";"7da19c4f2913e857040ba228280f404b0e54eaab";"run-20260824T045022633Z-af31148740916475";"2a9a22d6ff5d7e214b6ae70b36bd7df4c7447b58ccb61fdbe4ba5b39bd6cbc40";"0d19103f77f912a9bbaea418ba4c0d561cf06db73cc021115696f0ab42ee6994";"3b8b125761e2bcf7c6f0e5c7bef1aa00d26d5853d57883a0e0e98fd50b4b71e6";"7d7178150e2b91768f9ba95b86fb0aab84f02bf8";"314e65771523065a36f1e5781cc18977dbb0fbb2";"15";"15";"da4d5935ca9ee668fee5dc0df713b24cb7e5b217372bff695210c53ff04c18bb"
"issue13-v5-diagnostic-module-bridge/1";"bridge-dce74cab0efc7b7e0ebecd60";"_anomalies.csv";"norow_w13";"wiodr13";"sea_countries";"labour_force_value.emp.m.mv";"after_country_module";"5";"restore_declared_source_missing";"";"NA";"wiodr13_v1";"";"";"common/labour_force_value.emp.m.mv-country.R";"indicator.labour_force_value.emp.m.mv";"indicator.labour_force_value.emp.m.mv";"replace";"run-20260827T172911387Z-f3caa443813b0ce5";"d8fc69fe14f2372164c4e3f17b76f23ffb909691d9466e4da25de6db3f16a029";"0d19103f77f912a9bbaea418ba4c0d561cf06db73cc021115696f0ab42ee6994";"3b8b125761e2bcf7c6f0e5c7bef1aa00d26d5853d57883a0e0e98fd50b4b71e6";"e2f4d6dae9a6d35c966b305fabac52e489faa3e7";"7da19c4f2913e857040ba228280f404b0e54eaab";"run-20260824T045022633Z-af31148740916475";"2a9a22d6ff5d7e214b6ae70b36bd7df4c7447b58ccb61fdbe4ba5b39bd6cbc40";"0d19103f77f912a9bbaea418ba4c0d561cf06db73cc021115696f0ab42ee6994";"3b8b125761e2bcf7c6f0e5c7bef1aa00d26d5853d57883a0e0e98fd50b4b71e6";"7d7178150e2b91768f9ba95b86fb0aab84f02bf8";"314e65771523065a36f1e5781cc18977dbb0fbb2";"15";"15";"dce74cab0efc7b7e0ebecd603b27d5dcfee5744321c206e618cd296a439408c5"
"issue13-v5-diagnostic-module-bridge/1";"bridge-d792309c2262c0f25333907d";"_anomalies.csv";"norow_w13";"wiodr13";"sea_countries";"labour_force_value.m.mv";"after_country_module";"5";"mark_not_applicable";"";"NaN";"wiodr13_v1";"";"";"common/labour_force_value.m.mv-country.R";"indicator.labour_force_value.m.mv";"indicator.labour_force_value.m.mv";"replace";"run-20260827T172911387Z-f3caa443813b0ce5";"d8fc69fe14f2372164c4e3f17b76f23ffb909691d9466e4da25de6db3f16a029";"0d19103f77f912a9bbaea418ba4c0d561cf06db73cc021115696f0ab42ee6994";"3b8b125761e2bcf7c6f0e5c7bef1aa00d26d5853d57883a0e0e98fd50b4b71e6";"e2f4d6dae9a6d35c966b305fabac52e489faa3e7";"7da19c4f2913e857040ba228280f404b0e54eaab";"run-20260824T045022633Z-af31148740916475";"2a9a22d6ff5d7e214b6ae70b36bd7df4c7447b58ccb61fdbe4ba5b39bd6cbc40";"0d19103f77f912a9bbaea418ba4c0d561cf06db73cc021115696f0ab42ee6994";"3b8b125761e2bcf7c6f0e5c7bef1aa00d26d5853d57883a0e0e98fd50b4b71e6";"7d7178150e2b91768f9ba95b86fb0aab84f02bf8";"314e65771523065a36f1e5781cc18977dbb0fbb2";"15";"15";"d792309c2262c0f25333907d3dbecb702c387eaf44b8451f8932b3ab304d9884"
"issue13-v5-diagnostic-module-bridge/1";"bridge-7547d31fc2f11cd86df7263f";"_anomalies.csv";"norow_w13";"wiodr13";"sea_countries";"labour_force_value.m.mv";"after_country_module";"5";"restore_declared_source_missing";"";"NA";"wiodr13_v1";"";"";"common/labour_force_value.m.mv-country.R";"indicator.labour_force_value.m.mv";"indicator.labour_force_value.m.mv";"replace";"run-20260827T172911387Z-f3caa443813b0ce5";"d8fc69fe14f2372164c4e3f17b76f23ffb909691d9466e4da25de6db3f16a029";"0d19103f77f912a9bbaea418ba4c0d561cf06db73cc021115696f0ab42ee6994";"3b8b125761e2bcf7c6f0e5c7bef1aa00d26d5853d57883a0e0e98fd50b4b71e6";"e2f4d6dae9a6d35c966b305fabac52e489faa3e7";"7da19c4f2913e857040ba228280f404b0e54eaab";"run-20260824T045022633Z-af31148740916475";"2a9a22d6ff5d7e214b6ae70b36bd7df4c7447b58ccb61fdbe4ba5b39bd6cbc40";"0d19103f77f912a9bbaea418ba4c0d561cf06db73cc021115696f0ab42ee6994";"3b8b125761e2bcf7c6f0e5c7bef1aa00d26d5853d57883a0e0e98fd50b4b71e6";"7d7178150e2b91768f9ba95b86fb0aab84f02bf8";"314e65771523065a36f1e5781cc18977dbb0fbb2";"15";"15";"7547d31fc2f11cd86df7263f95179ade1db6b45669904afd1b0898998f8a2dfd"
"issue13-v5-diagnostic-module-bridge/1";"bridge-0fafe005c045ea064750c86c";"_anomalies.csv";"norow_w13";"wiodr13";"sea_countries";"profit.s.us";"after_country_aggregation";"5";"preserve_all_missing";"";"NA";"wiodr13_v1";"";"";"sea_countries.R";"aggregation.direct";"aggregation.direct";"replace";"run-20260827T172911387Z-f3caa443813b0ce5";"d8fc69fe14f2372164c4e3f17b76f23ffb909691d9466e4da25de6db3f16a029";"0d19103f77f912a9bbaea418ba4c0d561cf06db73cc021115696f0ab42ee6994";"3b8b125761e2bcf7c6f0e5c7bef1aa00d26d5853d57883a0e0e98fd50b4b71e6";"e2f4d6dae9a6d35c966b305fabac52e489faa3e7";"7da19c4f2913e857040ba228280f404b0e54eaab";"run-20260824T045022633Z-af31148740916475";"2a9a22d6ff5d7e214b6ae70b36bd7df4c7447b58ccb61fdbe4ba5b39bd6cbc40";"0d19103f77f912a9bbaea418ba4c0d561cf06db73cc021115696f0ab42ee6994";"3b8b125761e2bcf7c6f0e5c7bef1aa00d26d5853d57883a0e0e98fd50b4b71e6";"7d7178150e2b91768f9ba95b86fb0aab84f02bf8";"314e65771523065a36f1e5781cc18977dbb0fbb2";"525";"525";"0fafe005c045ea064750c86c0b6b3a4449311b78b627bdea1858651d0647edec"
"issue13-v5-diagnostic-module-bridge/1";"bridge-5170569d9b33ccb6c03e60e4";"_anomalies.csv";"norow_w13";"wiodr13";"sea_countries";"profit.s.us";"after_world_aggregation";"5";"aggregate_available";"";"NA";"wiodr13_v1";"";"";"sea_countries.R";"aggregation.direct";"aggregation.direct";"replace";"run-20260827T172911387Z-f3caa443813b0ce5";"d8fc69fe14f2372164c4e3f17b76f23ffb909691d9466e4da25de6db3f16a029";"0d19103f77f912a9bbaea418ba4c0d561cf06db73cc021115696f0ab42ee6994";"3b8b125761e2bcf7c6f0e5c7bef1aa00d26d5853d57883a0e0e98fd50b4b71e6";"e2f4d6dae9a6d35c966b305fabac52e489faa3e7";"7da19c4f2913e857040ba228280f404b0e54eaab";"run-20260824T045022633Z-af31148740916475";"2a9a22d6ff5d7e214b6ae70b36bd7df4c7447b58ccb61fdbe4ba5b39bd6cbc40";"0d19103f77f912a9bbaea418ba4c0d561cf06db73cc021115696f0ab42ee6994";"3b8b125761e2bcf7c6f0e5c7bef1aa00d26d5853d57883a0e0e98fd50b4b71e6";"7d7178150e2b91768f9ba95b86fb0aab84f02bf8";"314e65771523065a36f1e5781cc18977dbb0fbb2";"15";"15";"5170569d9b33ccb6c03e60e48b839e432a9463044ae67a1b8741e9ccbb67365c"
"issue13-v5-diagnostic-module-bridge/1";"bridge-7751d8dd17c5b0547543069b";"_anomalies.csv";"norow_w13";"wiodr13";"sea_countries";"surplus_value.emp.r.pc";"after_country_module";"5";"mark_not_applicable";"";"NaN";"wiodr13_v1";"";"";"common/surplus_value.emp.r.pc-country.R";"indicator.surplus_value.emp.r.pc";"indicator.surplus_value.emp.r.pc";"replace";"run-20260827T172911387Z-f3caa443813b0ce5";"d8fc69fe14f2372164c4e3f17b76f23ffb909691d9466e4da25de6db3f16a029";"0d19103f77f912a9bbaea418ba4c0d561cf06db73cc021115696f0ab42ee6994";"3b8b125761e2bcf7c6f0e5c7bef1aa00d26d5853d57883a0e0e98fd50b4b71e6";"e2f4d6dae9a6d35c966b305fabac52e489faa3e7";"7da19c4f2913e857040ba228280f404b0e54eaab";"run-20260824T045022633Z-af31148740916475";"2a9a22d6ff5d7e214b6ae70b36bd7df4c7447b58ccb61fdbe4ba5b39bd6cbc40";"0d19103f77f912a9bbaea418ba4c0d561cf06db73cc021115696f0ab42ee6994";"3b8b125761e2bcf7c6f0e5c7bef1aa00d26d5853d57883a0e0e98fd50b4b71e6";"7d7178150e2b91768f9ba95b86fb0aab84f02bf8";"314e65771523065a36f1e5781cc18977dbb0fbb2";"15";"15";"7751d8dd17c5b0547543069b2aaef82544fdfdec6f87608762196d8d17ddba34"
"issue13-v5-diagnostic-module-bridge/1";"bridge-fe2092640af2afffe15b201a";"_anomalies.csv";"norow_w13";"wiodr13";"sea_countries";"surplus_value.emp.r.pc";"after_country_module";"5";"restore_declared_source_missing";"";"NA";"wiodr13_v1";"";"";"common/surplus_value.emp.r.pc-country.R";"indicator.surplus_value.emp.r.pc";"indicator.surplus_value.emp.r.pc";"replace";"run-20260827T172911387Z-f3caa443813b0ce5";"d8fc69fe14f2372164c4e3f17b76f23ffb909691d9466e4da25de6db3f16a029";"0d19103f77f912a9bbaea418ba4c0d561cf06db73cc021115696f0ab42ee6994";"3b8b125761e2bcf7c6f0e5c7bef1aa00d26d5853d57883a0e0e98fd50b4b71e6";"e2f4d6dae9a6d35c966b305fabac52e489faa3e7";"7da19c4f2913e857040ba228280f404b0e54eaab";"run-20260824T045022633Z-af31148740916475";"2a9a22d6ff5d7e214b6ae70b36bd7df4c7447b58ccb61fdbe4ba5b39bd6cbc40";"0d19103f77f912a9bbaea418ba4c0d561cf06db73cc021115696f0ab42ee6994";"3b8b125761e2bcf7c6f0e5c7bef1aa00d26d5853d57883a0e0e98fd50b4b71e6";"7d7178150e2b91768f9ba95b86fb0aab84f02bf8";"314e65771523065a36f1e5781cc18977dbb0fbb2";"15";"15";"fe2092640af2afffe15b201adf7c6beb5db67c00b88e7a99438e68453703d514"
"issue13-v5-diagnostic-module-bridge/1";"bridge-1cd8332e144ab6b712c1a690";"_anomalies.csv";"norow_w13";"wiodr13";"sea_countries";"surplus_value.emp_p.r.pc";"after_country_module";"5";"mark_not_applicable";"";"NaN";"wiodr13_v1";"";"";"common/surplus_value.emp_p.r.pc-country.R";"indicator.surplus_value.emp_p.r.pc";"indicator.surplus_value.emp_p.r.pc";"replace";"run-20260827T172911387Z-f3caa443813b0ce5";"d8fc69fe14f2372164c4e3f17b76f23ffb909691d9466e4da25de6db3f16a029";"0d19103f77f912a9bbaea418ba4c0d561cf06db73cc021115696f0ab42ee6994";"3b8b125761e2bcf7c6f0e5c7bef1aa00d26d5853d57883a0e0e98fd50b4b71e6";"e2f4d6dae9a6d35c966b305fabac52e489faa3e7";"7da19c4f2913e857040ba228280f404b0e54eaab";"run-20260824T045022633Z-af31148740916475";"2a9a22d6ff5d7e214b6ae70b36bd7df4c7447b58ccb61fdbe4ba5b39bd6cbc40";"0d19103f77f912a9bbaea418ba4c0d561cf06db73cc021115696f0ab42ee6994";"3b8b125761e2bcf7c6f0e5c7bef1aa00d26d5853d57883a0e0e98fd50b4b71e6";"7d7178150e2b91768f9ba95b86fb0aab84f02bf8";"314e65771523065a36f1e5781cc18977dbb0fbb2";"15";"15";"1cd8332e144ab6b712c1a6901233ef04a7f897615f4ce487b18317352a4a2b11"
"issue13-v5-diagnostic-module-bridge/1";"bridge-1797a2f0f369323495bc6460";"_anomalies.csv";"norow_w13";"wiodr13";"sea_countries";"surplus_value.emp_p.r.pc";"after_country_module";"5";"restore_declared_source_missing";"";"NA";"wiodr13_v1";"";"";"common/surplus_value.emp_p.r.pc-country.R";"indicator.surplus_value.emp_p.r.pc";"indicator.surplus_value.emp_p.r.pc";"replace";"run-20260827T172911387Z-f3caa443813b0ce5";"d8fc69fe14f2372164c4e3f17b76f23ffb909691d9466e4da25de6db3f16a029";"0d19103f77f912a9bbaea418ba4c0d561cf06db73cc021115696f0ab42ee6994";"3b8b125761e2bcf7c6f0e5c7bef1aa00d26d5853d57883a0e0e98fd50b4b71e6";"e2f4d6dae9a6d35c966b305fabac52e489faa3e7";"7da19c4f2913e857040ba228280f404b0e54eaab";"run-20260824T045022633Z-af31148740916475";"2a9a22d6ff5d7e214b6ae70b36bd7df4c7447b58ccb61fdbe4ba5b39bd6cbc40";"0d19103f77f912a9bbaea418ba4c0d561cf06db73cc021115696f0ab42ee6994";"3b8b125761e2bcf7c6f0e5c7bef1aa00d26d5853d57883a0e0e98fd50b4b71e6";"7d7178150e2b91768f9ba95b86fb0aab84f02bf8";"314e65771523065a36f1e5781cc18977dbb0fbb2";"15";"15";"1797a2f0f369323495bc6460b3fc0d9cf11b976020e6e0156eff74ceed45f3bd"
"issue13-v5-diagnostic-module-bridge/1";"bridge-7f4d9c235f2b84c678ba7da5";"_anomalies.csv";"norow_w13";"wiodr13";"sea_countries";"surplus_value.empe.r.pc";"after_country_module";"5";"mark_not_applicable";"";"NaN";"wiodr13_v1";"";"";"common/surplus_value.empe.r.pc-country.R";"indicator.surplus_value.empe.r.pc";"indicator.surplus_value.empe.r.pc";"replace";"run-20260827T172911387Z-f3caa443813b0ce5";"d8fc69fe14f2372164c4e3f17b76f23ffb909691d9466e4da25de6db3f16a029";"0d19103f77f912a9bbaea418ba4c0d561cf06db73cc021115696f0ab42ee6994";"3b8b125761e2bcf7c6f0e5c7bef1aa00d26d5853d57883a0e0e98fd50b4b71e6";"e2f4d6dae9a6d35c966b305fabac52e489faa3e7";"7da19c4f2913e857040ba228280f404b0e54eaab";"run-20260824T045022633Z-af31148740916475";"2a9a22d6ff5d7e214b6ae70b36bd7df4c7447b58ccb61fdbe4ba5b39bd6cbc40";"0d19103f77f912a9bbaea418ba4c0d561cf06db73cc021115696f0ab42ee6994";"3b8b125761e2bcf7c6f0e5c7bef1aa00d26d5853d57883a0e0e98fd50b4b71e6";"7d7178150e2b91768f9ba95b86fb0aab84f02bf8";"314e65771523065a36f1e5781cc18977dbb0fbb2";"15";"15";"7f4d9c235f2b84c678ba7da59ae938402e488420ccec9bd833721c77022a4bf1"
"issue13-v5-diagnostic-module-bridge/1";"bridge-363c747952369a77f8d1b509";"_anomalies.csv";"norow_w13";"wiodr13";"sea_countries";"surplus_value.empe.r.pc";"after_country_module";"5";"restore_declared_source_missing";"";"NA";"wiodr13_v1";"";"";"common/surplus_value.empe.r.pc-country.R";"indicator.surplus_value.empe.r.pc";"indicator.surplus_value.empe.r.pc";"replace";"run-20260827T172911387Z-f3caa443813b0ce5";"d8fc69fe14f2372164c4e3f17b76f23ffb909691d9466e4da25de6db3f16a029";"0d19103f77f912a9bbaea418ba4c0d561cf06db73cc021115696f0ab42ee6994";"3b8b125761e2bcf7c6f0e5c7bef1aa00d26d5853d57883a0e0e98fd50b4b71e6";"e2f4d6dae9a6d35c966b305fabac52e489faa3e7";"7da19c4f2913e857040ba228280f404b0e54eaab";"run-20260824T045022633Z-af31148740916475";"2a9a22d6ff5d7e214b6ae70b36bd7df4c7447b58ccb61fdbe4ba5b39bd6cbc40";"0d19103f77f912a9bbaea418ba4c0d561cf06db73cc021115696f0ab42ee6994";"3b8b125761e2bcf7c6f0e5c7bef1aa00d26d5853d57883a0e0e98fd50b4b71e6";"7d7178150e2b91768f9ba95b86fb0aab84f02bf8";"314e65771523065a36f1e5781cc18977dbb0fbb2";"15";"15";"363c747952369a77f8d1b509f87bbff64900259835161d50e0c92a44c7276dde"
"issue13-v5-diagnostic-module-bridge/1";"bridge-1b8e0d3b03d6d9ddabcadd9f";"_anomalies.csv";"norow_w13";"wiodr13";"sea_countries";"surplus_value.empe_hs.r.pc.denominator";"after_country_module";"5";"aggregate_available";"";"NA";"wiodr13_v1";"";"";"wiodr13/surplus_value.empe_hs.r.pc-country.R";"indicator.surplus_value.empe_hs.r.pc";"indicator.surplus_value.empe_hs.r.pc";"replace";"run-20260827T172911387Z-f3caa443813b0ce5";"d8fc69fe14f2372164c4e3f17b76f23ffb909691d9466e4da25de6db3f16a029";"0d19103f77f912a9bbaea418ba4c0d561cf06db73cc021115696f0ab42ee6994";"3b8b125761e2bcf7c6f0e5c7bef1aa00d26d5853d57883a0e0e98fd50b4b71e6";"e2f4d6dae9a6d35c966b305fabac52e489faa3e7";"7da19c4f2913e857040ba228280f404b0e54eaab";"run-20260824T045022633Z-af31148740916475";"2a9a22d6ff5d7e214b6ae70b36bd7df4c7447b58ccb61fdbe4ba5b39bd6cbc40";"0d19103f77f912a9bbaea418ba4c0d561cf06db73cc021115696f0ab42ee6994";"3b8b125761e2bcf7c6f0e5c7bef1aa00d26d5853d57883a0e0e98fd50b4b71e6";"7d7178150e2b91768f9ba95b86fb0aab84f02bf8";"314e65771523065a36f1e5781cc18977dbb0fbb2";"525";"525";"1b8e0d3b03d6d9ddabcadd9fd15a6e23f1c505c5fe0dfdebd814dc325d091d2e"
"issue13-v5-diagnostic-module-bridge/1";"bridge-97cdfc3bbfd4a96ad3d06334";"_anomalies.csv";"norow_w13";"wiodr13";"sea_countries";"surplus_value.empe_hs.r.pc.denominator";"after_country_module";"5";"preserve_all_missing";"";"NA";"wiodr13_v1";"";"";"wiodr13/surplus_value.empe_hs.r.pc-country.R";"indicator.surplus_value.empe_hs.r.pc";"indicator.surplus_value.empe_hs.r.pc";"replace";"run-20260827T172911387Z-f3caa443813b0ce5";"d8fc69fe14f2372164c4e3f17b76f23ffb909691d9466e4da25de6db3f16a029";"0d19103f77f912a9bbaea418ba4c0d561cf06db73cc021115696f0ab42ee6994";"3b8b125761e2bcf7c6f0e5c7bef1aa00d26d5853d57883a0e0e98fd50b4b71e6";"e2f4d6dae9a6d35c966b305fabac52e489faa3e7";"7da19c4f2913e857040ba228280f404b0e54eaab";"run-20260824T045022633Z-af31148740916475";"2a9a22d6ff5d7e214b6ae70b36bd7df4c7447b58ccb61fdbe4ba5b39bd6cbc40";"0d19103f77f912a9bbaea418ba4c0d561cf06db73cc021115696f0ab42ee6994";"3b8b125761e2bcf7c6f0e5c7bef1aa00d26d5853d57883a0e0e98fd50b4b71e6";"7d7178150e2b91768f9ba95b86fb0aab84f02bf8";"314e65771523065a36f1e5781cc18977dbb0fbb2";"525";"525";"97cdfc3bbfd4a96ad3d063345afcca6d83e1c6b5e53734c8b5cfef40ec3ea9b8"
"issue13-v5-diagnostic-module-bridge/1";"bridge-462729efca50a2fe0bd5d45c";"_anomalies.csv";"norow_w13";"wiodr13";"sea_countries";"surplus_value.empe_hs.r.pc.numerator";"after_country_module";"5";"aggregate_available";"";"NA";"wiodr13_v1";"";"";"wiodr13/surplus_value.empe_hs.r.pc-country.R";"indicator.surplus_value.empe_hs.r.pc";"indicator.surplus_value.empe_hs.r.pc";"replace";"run-20260827T172911387Z-f3caa443813b0ce5";"d8fc69fe14f2372164c4e3f17b76f23ffb909691d9466e4da25de6db3f16a029";"0d19103f77f912a9bbaea418ba4c0d561cf06db73cc021115696f0ab42ee6994";"3b8b125761e2bcf7c6f0e5c7bef1aa00d26d5853d57883a0e0e98fd50b4b71e6";"e2f4d6dae9a6d35c966b305fabac52e489faa3e7";"7da19c4f2913e857040ba228280f404b0e54eaab";"run-20260824T045022633Z-af31148740916475";"2a9a22d6ff5d7e214b6ae70b36bd7df4c7447b58ccb61fdbe4ba5b39bd6cbc40";"0d19103f77f912a9bbaea418ba4c0d561cf06db73cc021115696f0ab42ee6994";"3b8b125761e2bcf7c6f0e5c7bef1aa00d26d5853d57883a0e0e98fd50b4b71e6";"7d7178150e2b91768f9ba95b86fb0aab84f02bf8";"314e65771523065a36f1e5781cc18977dbb0fbb2";"525";"525";"462729efca50a2fe0bd5d45c48008ccbde2be89981e579d596688dacbef203e6"
"issue13-v5-diagnostic-module-bridge/1";"bridge-0a2be0c66b6654404e89d3d0";"_anomalies.csv";"norow_w13";"wiodr13";"sea_countries";"surplus_value.empe_hs.r.pc.numerator";"after_country_module";"5";"preserve_all_missing";"";"NA";"wiodr13_v1";"";"";"wiodr13/surplus_value.empe_hs.r.pc-country.R";"indicator.surplus_value.empe_hs.r.pc";"indicator.surplus_value.empe_hs.r.pc";"replace";"run-20260827T172911387Z-f3caa443813b0ce5";"d8fc69fe14f2372164c4e3f17b76f23ffb909691d9466e4da25de6db3f16a029";"0d19103f77f912a9bbaea418ba4c0d561cf06db73cc021115696f0ab42ee6994";"3b8b125761e2bcf7c6f0e5c7bef1aa00d26d5853d57883a0e0e98fd50b4b71e6";"e2f4d6dae9a6d35c966b305fabac52e489faa3e7";"7da19c4f2913e857040ba228280f404b0e54eaab";"run-20260824T045022633Z-af31148740916475";"2a9a22d6ff5d7e214b6ae70b36bd7df4c7447b58ccb61fdbe4ba5b39bd6cbc40";"0d19103f77f912a9bbaea418ba4c0d561cf06db73cc021115696f0ab42ee6994";"3b8b125761e2bcf7c6f0e5c7bef1aa00d26d5853d57883a0e0e98fd50b4b71e6";"7d7178150e2b91768f9ba95b86fb0aab84f02bf8";"314e65771523065a36f1e5781cc18977dbb0fbb2";"525";"525";"0a2be0c66b6654404e89d3d030e9e62c159c7a16e8ab334c53c97aec76371ee6"
"issue13-v5-diagnostic-module-bridge/1";"bridge-53ddae06bc3547f156c3f3a4";"_anomalies.csv";"norow_w13";"wiodr13";"sea_countries";"surplus_value.empe_ls.r.pc.denominator";"after_country_module";"5";"aggregate_available";"";"NA";"wiodr13_v1";"";"";"wiodr13/surplus_value.empe_ls.r.pc-country.R";"indicator.surplus_value.empe_ls.r.pc";"indicator.surplus_value.empe_ls.r.pc";"replace";"run-20260827T172911387Z-f3caa443813b0ce5";"d8fc69fe14f2372164c4e3f17b76f23ffb909691d9466e4da25de6db3f16a029";"0d19103f77f912a9bbaea418ba4c0d561cf06db73cc021115696f0ab42ee6994";"3b8b125761e2bcf7c6f0e5c7bef1aa00d26d5853d57883a0e0e98fd50b4b71e6";"e2f4d6dae9a6d35c966b305fabac52e489faa3e7";"7da19c4f2913e857040ba228280f404b0e54eaab";"run-20260824T045022633Z-af31148740916475";"2a9a22d6ff5d7e214b6ae70b36bd7df4c7447b58ccb61fdbe4ba5b39bd6cbc40";"0d19103f77f912a9bbaea418ba4c0d561cf06db73cc021115696f0ab42ee6994";"3b8b125761e2bcf7c6f0e5c7bef1aa00d26d5853d57883a0e0e98fd50b4b71e6";"7d7178150e2b91768f9ba95b86fb0aab84f02bf8";"314e65771523065a36f1e5781cc18977dbb0fbb2";"525";"525";"53ddae06bc3547f156c3f3a4bda498d7533852e7dbe2d4bddc3d3aee3199c1e5"
"issue13-v5-diagnostic-module-bridge/1";"bridge-fa4eb933bee48fb93e173549";"_anomalies.csv";"norow_w13";"wiodr13";"sea_countries";"surplus_value.empe_ls.r.pc.denominator";"after_country_module";"5";"preserve_all_missing";"";"NA";"wiodr13_v1";"";"";"wiodr13/surplus_value.empe_ls.r.pc-country.R";"indicator.surplus_value.empe_ls.r.pc";"indicator.surplus_value.empe_ls.r.pc";"replace";"run-20260827T172911387Z-f3caa443813b0ce5";"d8fc69fe14f2372164c4e3f17b76f23ffb909691d9466e4da25de6db3f16a029";"0d19103f77f912a9bbaea418ba4c0d561cf06db73cc021115696f0ab42ee6994";"3b8b125761e2bcf7c6f0e5c7bef1aa00d26d5853d57883a0e0e98fd50b4b71e6";"e2f4d6dae9a6d35c966b305fabac52e489faa3e7";"7da19c4f2913e857040ba228280f404b0e54eaab";"run-20260824T045022633Z-af31148740916475";"2a9a22d6ff5d7e214b6ae70b36bd7df4c7447b58ccb61fdbe4ba5b39bd6cbc40";"0d19103f77f912a9bbaea418ba4c0d561cf06db73cc021115696f0ab42ee6994";"3b8b125761e2bcf7c6f0e5c7bef1aa00d26d5853d57883a0e0e98fd50b4b71e6";"7d7178150e2b91768f9ba95b86fb0aab84f02bf8";"314e65771523065a36f1e5781cc18977dbb0fbb2";"525";"525";"fa4eb933bee48fb93e1735499fafd81fcb94e7f17ff7f8ec87e9dc56f921470c"
"issue13-v5-diagnostic-module-bridge/1";"bridge-a9a22814b5d535b8a79f62f4";"_anomalies.csv";"norow_w13";"wiodr13";"sea_countries";"surplus_value.empe_ls.r.pc.numerator";"after_country_module";"5";"aggregate_available";"";"NA";"wiodr13_v1";"";"";"wiodr13/surplus_value.empe_ls.r.pc-country.R";"indicator.surplus_value.empe_ls.r.pc";"indicator.surplus_value.empe_ls.r.pc";"replace";"run-20260827T172911387Z-f3caa443813b0ce5";"d8fc69fe14f2372164c4e3f17b76f23ffb909691d9466e4da25de6db3f16a029";"0d19103f77f912a9bbaea418ba4c0d561cf06db73cc021115696f0ab42ee6994";"3b8b125761e2bcf7c6f0e5c7bef1aa00d26d5853d57883a0e0e98fd50b4b71e6";"e2f4d6dae9a6d35c966b305fabac52e489faa3e7";"7da19c4f2913e857040ba228280f404b0e54eaab";"run-20260824T045022633Z-af31148740916475";"2a9a22d6ff5d7e214b6ae70b36bd7df4c7447b58ccb61fdbe4ba5b39bd6cbc40";"0d19103f77f912a9bbaea418ba4c0d561cf06db73cc021115696f0ab42ee6994";"3b8b125761e2bcf7c6f0e5c7bef1aa00d26d5853d57883a0e0e98fd50b4b71e6";"7d7178150e2b91768f9ba95b86fb0aab84f02bf8";"314e65771523065a36f1e5781cc18977dbb0fbb2";"525";"525";"a9a22814b5d535b8a79f62f43858b3fb2cfdc67d296e81b2c3f113e582856be0"
"issue13-v5-diagnostic-module-bridge/1";"bridge-8d0eff578afdaf1954b4202c";"_anomalies.csv";"norow_w13";"wiodr13";"sea_countries";"surplus_value.empe_ls.r.pc.numerator";"after_country_module";"5";"preserve_all_missing";"";"NA";"wiodr13_v1";"";"";"wiodr13/surplus_value.empe_ls.r.pc-country.R";"indicator.surplus_value.empe_ls.r.pc";"indicator.surplus_value.empe_ls.r.pc";"replace";"run-20260827T172911387Z-f3caa443813b0ce5";"d8fc69fe14f2372164c4e3f17b76f23ffb909691d9466e4da25de6db3f16a029";"0d19103f77f912a9bbaea418ba4c0d561cf06db73cc021115696f0ab42ee6994";"3b8b125761e2bcf7c6f0e5c7bef1aa00d26d5853d57883a0e0e98fd50b4b71e6";"e2f4d6dae9a6d35c966b305fabac52e489faa3e7";"7da19c4f2913e857040ba228280f404b0e54eaab";"run-20260824T045022633Z-af31148740916475";"2a9a22d6ff5d7e214b6ae70b36bd7df4c7447b58ccb61fdbe4ba5b39bd6cbc40";"0d19103f77f912a9bbaea418ba4c0d561cf06db73cc021115696f0ab42ee6994";"3b8b125761e2bcf7c6f0e5c7bef1aa00d26d5853d57883a0e0e98fd50b4b71e6";"7d7178150e2b91768f9ba95b86fb0aab84f02bf8";"314e65771523065a36f1e5781cc18977dbb0fbb2";"525";"525";"8d0eff578afdaf1954b4202cd49d5b83245301f15460e4b215be20d1e735b707"
"issue13-v5-diagnostic-module-bridge/1";"bridge-8697e3b409be369b5b1a9628";"_anomalies.csv";"norow_w13";"wiodr13";"sea_countries";"surplus_value.empe_ms.r.pc.denominator";"after_country_module";"5";"aggregate_available";"";"NA";"wiodr13_v1";"";"";"wiodr13/surplus_value.empe_ms.r.pc-country.R";"indicator.surplus_value.empe_ms.r.pc";"indicator.surplus_value.empe_ms.r.pc";"replace";"run-20260827T172911387Z-f3caa443813b0ce5";"d8fc69fe14f2372164c4e3f17b76f23ffb909691d9466e4da25de6db3f16a029";"0d19103f77f912a9bbaea418ba4c0d561cf06db73cc021115696f0ab42ee6994";"3b8b125761e2bcf7c6f0e5c7bef1aa00d26d5853d57883a0e0e98fd50b4b71e6";"e2f4d6dae9a6d35c966b305fabac52e489faa3e7";"7da19c4f2913e857040ba228280f404b0e54eaab";"run-20260824T045022633Z-af31148740916475";"2a9a22d6ff5d7e214b6ae70b36bd7df4c7447b58ccb61fdbe4ba5b39bd6cbc40";"0d19103f77f912a9bbaea418ba4c0d561cf06db73cc021115696f0ab42ee6994";"3b8b125761e2bcf7c6f0e5c7bef1aa00d26d5853d57883a0e0e98fd50b4b71e6";"7d7178150e2b91768f9ba95b86fb0aab84f02bf8";"314e65771523065a36f1e5781cc18977dbb0fbb2";"525";"525";"8697e3b409be369b5b1a96282b8d3f5e3ccbc347f69382c3038c373d2be53ea9"
"issue13-v5-diagnostic-module-bridge/1";"bridge-ffcc87e183506335447c1a3d";"_anomalies.csv";"norow_w13";"wiodr13";"sea_countries";"surplus_value.empe_ms.r.pc.denominator";"after_country_module";"5";"preserve_all_missing";"";"NA";"wiodr13_v1";"";"";"wiodr13/surplus_value.empe_ms.r.pc-country.R";"indicator.surplus_value.empe_ms.r.pc";"indicator.surplus_value.empe_ms.r.pc";"replace";"run-20260827T172911387Z-f3caa443813b0ce5";"d8fc69fe14f2372164c4e3f17b76f23ffb909691d9466e4da25de6db3f16a029";"0d19103f77f912a9bbaea418ba4c0d561cf06db73cc021115696f0ab42ee6994";"3b8b125761e2bcf7c6f0e5c7bef1aa00d26d5853d57883a0e0e98fd50b4b71e6";"e2f4d6dae9a6d35c966b305fabac52e489faa3e7";"7da19c4f2913e857040ba228280f404b0e54eaab";"run-20260824T045022633Z-af31148740916475";"2a9a22d6ff5d7e214b6ae70b36bd7df4c7447b58ccb61fdbe4ba5b39bd6cbc40";"0d19103f77f912a9bbaea418ba4c0d561cf06db73cc021115696f0ab42ee6994";"3b8b125761e2bcf7c6f0e5c7bef1aa00d26d5853d57883a0e0e98fd50b4b71e6";"7d7178150e2b91768f9ba95b86fb0aab84f02bf8";"314e65771523065a36f1e5781cc18977dbb0fbb2";"525";"525";"ffcc87e183506335447c1a3d9150cbba52e4c4c3b56b7c736ff65813b204657d"
"issue13-v5-diagnostic-module-bridge/1";"bridge-ea10397acdbf6394c4863d1e";"_anomalies.csv";"norow_w13";"wiodr13";"sea_countries";"surplus_value.empe_ms.r.pc.numerator";"after_country_module";"5";"aggregate_available";"";"NA";"wiodr13_v1";"";"";"wiodr13/surplus_value.empe_ms.r.pc-country.R";"indicator.surplus_value.empe_ms.r.pc";"indicator.surplus_value.empe_ms.r.pc";"replace";"run-20260827T172911387Z-f3caa443813b0ce5";"d8fc69fe14f2372164c4e3f17b76f23ffb909691d9466e4da25de6db3f16a029";"0d19103f77f912a9bbaea418ba4c0d561cf06db73cc021115696f0ab42ee6994";"3b8b125761e2bcf7c6f0e5c7bef1aa00d26d5853d57883a0e0e98fd50b4b71e6";"e2f4d6dae9a6d35c966b305fabac52e489faa3e7";"7da19c4f2913e857040ba228280f404b0e54eaab";"run-20260824T045022633Z-af31148740916475";"2a9a22d6ff5d7e214b6ae70b36bd7df4c7447b58ccb61fdbe4ba5b39bd6cbc40";"0d19103f77f912a9bbaea418ba4c0d561cf06db73cc021115696f0ab42ee6994";"3b8b125761e2bcf7c6f0e5c7bef1aa00d26d5853d57883a0e0e98fd50b4b71e6";"7d7178150e2b91768f9ba95b86fb0aab84f02bf8";"314e65771523065a36f1e5781cc18977dbb0fbb2";"525";"525";"ea10397acdbf6394c4863d1e0b813f0978ac3e85afdbd676878effb00f85c61f"
"issue13-v5-diagnostic-module-bridge/1";"bridge-9a992db9639b054c0b804222";"_anomalies.csv";"norow_w13";"wiodr13";"sea_countries";"surplus_value.empe_ms.r.pc.numerator";"after_country_module";"5";"preserve_all_missing";"";"NA";"wiodr13_v1";"";"";"wiodr13/surplus_value.empe_ms.r.pc-country.R";"indicator.surplus_value.empe_ms.r.pc";"indicator.surplus_value.empe_ms.r.pc";"replace";"run-20260827T172911387Z-f3caa443813b0ce5";"d8fc69fe14f2372164c4e3f17b76f23ffb909691d9466e4da25de6db3f16a029";"0d19103f77f912a9bbaea418ba4c0d561cf06db73cc021115696f0ab42ee6994";"3b8b125761e2bcf7c6f0e5c7bef1aa00d26d5853d57883a0e0e98fd50b4b71e6";"e2f4d6dae9a6d35c966b305fabac52e489faa3e7";"7da19c4f2913e857040ba228280f404b0e54eaab";"run-20260824T045022633Z-af31148740916475";"2a9a22d6ff5d7e214b6ae70b36bd7df4c7447b58ccb61fdbe4ba5b39bd6cbc40";"0d19103f77f912a9bbaea418ba4c0d561cf06db73cc021115696f0ab42ee6994";"3b8b125761e2bcf7c6f0e5c7bef1aa00d26d5853d57883a0e0e98fd50b4b71e6";"7d7178150e2b91768f9ba95b86fb0aab84f02bf8";"314e65771523065a36f1e5781cc18977dbb0fbb2";"525";"525";"9a992db9639b054c0b80422229722b5a3af08159e37a8f45b5228a727a5cad6f"
"issue13-v5-diagnostic-module-bridge/1";"bridge-17e70052455475cd52e922c6";"_anomalies.csv";"norow_w13";"wiodr13";"sea_countries";"surplus_value.empe_p.r.pc";"after_country_module";"5";"mark_not_applicable";"";"NaN";"wiodr13_v1";"";"";"common/surplus_value.empe_p.r.pc-country.R";"indicator.surplus_value.empe_p.r.pc";"indicator.surplus_value.empe_p.r.pc";"replace";"run-20260827T172911387Z-f3caa443813b0ce5";"d8fc69fe14f2372164c4e3f17b76f23ffb909691d9466e4da25de6db3f16a029";"0d19103f77f912a9bbaea418ba4c0d561cf06db73cc021115696f0ab42ee6994";"3b8b125761e2bcf7c6f0e5c7bef1aa00d26d5853d57883a0e0e98fd50b4b71e6";"e2f4d6dae9a6d35c966b305fabac52e489faa3e7";"7da19c4f2913e857040ba228280f404b0e54eaab";"run-20260824T045022633Z-af31148740916475";"2a9a22d6ff5d7e214b6ae70b36bd7df4c7447b58ccb61fdbe4ba5b39bd6cbc40";"0d19103f77f912a9bbaea418ba4c0d561cf06db73cc021115696f0ab42ee6994";"3b8b125761e2bcf7c6f0e5c7bef1aa00d26d5853d57883a0e0e98fd50b4b71e6";"7d7178150e2b91768f9ba95b86fb0aab84f02bf8";"314e65771523065a36f1e5781cc18977dbb0fbb2";"15";"15";"17e70052455475cd52e922c6f8102561093f07ab720e976c748d752136de38e2"
"issue13-v5-diagnostic-module-bridge/1";"bridge-d986bd84999052a7ceb3f3b4";"_anomalies.csv";"norow_w13";"wiodr13";"sea_countries";"surplus_value.empe_p.r.pc";"after_country_module";"5";"restore_declared_source_missing";"";"NA";"wiodr13_v1";"";"";"common/surplus_value.empe_p.r.pc-country.R";"indicator.surplus_value.empe_p.r.pc";"indicator.surplus_value.empe_p.r.pc";"replace";"run-20260827T172911387Z-f3caa443813b0ce5";"d8fc69fe14f2372164c4e3f17b76f23ffb909691d9466e4da25de6db3f16a029";"0d19103f77f912a9bbaea418ba4c0d561cf06db73cc021115696f0ab42ee6994";"3b8b125761e2bcf7c6f0e5c7bef1aa00d26d5853d57883a0e0e98fd50b4b71e6";"e2f4d6dae9a6d35c966b305fabac52e489faa3e7";"7da19c4f2913e857040ba228280f404b0e54eaab";"run-20260824T045022633Z-af31148740916475";"2a9a22d6ff5d7e214b6ae70b36bd7df4c7447b58ccb61fdbe4ba5b39bd6cbc40";"0d19103f77f912a9bbaea418ba4c0d561cf06db73cc021115696f0ab42ee6994";"3b8b125761e2bcf7c6f0e5c7bef1aa00d26d5853d57883a0e0e98fd50b4b71e6";"7d7178150e2b91768f9ba95b86fb0aab84f02bf8";"314e65771523065a36f1e5781cc18977dbb0fbb2";"15";"15";"d986bd84999052a7ceb3f3b48714ef7fa127796503cb71b523de5ddd0e60ff12"
"issue13-v5-diagnostic-module-bridge/1";"bridge-e6e0b060b318d5bd25113f28";"_anomalies.csv";"norow_w13";"wiodr13";"sea_countries";"trade_transfers.p.m.pc";"after_country_module";"5";"mark_not_applicable";"";"Inf";"wiodr13_v1";"";"";"common/trade_transfers.p.m.pc-country.R";"indicator.trade_transfers.p.m.pc";"indicator.trade_transfers.p.m.pc";"replace";"run-20260827T172911387Z-f3caa443813b0ce5";"d8fc69fe14f2372164c4e3f17b76f23ffb909691d9466e4da25de6db3f16a029";"0d19103f77f912a9bbaea418ba4c0d561cf06db73cc021115696f0ab42ee6994";"3b8b125761e2bcf7c6f0e5c7bef1aa00d26d5853d57883a0e0e98fd50b4b71e6";"e2f4d6dae9a6d35c966b305fabac52e489faa3e7";"7da19c4f2913e857040ba228280f404b0e54eaab";"run-20260824T045022633Z-af31148740916475";"2a9a22d6ff5d7e214b6ae70b36bd7df4c7447b58ccb61fdbe4ba5b39bd6cbc40";"0d19103f77f912a9bbaea418ba4c0d561cf06db73cc021115696f0ab42ee6994";"3b8b125761e2bcf7c6f0e5c7bef1aa00d26d5853d57883a0e0e98fd50b4b71e6";"7d7178150e2b91768f9ba95b86fb0aab84f02bf8";"314e65771523065a36f1e5781cc18977dbb0fbb2";"15";"15";"e6e0b060b318d5bd25113f288ae44becb53024eb06f838d82c9ff2b4121bb25f"
"issue13-v5-diagnostic-module-bridge/1";"bridge-2fc6015c0efdb540bfe2144d";"_anomalies.csv";"norow_w13";"wiodr13";"sea_sectors";"abstract_labour.emp.m.mv";"after_stage_5";"5";"mark_not_applicable";"";"Inf";"wiodr13_v1";"";"";"common/abstract_labour.emp.m.mv.R";"indicator.abstract_labour.emp.m.mv";"indicator.abstract_labour.emp.m.mv";"replace";"run-20260827T172911387Z-f3caa443813b0ce5";"d8fc69fe14f2372164c4e3f17b76f23ffb909691d9466e4da25de6db3f16a029";"0d19103f77f912a9bbaea418ba4c0d561cf06db73cc021115696f0ab42ee6994";"3b8b125761e2bcf7c6f0e5c7bef1aa00d26d5853d57883a0e0e98fd50b4b71e6";"e2f4d6dae9a6d35c966b305fabac52e489faa3e7";"7da19c4f2913e857040ba228280f404b0e54eaab";"run-20260824T045022633Z-af31148740916475";"2a9a22d6ff5d7e214b6ae70b36bd7df4c7447b58ccb61fdbe4ba5b39bd6cbc40";"0d19103f77f912a9bbaea418ba4c0d561cf06db73cc021115696f0ab42ee6994";"3b8b125761e2bcf7c6f0e5c7bef1aa00d26d5853d57883a0e0e98fd50b4b71e6";"7d7178150e2b91768f9ba95b86fb0aab84f02bf8";"314e65771523065a36f1e5781cc18977dbb0fbb2";"2";"2";"2fc6015c0efdb540bfe2144d7e9396bd44d85f886ded6a73fe1204b37d86e66d"
"issue13-v5-diagnostic-module-bridge/1";"bridge-295f557492595e53738e81da";"_anomalies.csv";"norow_w13";"wiodr13";"sea_sectors";"abstract_labour.emp.m.mv";"after_stage_5";"5";"mark_not_applicable";"";"NaN";"wiodr13_v1";"";"";"common/abstract_labour.emp.m.mv.R";"indicator.abstract_labour.emp.m.mv";"indicator.abstract_labour.emp.m.mv";"replace";"run-20260827T172911387Z-f3caa443813b0ce5";"d8fc69fe14f2372164c4e3f17b76f23ffb909691d9466e4da25de6db3f16a029";"0d19103f77f912a9bbaea418ba4c0d561cf06db73cc021115696f0ab42ee6994";"3b8b125761e2bcf7c6f0e5c7bef1aa00d26d5853d57883a0e0e98fd50b4b71e6";"e2f4d6dae9a6d35c966b305fabac52e489faa3e7";"7da19c4f2913e857040ba228280f404b0e54eaab";"run-20260824T045022633Z-af31148740916475";"2a9a22d6ff5d7e214b6ae70b36bd7df4c7447b58ccb61fdbe4ba5b39bd6cbc40";"0d19103f77f912a9bbaea418ba4c0d561cf06db73cc021115696f0ab42ee6994";"3b8b125761e2bcf7c6f0e5c7bef1aa00d26d5853d57883a0e0e98fd50b4b71e6";"7d7178150e2b91768f9ba95b86fb0aab84f02bf8";"314e65771523065a36f1e5781cc18977dbb0fbb2";"789";"789";"295f557492595e53738e81da591a3c44aecfe89285713b9d0ad560c196de3ee8"
"issue13-v5-diagnostic-module-bridge/1";"bridge-a47baef2d9e8eaf293c43ffc";"_anomalies.csv";"norow_w13";"wiodr13";"sea_sectors";"abstract_labour.empe.m.mv";"after_stage_5";"5";"mark_not_applicable";"";"NaN";"wiodr13_v1";"";"";"common/abstract_labour.empe.m.mv.R";"indicator.abstract_labour.empe.m.mv";"indicator.abstract_labour.empe.m.mv";"replace";"run-20260827T172911387Z-f3caa443813b0ce5";"d8fc69fe14f2372164c4e3f17b76f23ffb909691d9466e4da25de6db3f16a029";"0d19103f77f912a9bbaea418ba4c0d561cf06db73cc021115696f0ab42ee6994";"3b8b125761e2bcf7c6f0e5c7bef1aa00d26d5853d57883a0e0e98fd50b4b71e6";"e2f4d6dae9a6d35c966b305fabac52e489faa3e7";"7da19c4f2913e857040ba228280f404b0e54eaab";"run-20260824T045022633Z-af31148740916475";"2a9a22d6ff5d7e214b6ae70b36bd7df4c7447b58ccb61fdbe4ba5b39bd6cbc40";"0d19103f77f912a9bbaea418ba4c0d561cf06db73cc021115696f0ab42ee6994";"3b8b125761e2bcf7c6f0e5c7bef1aa00d26d5853d57883a0e0e98fd50b4b71e6";"7d7178150e2b91768f9ba95b86fb0aab84f02bf8";"314e65771523065a36f1e5781cc18977dbb0fbb2";"791";"791";"a47baef2d9e8eaf293c43ffcd0759582e6d925e9818a7390a127aad439867dc9"
"issue13-v5-diagnostic-module-bridge/1";"bridge-1afa618b698cbd0f91a0e1a7";"_anomalies.csv";"norow_w13";"wiodr13";"sea_sectors";"abstract_labour.empe.m.mv";"after_stage_5";"5";"restore_declared_source_missing";"";"NA";"wiodr13_v1";"";"";"common/abstract_labour.empe.m.mv.R";"indicator.abstract_labour.empe.m.mv";"indicator.abstract_labour.empe.m.mv";"replace";"run-20260827T172911387Z-f3caa443813b0ce5";"d8fc69fe14f2372164c4e3f17b76f23ffb909691d9466e4da25de6db3f16a029";"0d19103f77f912a9bbaea418ba4c0d561cf06db73cc021115696f0ab42ee6994";"3b8b125761e2bcf7c6f0e5c7bef1aa00d26d5853d57883a0e0e98fd50b4b71e6";"e2f4d6dae9a6d35c966b305fabac52e489faa3e7";"7da19c4f2913e857040ba228280f404b0e54eaab";"run-20260824T045022633Z-af31148740916475";"2a9a22d6ff5d7e214b6ae70b36bd7df4c7447b58ccb61fdbe4ba5b39bd6cbc40";"0d19103f77f912a9bbaea418ba4c0d561cf06db73cc021115696f0ab42ee6994";"3b8b125761e2bcf7c6f0e5c7bef1aa00d26d5853d57883a0e0e98fd50b4b71e6";"7d7178150e2b91768f9ba95b86fb0aab84f02bf8";"314e65771523065a36f1e5781cc18977dbb0fbb2";"525";"525";"1afa618b698cbd0f91a0e1a74919c72a62027e5d601205e72f851b99317cc6e1"
"issue13-v5-diagnostic-module-bridge/1";"bridge-debd01e6b9299824169470f3";"_anomalies.csv";"norow_w13";"wiodr13";"sea_sectors";"appropriated_profit.r.pc";"after_stage_5";"5";"mark_not_applicable";"";"-Inf";"wiodr13_v1";"";"";"common/appropriated_profit.r.pc.R";"indicator.appropriated_profit.r.pc";"indicator.appropriated_profit.r.pc";"replace";"run-20260827T172911387Z-f3caa443813b0ce5";"d8fc69fe14f2372164c4e3f17b76f23ffb909691d9466e4da25de6db3f16a029";"0d19103f77f912a9bbaea418ba4c0d561cf06db73cc021115696f0ab42ee6994";"3b8b125761e2bcf7c6f0e5c7bef1aa00d26d5853d57883a0e0e98fd50b4b71e6";"e2f4d6dae9a6d35c966b305fabac52e489faa3e7";"7da19c4f2913e857040ba228280f404b0e54eaab";"run-20260824T045022633Z-af31148740916475";"2a9a22d6ff5d7e214b6ae70b36bd7df4c7447b58ccb61fdbe4ba5b39bd6cbc40";"0d19103f77f912a9bbaea418ba4c0d561cf06db73cc021115696f0ab42ee6994";"3b8b125761e2bcf7c6f0e5c7bef1aa00d26d5853d57883a0e0e98fd50b4b71e6";"7d7178150e2b91768f9ba95b86fb0aab84f02bf8";"314e65771523065a36f1e5781cc18977dbb0fbb2";"62";"62";"debd01e6b9299824169470f397a2249cc9f3d629e077bfe0247b41f24dde66f9"
"issue13-v5-diagnostic-module-bridge/1";"bridge-136d32a9b3ba556d1d717cdf";"_anomalies.csv";"norow_w13";"wiodr13";"sea_sectors";"appropriated_profit.r.pc";"after_stage_5";"5";"mark_not_applicable";"";"Inf";"wiodr13_v1";"";"";"common/appropriated_profit.r.pc.R";"indicator.appropriated_profit.r.pc";"indicator.appropriated_profit.r.pc";"replace";"run-20260827T172911387Z-f3caa443813b0ce5";"d8fc69fe14f2372164c4e3f17b76f23ffb909691d9466e4da25de6db3f16a029";"0d19103f77f912a9bbaea418ba4c0d561cf06db73cc021115696f0ab42ee6994";"3b8b125761e2bcf7c6f0e5c7bef1aa00d26d5853d57883a0e0e98fd50b4b71e6";"e2f4d6dae9a6d35c966b305fabac52e489faa3e7";"7da19c4f2913e857040ba228280f404b0e54eaab";"run-20260824T045022633Z-af31148740916475";"2a9a22d6ff5d7e214b6ae70b36bd7df4c7447b58ccb61fdbe4ba5b39bd6cbc40";"0d19103f77f912a9bbaea418ba4c0d561cf06db73cc021115696f0ab42ee6994";"3b8b125761e2bcf7c6f0e5c7bef1aa00d26d5853d57883a0e0e98fd50b4b71e6";"7d7178150e2b91768f9ba95b86fb0aab84f02bf8";"314e65771523065a36f1e5781cc18977dbb0fbb2";"958";"958";"136d32a9b3ba556d1d717cdfb24ebebc4545afb512f003c47ade415c173e91cc"
"issue13-v5-diagnostic-module-bridge/1";"bridge-462cc68fe0f2fe896086bb7d";"_anomalies.csv";"norow_w13";"wiodr13";"sea_sectors";"appropriated_profit.r.pc";"after_stage_5";"5";"mark_not_applicable";"";"NaN";"wiodr13_v1";"";"";"common/appropriated_profit.r.pc.R";"indicator.appropriated_profit.r.pc";"indicator.appropriated_profit.r.pc";"replace";"run-20260827T172911387Z-f3caa443813b0ce5";"d8fc69fe14f2372164c4e3f17b76f23ffb909691d9466e4da25de6db3f16a029";"0d19103f77f912a9bbaea418ba4c0d561cf06db73cc021115696f0ab42ee6994";"3b8b125761e2bcf7c6f0e5c7bef1aa00d26d5853d57883a0e0e98fd50b4b71e6";"e2f4d6dae9a6d35c966b305fabac52e489faa3e7";"7da19c4f2913e857040ba228280f404b0e54eaab";"run-20260824T045022633Z-af31148740916475";"2a9a22d6ff5d7e214b6ae70b36bd7df4c7447b58ccb61fdbe4ba5b39bd6cbc40";"0d19103f77f912a9bbaea418ba4c0d561cf06db73cc021115696f0ab42ee6994";"3b8b125761e2bcf7c6f0e5c7bef1aa00d26d5853d57883a0e0e98fd50b4b71e6";"7d7178150e2b91768f9ba95b86fb0aab84f02bf8";"314e65771523065a36f1e5781cc18977dbb0fbb2";"589";"589";"462cc68fe0f2fe896086bb7dafb71c24aadee694f03335f4451025c12e04e284"
"issue13-v5-diagnostic-module-bridge/1";"bridge-d29e08c5798e0f79cc706f57";"_anomalies.csv";"norow_w13";"wiodr13";"sea_sectors";"go_price.r.id";"after_price_normalization";"4";"mark_not_applicable";"";"NaN";"wiodr13_v1";"";"";"wiodr13/normalize_price_indices.R";"indicator.price_index.normalize";"indicator.price_index.normalize";"preserve";"run-20260827T172911387Z-f3caa443813b0ce5";"d8fc69fe14f2372164c4e3f17b76f23ffb909691d9466e4da25de6db3f16a029";"0d19103f77f912a9bbaea418ba4c0d561cf06db73cc021115696f0ab42ee6994";"3b8b125761e2bcf7c6f0e5c7bef1aa00d26d5853d57883a0e0e98fd50b4b71e6";"e2f4d6dae9a6d35c966b305fabac52e489faa3e7";"7da19c4f2913e857040ba228280f404b0e54eaab";"run-20260824T045022633Z-af31148740916475";"2a9a22d6ff5d7e214b6ae70b36bd7df4c7447b58ccb61fdbe4ba5b39bd6cbc40";"0d19103f77f912a9bbaea418ba4c0d561cf06db73cc021115696f0ab42ee6994";"3b8b125761e2bcf7c6f0e5c7bef1aa00d26d5853d57883a0e0e98fd50b4b71e6";"7d7178150e2b91768f9ba95b86fb0aab84f02bf8";"314e65771523065a36f1e5781cc18977dbb0fbb2";"240";"240";"d29e08c5798e0f79cc706f5762b92f59f0684dda5157d8b36a495a8c18defedc"
"issue13-v5-diagnostic-module-bridge/1";"bridge-034f6746e22c5ab58ce074db";"_anomalies.csv";"norow_w13";"wiodr13";"sea_sectors";"labour_force_value.emp.m.mv";"after_stage_5";"5";"mark_not_applicable";"";"Inf";"wiodr13_v1";"";"";"common/labour_force_value.emp.m.mv.R";"indicator.labour_force_value.emp.m.mv";"indicator.labour_force_value.emp.m.mv";"replace";"run-20260827T172911387Z-f3caa443813b0ce5";"d8fc69fe14f2372164c4e3f17b76f23ffb909691d9466e4da25de6db3f16a029";"0d19103f77f912a9bbaea418ba4c0d561cf06db73cc021115696f0ab42ee6994";"3b8b125761e2bcf7c6f0e5c7bef1aa00d26d5853d57883a0e0e98fd50b4b71e6";"e2f4d6dae9a6d35c966b305fabac52e489faa3e7";"7da19c4f2913e857040ba228280f404b0e54eaab";"run-20260824T045022633Z-af31148740916475";"2a9a22d6ff5d7e214b6ae70b36bd7df4c7447b58ccb61fdbe4ba5b39bd6cbc40";"0d19103f77f912a9bbaea418ba4c0d561cf06db73cc021115696f0ab42ee6994";"3b8b125761e2bcf7c6f0e5c7bef1aa00d26d5853d57883a0e0e98fd50b4b71e6";"7d7178150e2b91768f9ba95b86fb0aab84f02bf8";"314e65771523065a36f1e5781cc18977dbb0fbb2";"2";"2";"034f6746e22c5ab58ce074db06b2ebeca861ebf7c56352baa442267cc52f29d1"
"issue13-v5-diagnostic-module-bridge/1";"bridge-b96c70ea1b53816f4b588e0c";"_anomalies.csv";"norow_w13";"wiodr13";"sea_sectors";"labour_force_value.emp.m.mv";"after_stage_5";"5";"mark_not_applicable";"";"NaN";"wiodr13_v1";"";"";"common/labour_force_value.emp.m.mv.R";"indicator.labour_force_value.emp.m.mv";"indicator.labour_force_value.emp.m.mv";"replace";"run-20260827T172911387Z-f3caa443813b0ce5";"d8fc69fe14f2372164c4e3f17b76f23ffb909691d9466e4da25de6db3f16a029";"0d19103f77f912a9bbaea418ba4c0d561cf06db73cc021115696f0ab42ee6994";"3b8b125761e2bcf7c6f0e5c7bef1aa00d26d5853d57883a0e0e98fd50b4b71e6";"e2f4d6dae9a6d35c966b305fabac52e489faa3e7";"7da19c4f2913e857040ba228280f404b0e54eaab";"run-20260824T045022633Z-af31148740916475";"2a9a22d6ff5d7e214b6ae70b36bd7df4c7447b58ccb61fdbe4ba5b39bd6cbc40";"0d19103f77f912a9bbaea418ba4c0d561cf06db73cc021115696f0ab42ee6994";"3b8b125761e2bcf7c6f0e5c7bef1aa00d26d5853d57883a0e0e98fd50b4b71e6";"7d7178150e2b91768f9ba95b86fb0aab84f02bf8";"314e65771523065a36f1e5781cc18977dbb0fbb2";"789";"789";"b96c70ea1b53816f4b588e0c8cc2f79c6f43b9e88083d62e75b0dacf5af94d75"
"issue13-v5-diagnostic-module-bridge/1";"bridge-37e07d118cc074034d64fd95";"_anomalies.csv";"norow_w13";"wiodr13";"sea_sectors";"labour_force_value.emp.m.mv";"after_stage_5";"5";"restore_declared_source_missing";"";"NA";"wiodr13_v1";"";"";"common/labour_force_value.emp.m.mv.R";"indicator.labour_force_value.emp.m.mv";"indicator.labour_force_value.emp.m.mv";"replace";"run-20260827T172911387Z-f3caa443813b0ce5";"d8fc69fe14f2372164c4e3f17b76f23ffb909691d9466e4da25de6db3f16a029";"0d19103f77f912a9bbaea418ba4c0d561cf06db73cc021115696f0ab42ee6994";"3b8b125761e2bcf7c6f0e5c7bef1aa00d26d5853d57883a0e0e98fd50b4b71e6";"e2f4d6dae9a6d35c966b305fabac52e489faa3e7";"7da19c4f2913e857040ba228280f404b0e54eaab";"run-20260824T045022633Z-af31148740916475";"2a9a22d6ff5d7e214b6ae70b36bd7df4c7447b58ccb61fdbe4ba5b39bd6cbc40";"0d19103f77f912a9bbaea418ba4c0d561cf06db73cc021115696f0ab42ee6994";"3b8b125761e2bcf7c6f0e5c7bef1aa00d26d5853d57883a0e0e98fd50b4b71e6";"7d7178150e2b91768f9ba95b86fb0aab84f02bf8";"314e65771523065a36f1e5781cc18977dbb0fbb2";"525";"525";"37e07d118cc074034d64fd95c8f4374ef0504c331e3f6b4ec4209ba9f4843fc8"
"issue13-v5-diagnostic-module-bridge/1";"bridge-78a52c10f80c516620160503";"_anomalies.csv";"norow_w13";"wiodr13";"sea_sectors";"labour_force_value.m.mv";"after_stage_5";"5";"mark_not_applicable";"";"Inf";"wiodr13_v1";"";"";"common/labour_force_value.m.mv.R";"indicator.labour_force_value.m.mv";"indicator.labour_force_value.m.mv";"replace";"run-20260827T172911387Z-f3caa443813b0ce5";"d8fc69fe14f2372164c4e3f17b76f23ffb909691d9466e4da25de6db3f16a029";"0d19103f77f912a9bbaea418ba4c0d561cf06db73cc021115696f0ab42ee6994";"3b8b125761e2bcf7c6f0e5c7bef1aa00d26d5853d57883a0e0e98fd50b4b71e6";"e2f4d6dae9a6d35c966b305fabac52e489faa3e7";"7da19c4f2913e857040ba228280f404b0e54eaab";"run-20260824T045022633Z-af31148740916475";"2a9a22d6ff5d7e214b6ae70b36bd7df4c7447b58ccb61fdbe4ba5b39bd6cbc40";"0d19103f77f912a9bbaea418ba4c0d561cf06db73cc021115696f0ab42ee6994";"3b8b125761e2bcf7c6f0e5c7bef1aa00d26d5853d57883a0e0e98fd50b4b71e6";"7d7178150e2b91768f9ba95b86fb0aab84f02bf8";"314e65771523065a36f1e5781cc18977dbb0fbb2";"4";"4";"78a52c10f80c51662016050352150fc6204b4c66e273428c1ea04b9477de926c"
"issue13-v5-diagnostic-module-bridge/1";"bridge-a4826e06b7b8f76107bd2152";"_anomalies.csv";"norow_w13";"wiodr13";"sea_sectors";"labour_force_value.m.mv";"after_stage_5";"5";"mark_not_applicable";"";"NaN";"wiodr13_v1";"";"";"common/labour_force_value.m.mv.R";"indicator.labour_force_value.m.mv";"indicator.labour_force_value.m.mv";"replace";"run-20260827T172911387Z-f3caa443813b0ce5";"d8fc69fe14f2372164c4e3f17b76f23ffb909691d9466e4da25de6db3f16a029";"0d19103f77f912a9bbaea418ba4c0d561cf06db73cc021115696f0ab42ee6994";"3b8b125761e2bcf7c6f0e5c7bef1aa00d26d5853d57883a0e0e98fd50b4b71e6";"e2f4d6dae9a6d35c966b305fabac52e489faa3e7";"7da19c4f2913e857040ba228280f404b0e54eaab";"run-20260824T045022633Z-af31148740916475";"2a9a22d6ff5d7e214b6ae70b36bd7df4c7447b58ccb61fdbe4ba5b39bd6cbc40";"0d19103f77f912a9bbaea418ba4c0d561cf06db73cc021115696f0ab42ee6994";"3b8b125761e2bcf7c6f0e5c7bef1aa00d26d5853d57883a0e0e98fd50b4b71e6";"7d7178150e2b91768f9ba95b86fb0aab84f02bf8";"314e65771523065a36f1e5781cc18977dbb0fbb2";"787";"787";"a4826e06b7b8f76107bd21520a6850f669bb0e6d3ae42ac2d6af85c4e4a462a2"
"issue13-v5-diagnostic-module-bridge/1";"bridge-cf872ffa4cf63eebf4085377";"_anomalies.csv";"norow_w13";"wiodr13";"sea_sectors";"labour_force_value.m.mv";"after_stage_5";"5";"restore_declared_source_missing";"";"NA";"wiodr13_v1";"";"";"common/labour_force_value.m.mv.R";"indicator.labour_force_value.m.mv";"indicator.labour_force_value.m.mv";"replace";"run-20260827T172911387Z-f3caa443813b0ce5";"d8fc69fe14f2372164c4e3f17b76f23ffb909691d9466e4da25de6db3f16a029";"0d19103f77f912a9bbaea418ba4c0d561cf06db73cc021115696f0ab42ee6994";"3b8b125761e2bcf7c6f0e5c7bef1aa00d26d5853d57883a0e0e98fd50b4b71e6";"e2f4d6dae9a6d35c966b305fabac52e489faa3e7";"7da19c4f2913e857040ba228280f404b0e54eaab";"run-20260824T045022633Z-af31148740916475";"2a9a22d6ff5d7e214b6ae70b36bd7df4c7447b58ccb61fdbe4ba5b39bd6cbc40";"0d19103f77f912a9bbaea418ba4c0d561cf06db73cc021115696f0ab42ee6994";"3b8b125761e2bcf7c6f0e5c7bef1aa00d26d5853d57883a0e0e98fd50b4b71e6";"7d7178150e2b91768f9ba95b86fb0aab84f02bf8";"314e65771523065a36f1e5781cc18977dbb0fbb2";"525";"525";"cf872ffa4cf63eebf40853770ff6326e5c28b858fa4942eee047afe303e8addd"
"issue13-v5-diagnostic-module-bridge/1";"bridge-b0ea72e7cecca98367c286a9";"_anomalies.csv";"norow_w13";"wiodr13";"sea_sectors";"labour_requirements";"after_matrices";"3";"replace_both_zero_with_zero";"";"NaN";"wiodr13_v1";"";"";"transformation.R";"matrix.transformation";"matrix.transformation";"replace";"run-20260827T172911387Z-f3caa443813b0ce5";"d8fc69fe14f2372164c4e3f17b76f23ffb909691d9466e4da25de6db3f16a029";"0d19103f77f912a9bbaea418ba4c0d561cf06db73cc021115696f0ab42ee6994";"3b8b125761e2bcf7c6f0e5c7bef1aa00d26d5853d57883a0e0e98fd50b4b71e6";"e2f4d6dae9a6d35c966b305fabac52e489faa3e7";"7da19c4f2913e857040ba228280f404b0e54eaab";"run-20260824T045022633Z-af31148740916475";"2a9a22d6ff5d7e214b6ae70b36bd7df4c7447b58ccb61fdbe4ba5b39bd6cbc40";"0d19103f77f912a9bbaea418ba4c0d561cf06db73cc021115696f0ab42ee6994";"3b8b125761e2bcf7c6f0e5c7bef1aa00d26d5853d57883a0e0e98fd50b4b71e6";"7d7178150e2b91768f9ba95b86fb0aab84f02bf8";"314e65771523065a36f1e5781cc18977dbb0fbb2";"277";"277";"b0ea72e7cecca98367c286a9a699ae624443bef5cdc109e58bbbffb8287a44c8"
"issue13-v5-diagnostic-module-bridge/1";"bridge-99ae871358ffd70503c987c9";"_anomalies.csv";"norow_w13";"wiodr13";"sea_sectors";"surplus_value.emp.r.pc";"after_stage_5";"5";"mark_not_applicable";"";"Inf";"wiodr13_v1";"";"";"common/surplus_value.emp.r.pc.R";"indicator.surplus_value.emp.r.pc";"indicator.surplus_value.emp.r.pc";"replace";"run-20260827T172911387Z-f3caa443813b0ce5";"d8fc69fe14f2372164c4e3f17b76f23ffb909691d9466e4da25de6db3f16a029";"0d19103f77f912a9bbaea418ba4c0d561cf06db73cc021115696f0ab42ee6994";"3b8b125761e2bcf7c6f0e5c7bef1aa00d26d5853d57883a0e0e98fd50b4b71e6";"e2f4d6dae9a6d35c966b305fabac52e489faa3e7";"7da19c4f2913e857040ba228280f404b0e54eaab";"run-20260824T045022633Z-af31148740916475";"2a9a22d6ff5d7e214b6ae70b36bd7df4c7447b58ccb61fdbe4ba5b39bd6cbc40";"0d19103f77f912a9bbaea418ba4c0d561cf06db73cc021115696f0ab42ee6994";"3b8b125761e2bcf7c6f0e5c7bef1aa00d26d5853d57883a0e0e98fd50b4b71e6";"7d7178150e2b91768f9ba95b86fb0aab84f02bf8";"314e65771523065a36f1e5781cc18977dbb0fbb2";"23";"23";"99ae871358ffd70503c987c94ca68ad3c01adf752132639765cb1bbfe0ed4e16"
"issue13-v5-diagnostic-module-bridge/1";"bridge-be54f7c3b7e508c7c63b77a3";"_anomalies.csv";"norow_w13";"wiodr13";"sea_sectors";"surplus_value.emp.r.pc";"after_stage_5";"5";"mark_not_applicable";"";"NaN";"wiodr13_v1";"";"";"common/surplus_value.emp.r.pc.R";"indicator.surplus_value.emp.r.pc";"indicator.surplus_value.emp.r.pc";"replace";"run-20260827T172911387Z-f3caa443813b0ce5";"d8fc69fe14f2372164c4e3f17b76f23ffb909691d9466e4da25de6db3f16a029";"0d19103f77f912a9bbaea418ba4c0d561cf06db73cc021115696f0ab42ee6994";"3b8b125761e2bcf7c6f0e5c7bef1aa00d26d5853d57883a0e0e98fd50b4b71e6";"e2f4d6dae9a6d35c966b305fabac52e489faa3e7";"7da19c4f2913e857040ba228280f404b0e54eaab";"run-20260824T045022633Z-af31148740916475";"2a9a22d6ff5d7e214b6ae70b36bd7df4c7447b58ccb61fdbe4ba5b39bd6cbc40";"0d19103f77f912a9bbaea418ba4c0d561cf06db73cc021115696f0ab42ee6994";"3b8b125761e2bcf7c6f0e5c7bef1aa00d26d5853d57883a0e0e98fd50b4b71e6";"7d7178150e2b91768f9ba95b86fb0aab84f02bf8";"314e65771523065a36f1e5781cc18977dbb0fbb2";"789";"789";"be54f7c3b7e508c7c63b77a3426e691a8d81b03083bfb822611f4888ca100649"
"issue13-v5-diagnostic-module-bridge/1";"bridge-d8a57e17b4fd7672b3747a83";"_anomalies.csv";"norow_w13";"wiodr13";"sea_sectors";"surplus_value.emp.r.pc";"after_stage_5";"5";"restore_declared_source_missing";"";"NA";"wiodr13_v1";"";"";"common/surplus_value.emp.r.pc.R";"indicator.surplus_value.emp.r.pc";"indicator.surplus_value.emp.r.pc";"replace";"run-20260827T172911387Z-f3caa443813b0ce5";"d8fc69fe14f2372164c4e3f17b76f23ffb909691d9466e4da25de6db3f16a029";"0d19103f77f912a9bbaea418ba4c0d561cf06db73cc021115696f0ab42ee6994";"3b8b125761e2bcf7c6f0e5c7bef1aa00d26d5853d57883a0e0e98fd50b4b71e6";"e2f4d6dae9a6d35c966b305fabac52e489faa3e7";"7da19c4f2913e857040ba228280f404b0e54eaab";"run-20260824T045022633Z-af31148740916475";"2a9a22d6ff5d7e214b6ae70b36bd7df4c7447b58ccb61fdbe4ba5b39bd6cbc40";"0d19103f77f912a9bbaea418ba4c0d561cf06db73cc021115696f0ab42ee6994";"3b8b125761e2bcf7c6f0e5c7bef1aa00d26d5853d57883a0e0e98fd50b4b71e6";"7d7178150e2b91768f9ba95b86fb0aab84f02bf8";"314e65771523065a36f1e5781cc18977dbb0fbb2";"525";"525";"d8a57e17b4fd7672b3747a83ae44292b22ec16bdcad92f538c3c14cae299d8f4"
"issue13-v5-diagnostic-module-bridge/1";"bridge-602f379bc0c8dd3d718a42a8";"_anomalies.csv";"norow_w13";"wiodr13";"sea_sectors";"surplus_value.empe.r.pc";"after_stage_5";"5";"mark_not_applicable";"";"Inf";"wiodr13_v1";"";"";"common/surplus_value.empe.r.pc.R";"indicator.surplus_value.empe.r.pc";"indicator.surplus_value.empe.r.pc";"replace";"run-20260827T172911387Z-f3caa443813b0ce5";"d8fc69fe14f2372164c4e3f17b76f23ffb909691d9466e4da25de6db3f16a029";"0d19103f77f912a9bbaea418ba4c0d561cf06db73cc021115696f0ab42ee6994";"3b8b125761e2bcf7c6f0e5c7bef1aa00d26d5853d57883a0e0e98fd50b4b71e6";"e2f4d6dae9a6d35c966b305fabac52e489faa3e7";"7da19c4f2913e857040ba228280f404b0e54eaab";"run-20260824T045022633Z-af31148740916475";"2a9a22d6ff5d7e214b6ae70b36bd7df4c7447b58ccb61fdbe4ba5b39bd6cbc40";"0d19103f77f912a9bbaea418ba4c0d561cf06db73cc021115696f0ab42ee6994";"3b8b125761e2bcf7c6f0e5c7bef1aa00d26d5853d57883a0e0e98fd50b4b71e6";"7d7178150e2b91768f9ba95b86fb0aab84f02bf8";"314e65771523065a36f1e5781cc18977dbb0fbb2";"31";"31";"602f379bc0c8dd3d718a42a8f680e54265bfbad2e0b8a55ae65d9011b11fa709"
"issue13-v5-diagnostic-module-bridge/1";"bridge-276d2e40aa89f76a91f51e09";"_anomalies.csv";"norow_w13";"wiodr13";"sea_sectors";"surplus_value.empe.r.pc";"after_stage_5";"5";"mark_not_applicable";"";"NaN";"wiodr13_v1";"";"";"common/surplus_value.empe.r.pc.R";"indicator.surplus_value.empe.r.pc";"indicator.surplus_value.empe.r.pc";"replace";"run-20260827T172911387Z-f3caa443813b0ce5";"d8fc69fe14f2372164c4e3f17b76f23ffb909691d9466e4da25de6db3f16a029";"0d19103f77f912a9bbaea418ba4c0d561cf06db73cc021115696f0ab42ee6994";"3b8b125761e2bcf7c6f0e5c7bef1aa00d26d5853d57883a0e0e98fd50b4b71e6";"e2f4d6dae9a6d35c966b305fabac52e489faa3e7";"7da19c4f2913e857040ba228280f404b0e54eaab";"run-20260824T045022633Z-af31148740916475";"2a9a22d6ff5d7e214b6ae70b36bd7df4c7447b58ccb61fdbe4ba5b39bd6cbc40";"0d19103f77f912a9bbaea418ba4c0d561cf06db73cc021115696f0ab42ee6994";"3b8b125761e2bcf7c6f0e5c7bef1aa00d26d5853d57883a0e0e98fd50b4b71e6";"7d7178150e2b91768f9ba95b86fb0aab84f02bf8";"314e65771523065a36f1e5781cc18977dbb0fbb2";"787";"787";"276d2e40aa89f76a91f51e093c1adc98eba4792f0be2e1d1099c8281aee154a0"
"issue13-v5-diagnostic-module-bridge/1";"bridge-e4af107b0285afd9fa0aa532";"_anomalies.csv";"norow_w13";"wiodr13";"sea_sectors";"surplus_value.empe.r.pc";"after_stage_5";"5";"restore_declared_source_missing";"";"NA";"wiodr13_v1";"";"";"common/surplus_value.empe.r.pc.R";"indicator.surplus_value.empe.r.pc";"indicator.surplus_value.empe.r.pc";"replace";"run-20260827T172911387Z-f3caa443813b0ce5";"d8fc69fe14f2372164c4e3f17b76f23ffb909691d9466e4da25de6db3f16a029";"0d19103f77f912a9bbaea418ba4c0d561cf06db73cc021115696f0ab42ee6994";"3b8b125761e2bcf7c6f0e5c7bef1aa00d26d5853d57883a0e0e98fd50b4b71e6";"e2f4d6dae9a6d35c966b305fabac52e489faa3e7";"7da19c4f2913e857040ba228280f404b0e54eaab";"run-20260824T045022633Z-af31148740916475";"2a9a22d6ff5d7e214b6ae70b36bd7df4c7447b58ccb61fdbe4ba5b39bd6cbc40";"0d19103f77f912a9bbaea418ba4c0d561cf06db73cc021115696f0ab42ee6994";"3b8b125761e2bcf7c6f0e5c7bef1aa00d26d5853d57883a0e0e98fd50b4b71e6";"7d7178150e2b91768f9ba95b86fb0aab84f02bf8";"314e65771523065a36f1e5781cc18977dbb0fbb2";"525";"525";"e4af107b0285afd9fa0aa532ee9278fb6794cf2fdcb7d72e2e982c4da1c80785"
"issue13-v5-diagnostic-module-bridge/1";"bridge-e03e4af02d146bb7532a8a8b";"_anomalies.csv";"norow_w13";"wiodr13";"sea_sectors";"surplus_value.empe_hs.r.pc";"after_stage_5";"5";"mark_not_applicable";"";"Inf";"wiodr13_v1";"";"";"wiodr13/surplus_value.empe_hs.r.pc.R";"indicator.surplus_value.empe_hs.r.pc";"indicator.surplus_value.empe_hs.r.pc";"replace";"run-20260827T172911387Z-f3caa443813b0ce5";"d8fc69fe14f2372164c4e3f17b76f23ffb909691d9466e4da25de6db3f16a029";"0d19103f77f912a9bbaea418ba4c0d561cf06db73cc021115696f0ab42ee6994";"3b8b125761e2bcf7c6f0e5c7bef1aa00d26d5853d57883a0e0e98fd50b4b71e6";"e2f4d6dae9a6d35c966b305fabac52e489faa3e7";"7da19c4f2913e857040ba228280f404b0e54eaab";"run-20260824T045022633Z-af31148740916475";"2a9a22d6ff5d7e214b6ae70b36bd7df4c7447b58ccb61fdbe4ba5b39bd6cbc40";"0d19103f77f912a9bbaea418ba4c0d561cf06db73cc021115696f0ab42ee6994";"3b8b125761e2bcf7c6f0e5c7bef1aa00d26d5853d57883a0e0e98fd50b4b71e6";"7d7178150e2b91768f9ba95b86fb0aab84f02bf8";"314e65771523065a36f1e5781cc18977dbb0fbb2";"31";"31";"e03e4af02d146bb7532a8a8bf7241a7ca87e5596f4f956e7a72ed014f4366d1d"
"issue13-v5-diagnostic-module-bridge/1";"bridge-20d46161da89dcf184e7f55f";"_anomalies.csv";"norow_w13";"wiodr13";"sea_sectors";"surplus_value.empe_hs.r.pc";"after_stage_5";"5";"mark_not_applicable";"";"NaN";"wiodr13_v1";"";"";"wiodr13/surplus_value.empe_hs.r.pc.R";"indicator.surplus_value.empe_hs.r.pc";"indicator.surplus_value.empe_hs.r.pc";"replace";"run-20260827T172911387Z-f3caa443813b0ce5";"d8fc69fe14f2372164c4e3f17b76f23ffb909691d9466e4da25de6db3f16a029";"0d19103f77f912a9bbaea418ba4c0d561cf06db73cc021115696f0ab42ee6994";"3b8b125761e2bcf7c6f0e5c7bef1aa00d26d5853d57883a0e0e98fd50b4b71e6";"e2f4d6dae9a6d35c966b305fabac52e489faa3e7";"7da19c4f2913e857040ba228280f404b0e54eaab";"run-20260824T045022633Z-af31148740916475";"2a9a22d6ff5d7e214b6ae70b36bd7df4c7447b58ccb61fdbe4ba5b39bd6cbc40";"0d19103f77f912a9bbaea418ba4c0d561cf06db73cc021115696f0ab42ee6994";"3b8b125761e2bcf7c6f0e5c7bef1aa00d26d5853d57883a0e0e98fd50b4b71e6";"7d7178150e2b91768f9ba95b86fb0aab84f02bf8";"314e65771523065a36f1e5781cc18977dbb0fbb2";"277";"277";"20d46161da89dcf184e7f55fbbbae4e432c800d804fc1dcb6b135e6cb875594a"
"issue13-v5-diagnostic-module-bridge/1";"bridge-d104c9476dc67d984f2ba5a8";"_anomalies.csv";"norow_w13";"wiodr13";"sea_sectors";"surplus_value.empe_ls.r.pc";"after_stage_5";"5";"mark_not_applicable";"";"Inf";"wiodr13_v1";"";"";"wiodr13/surplus_value.empe_ls.r.pc.R";"indicator.surplus_value.empe_ls.r.pc";"indicator.surplus_value.empe_ls.r.pc";"replace";"run-20260827T172911387Z-f3caa443813b0ce5";"d8fc69fe14f2372164c4e3f17b76f23ffb909691d9466e4da25de6db3f16a029";"0d19103f77f912a9bbaea418ba4c0d561cf06db73cc021115696f0ab42ee6994";"3b8b125761e2bcf7c6f0e5c7bef1aa00d26d5853d57883a0e0e98fd50b4b71e6";"e2f4d6dae9a6d35c966b305fabac52e489faa3e7";"7da19c4f2913e857040ba228280f404b0e54eaab";"run-20260824T045022633Z-af31148740916475";"2a9a22d6ff5d7e214b6ae70b36bd7df4c7447b58ccb61fdbe4ba5b39bd6cbc40";"0d19103f77f912a9bbaea418ba4c0d561cf06db73cc021115696f0ab42ee6994";"3b8b125761e2bcf7c6f0e5c7bef1aa00d26d5853d57883a0e0e98fd50b4b71e6";"7d7178150e2b91768f9ba95b86fb0aab84f02bf8";"314e65771523065a36f1e5781cc18977dbb0fbb2";"31";"31";"d104c9476dc67d984f2ba5a82e0d1859690298ea99fea223c50400080f9e0880"
"issue13-v5-diagnostic-module-bridge/1";"bridge-bc3d6c6ca5190312c84b8dcd";"_anomalies.csv";"norow_w13";"wiodr13";"sea_sectors";"surplus_value.empe_ls.r.pc";"after_stage_5";"5";"mark_not_applicable";"";"NaN";"wiodr13_v1";"";"";"wiodr13/surplus_value.empe_ls.r.pc.R";"indicator.surplus_value.empe_ls.r.pc";"indicator.surplus_value.empe_ls.r.pc";"replace";"run-20260827T172911387Z-f3caa443813b0ce5";"d8fc69fe14f2372164c4e3f17b76f23ffb909691d9466e4da25de6db3f16a029";"0d19103f77f912a9bbaea418ba4c0d561cf06db73cc021115696f0ab42ee6994";"3b8b125761e2bcf7c6f0e5c7bef1aa00d26d5853d57883a0e0e98fd50b4b71e6";"e2f4d6dae9a6d35c966b305fabac52e489faa3e7";"7da19c4f2913e857040ba228280f404b0e54eaab";"run-20260824T045022633Z-af31148740916475";"2a9a22d6ff5d7e214b6ae70b36bd7df4c7447b58ccb61fdbe4ba5b39bd6cbc40";"0d19103f77f912a9bbaea418ba4c0d561cf06db73cc021115696f0ab42ee6994";"3b8b125761e2bcf7c6f0e5c7bef1aa00d26d5853d57883a0e0e98fd50b4b71e6";"7d7178150e2b91768f9ba95b86fb0aab84f02bf8";"314e65771523065a36f1e5781cc18977dbb0fbb2";"262";"262";"bc3d6c6ca5190312c84b8dcd22b2c284af4999926a6141ebf0b869ee07793aa5"
"issue13-v5-diagnostic-module-bridge/1";"bridge-d1fc703770430a9b90cd823a";"_anomalies.csv";"norow_w13";"wiodr13";"sea_sectors";"surplus_value.empe_ms.r.pc";"after_stage_5";"5";"mark_not_applicable";"";"Inf";"wiodr13_v1";"";"";"wiodr13/surplus_value.empe_ms.r.pc.R";"indicator.surplus_value.empe_ms.r.pc";"indicator.surplus_value.empe_ms.r.pc";"replace";"run-20260827T172911387Z-f3caa443813b0ce5";"d8fc69fe14f2372164c4e3f17b76f23ffb909691d9466e4da25de6db3f16a029";"0d19103f77f912a9bbaea418ba4c0d561cf06db73cc021115696f0ab42ee6994";"3b8b125761e2bcf7c6f0e5c7bef1aa00d26d5853d57883a0e0e98fd50b4b71e6";"e2f4d6dae9a6d35c966b305fabac52e489faa3e7";"7da19c4f2913e857040ba228280f404b0e54eaab";"run-20260824T045022633Z-af31148740916475";"2a9a22d6ff5d7e214b6ae70b36bd7df4c7447b58ccb61fdbe4ba5b39bd6cbc40";"0d19103f77f912a9bbaea418ba4c0d561cf06db73cc021115696f0ab42ee6994";"3b8b125761e2bcf7c6f0e5c7bef1aa00d26d5853d57883a0e0e98fd50b4b71e6";"7d7178150e2b91768f9ba95b86fb0aab84f02bf8";"314e65771523065a36f1e5781cc18977dbb0fbb2";"31";"31";"d1fc703770430a9b90cd823a9a24bb9df25b88932f01bb1fbf595271c5c07c62"
"issue13-v5-diagnostic-module-bridge/1";"bridge-bc9ac611d00351c0845e3bb9";"_anomalies.csv";"norow_w13";"wiodr13";"sea_sectors";"surplus_value.empe_ms.r.pc";"after_stage_5";"5";"mark_not_applicable";"";"NaN";"wiodr13_v1";"";"";"wiodr13/surplus_value.empe_ms.r.pc.R";"indicator.surplus_value.empe_ms.r.pc";"indicator.surplus_value.empe_ms.r.pc";"replace";"run-20260827T172911387Z-f3caa443813b0ce5";"d8fc69fe14f2372164c4e3f17b76f23ffb909691d9466e4da25de6db3f16a029";"0d19103f77f912a9bbaea418ba4c0d561cf06db73cc021115696f0ab42ee6994";"3b8b125761e2bcf7c6f0e5c7bef1aa00d26d5853d57883a0e0e98fd50b4b71e6";"e2f4d6dae9a6d35c966b305fabac52e489faa3e7";"7da19c4f2913e857040ba228280f404b0e54eaab";"run-20260824T045022633Z-af31148740916475";"2a9a22d6ff5d7e214b6ae70b36bd7df4c7447b58ccb61fdbe4ba5b39bd6cbc40";"0d19103f77f912a9bbaea418ba4c0d561cf06db73cc021115696f0ab42ee6994";"3b8b125761e2bcf7c6f0e5c7bef1aa00d26d5853d57883a0e0e98fd50b4b71e6";"7d7178150e2b91768f9ba95b86fb0aab84f02bf8";"314e65771523065a36f1e5781cc18977dbb0fbb2";"262";"262";"bc9ac611d00351c0845e3bb9a776e2dac7df73efc3e42c25680476bdf155498b"
"issue13-v5-diagnostic-module-bridge/1";"bridge-15fd9a9310114c33b2c3a1b2";"_anomalies.csv";"norow_w13";"wiodr13";"sea_sectors";"trade_transfers.p.m.pc";"after_stage_5";"5";"mark_not_applicable";"";"-Inf";"wiodr13_v1";"";"";"common/trade_transfers.p.m.pc.R";"indicator.trade_transfers.p.m.pc";"indicator.trade_transfers.p.m.pc";"replace";"run-20260827T172911387Z-f3caa443813b0ce5";"d8fc69fe14f2372164c4e3f17b76f23ffb909691d9466e4da25de6db3f16a029";"0d19103f77f912a9bbaea418ba4c0d561cf06db73cc021115696f0ab42ee6994";"3b8b125761e2bcf7c6f0e5c7bef1aa00d26d5853d57883a0e0e98fd50b4b71e6";"e2f4d6dae9a6d35c966b305fabac52e489faa3e7";"7da19c4f2913e857040ba228280f404b0e54eaab";"run-20260824T045022633Z-af31148740916475";"2a9a22d6ff5d7e214b6ae70b36bd7df4c7447b58ccb61fdbe4ba5b39bd6cbc40";"0d19103f77f912a9bbaea418ba4c0d561cf06db73cc021115696f0ab42ee6994";"3b8b125761e2bcf7c6f0e5c7bef1aa00d26d5853d57883a0e0e98fd50b4b71e6";"7d7178150e2b91768f9ba95b86fb0aab84f02bf8";"314e65771523065a36f1e5781cc18977dbb0fbb2";"108";"108";"15fd9a9310114c33b2c3a1b243f234a6f5780e8797a6938c1cb155efb3d9754c"
"issue13-v5-diagnostic-module-bridge/1";"bridge-9ba1dd683d2164d139b3ac07";"_anomalies.csv";"norow_w13";"wiodr13";"sea_sectors";"trade_transfers.p.m.pc";"after_stage_5";"5";"mark_not_applicable";"";"Inf";"wiodr13_v1";"";"";"common/trade_transfers.p.m.pc.R";"indicator.trade_transfers.p.m.pc";"indicator.trade_transfers.p.m.pc";"replace";"run-20260827T172911387Z-f3caa443813b0ce5";"d8fc69fe14f2372164c4e3f17b76f23ffb909691d9466e4da25de6db3f16a029";"0d19103f77f912a9bbaea418ba4c0d561cf06db73cc021115696f0ab42ee6994";"3b8b125761e2bcf7c6f0e5c7bef1aa00d26d5853d57883a0e0e98fd50b4b71e6";"e2f4d6dae9a6d35c966b305fabac52e489faa3e7";"7da19c4f2913e857040ba228280f404b0e54eaab";"run-20260824T045022633Z-af31148740916475";"2a9a22d6ff5d7e214b6ae70b36bd7df4c7447b58ccb61fdbe4ba5b39bd6cbc40";"0d19103f77f912a9bbaea418ba4c0d561cf06db73cc021115696f0ab42ee6994";"3b8b125761e2bcf7c6f0e5c7bef1aa00d26d5853d57883a0e0e98fd50b4b71e6";"7d7178150e2b91768f9ba95b86fb0aab84f02bf8";"314e65771523065a36f1e5781cc18977dbb0fbb2";"306";"306";"9ba1dd683d2164d139b3ac072aba791ce662cf52bf21bd0c4fd9540b03315f75"
"issue13-v5-diagnostic-module-bridge/1";"bridge-6a2b8cacddf5db53e5a93134";"_anomalies.csv";"norow_w13";"wiodr13";"sea_sectors";"trade_transfers.p.m.pc";"after_stage_5";"5";"mark_not_applicable";"";"NaN";"wiodr13_v1";"";"";"common/trade_transfers.p.m.pc.R";"indicator.trade_transfers.p.m.pc";"indicator.trade_transfers.p.m.pc";"replace";"run-20260827T172911387Z-f3caa443813b0ce5";"d8fc69fe14f2372164c4e3f17b76f23ffb909691d9466e4da25de6db3f16a029";"0d19103f77f912a9bbaea418ba4c0d561cf06db73cc021115696f0ab42ee6994";"3b8b125761e2bcf7c6f0e5c7bef1aa00d26d5853d57883a0e0e98fd50b4b71e6";"e2f4d6dae9a6d35c966b305fabac52e489faa3e7";"7da19c4f2913e857040ba228280f404b0e54eaab";"run-20260824T045022633Z-af31148740916475";"2a9a22d6ff5d7e214b6ae70b36bd7df4c7447b58ccb61fdbe4ba5b39bd6cbc40";"0d19103f77f912a9bbaea418ba4c0d561cf06db73cc021115696f0ab42ee6994";"3b8b125761e2bcf7c6f0e5c7bef1aa00d26d5853d57883a0e0e98fd50b4b71e6";"7d7178150e2b91768f9ba95b86fb0aab84f02bf8";"314e65771523065a36f1e5781cc18977dbb0fbb2";"6150";"6150";"6a2b8cacddf5db53e5a93134ccfc82576df26aa05d526a3cb04fc59bd00aff8d"
"issue13-v5-diagnostic-module-bridge/1";"bridge-3aaf69753c630f63ce6fe375";"_anomalies.csv";"ochoa_1";"wiodr13";"sea_countries";"appropriated_profit.r.pc";"after_country_module";"5";"mark_not_applicable";"";"Inf";"wiodr13_v1";"";"";"common/appropriated_profit.r.pc-country.R";"indicator.appropriated_profit.r.pc";"indicator.appropriated_profit.r.pc";"replace";"run-20260827T174132576Z-fc4735affffae4c1";"f93cc6f3fb263ee062441d0e804c6364700968cb2eb445c08ea20a68a5e97088";"5dca3f2b8ebb9d18166ea452aead09aceb37eccea6b5e779c0379c02ab001359";"82c61ee0a694c3076a180e36f08b171afba0c29abbc5f5153b0605284a1196ce";"e2f4d6dae9a6d35c966b305fabac52e489faa3e7";"7da19c4f2913e857040ba228280f404b0e54eaab";"run-20260824T044549632Z-6af96175657f0a5e";"28913f5bf42b5150217c841276c757b41427cb0212823f9164c0c84f3b4ad005";"5dca3f2b8ebb9d18166ea452aead09aceb37eccea6b5e779c0379c02ab001359";"82c61ee0a694c3076a180e36f08b171afba0c29abbc5f5153b0605284a1196ce";"7d7178150e2b91768f9ba95b86fb0aab84f02bf8";"314e65771523065a36f1e5781cc18977dbb0fbb2";"30";"30";"3aaf69753c630f63ce6fe3751b70bc85812392cb572d2eb49002adfa5c410cab"
"issue13-v5-diagnostic-module-bridge/1";"bridge-e1fda2d14b65305918de7e12";"_anomalies.csv";"ochoa_1";"wiodr13";"sea_countries";"compensation.emp.s.cu";"after_country_aggregation";"5";"preserve_all_missing";"";"NA";"wiodr13_v1";"";"";"sea_countries.R";"aggregation.direct";"aggregation.direct";"replace";"run-20260827T174132576Z-fc4735affffae4c1";"f93cc6f3fb263ee062441d0e804c6364700968cb2eb445c08ea20a68a5e97088";"5dca3f2b8ebb9d18166ea452aead09aceb37eccea6b5e779c0379c02ab001359";"82c61ee0a694c3076a180e36f08b171afba0c29abbc5f5153b0605284a1196ce";"e2f4d6dae9a6d35c966b305fabac52e489faa3e7";"7da19c4f2913e857040ba228280f404b0e54eaab";"run-20260824T044549632Z-6af96175657f0a5e";"28913f5bf42b5150217c841276c757b41427cb0212823f9164c0c84f3b4ad005";"5dca3f2b8ebb9d18166ea452aead09aceb37eccea6b5e779c0379c02ab001359";"82c61ee0a694c3076a180e36f08b171afba0c29abbc5f5153b0605284a1196ce";"7d7178150e2b91768f9ba95b86fb0aab84f02bf8";"314e65771523065a36f1e5781cc18977dbb0fbb2";"525";"525";"e1fda2d14b65305918de7e12596d8b107fed7e03daad594c7a02f89a51837068"
"issue13-v5-diagnostic-module-bridge/1";"bridge-2f28c23e433af6310d9106c1";"_anomalies.csv";"ochoa_1";"wiodr13";"sea_countries";"compensation.emp.s.cu";"after_world_aggregation";"5";"aggregate_available";"";"NA";"wiodr13_v1";"";"";"sea_countries.R";"aggregation.direct";"aggregation.direct";"replace";"run-20260827T174132576Z-fc4735affffae4c1";"f93cc6f3fb263ee062441d0e804c6364700968cb2eb445c08ea20a68a5e97088";"5dca3f2b8ebb9d18166ea452aead09aceb37eccea6b5e779c0379c02ab001359";"82c61ee0a694c3076a180e36f08b171afba0c29abbc5f5153b0605284a1196ce";"e2f4d6dae9a6d35c966b305fabac52e489faa3e7";"7da19c4f2913e857040ba228280f404b0e54eaab";"run-20260824T044549632Z-6af96175657f0a5e";"28913f5bf42b5150217c841276c757b41427cb0212823f9164c0c84f3b4ad005";"5dca3f2b8ebb9d18166ea452aead09aceb37eccea6b5e779c0379c02ab001359";"82c61ee0a694c3076a180e36f08b171afba0c29abbc5f5153b0605284a1196ce";"7d7178150e2b91768f9ba95b86fb0aab84f02bf8";"314e65771523065a36f1e5781cc18977dbb0fbb2";"15";"15";"2f28c23e433af6310d9106c19eb71066ab95b08edd43f78eda2454fd8b70bf0f"
"issue13-v5-diagnostic-module-bridge/1";"bridge-b8587e527c3fe466ddf4bae3";"_anomalies.csv";"ochoa_1";"wiodr13";"sea_countries";"compensation.empe.s.cu";"after_country_aggregation";"5";"preserve_all_missing";"";"NA";"wiodr13_v1";"";"";"sea_countries.R";"aggregation.direct";"aggregation.direct";"replace";"run-20260827T174132576Z-fc4735affffae4c1";"f93cc6f3fb263ee062441d0e804c6364700968cb2eb445c08ea20a68a5e97088";"5dca3f2b8ebb9d18166ea452aead09aceb37eccea6b5e779c0379c02ab001359";"82c61ee0a694c3076a180e36f08b171afba0c29abbc5f5153b0605284a1196ce";"e2f4d6dae9a6d35c966b305fabac52e489faa3e7";"7da19c4f2913e857040ba228280f404b0e54eaab";"run-20260824T044549632Z-6af96175657f0a5e";"28913f5bf42b5150217c841276c757b41427cb0212823f9164c0c84f3b4ad005";"5dca3f2b8ebb9d18166ea452aead09aceb37eccea6b5e779c0379c02ab001359";"82c61ee0a694c3076a180e36f08b171afba0c29abbc5f5153b0605284a1196ce";"7d7178150e2b91768f9ba95b86fb0aab84f02bf8";"314e65771523065a36f1e5781cc18977dbb0fbb2";"525";"525";"b8587e527c3fe466ddf4bae3ed4162cde5a301a962bb156476d7fda659c27918"
"issue13-v5-diagnostic-module-bridge/1";"bridge-8c8444f5c9b9341734dbe873";"_anomalies.csv";"ochoa_1";"wiodr13";"sea_countries";"compensation.empe.s.cu";"after_world_aggregation";"5";"aggregate_available";"";"NA";"wiodr13_v1";"";"";"sea_countries.R";"aggregation.direct";"aggregation.direct";"replace";"run-20260827T174132576Z-fc4735affffae4c1";"f93cc6f3fb263ee062441d0e804c6364700968cb2eb445c08ea20a68a5e97088";"5dca3f2b8ebb9d18166ea452aead09aceb37eccea6b5e779c0379c02ab001359";"82c61ee0a694c3076a180e36f08b171afba0c29abbc5f5153b0605284a1196ce";"e2f4d6dae9a6d35c966b305fabac52e489faa3e7";"7da19c4f2913e857040ba228280f404b0e54eaab";"run-20260824T044549632Z-6af96175657f0a5e";"28913f5bf42b5150217c841276c757b41427cb0212823f9164c0c84f3b4ad005";"5dca3f2b8ebb9d18166ea452aead09aceb37eccea6b5e779c0379c02ab001359";"82c61ee0a694c3076a180e36f08b171afba0c29abbc5f5153b0605284a1196ce";"7d7178150e2b91768f9ba95b86fb0aab84f02bf8";"314e65771523065a36f1e5781cc18977dbb0fbb2";"15";"15";"8c8444f5c9b9341734dbe8731e0df015f4734d16fa231fb1e7bb6f9b61e73415"
"issue13-v5-diagnostic-module-bridge/1";"bridge-2b79d3535d6532fdc3d22d92";"_anomalies.csv";"ochoa_1";"wiodr13";"sea_countries";"exchange.r.us";"after_country_aggregation";"5";"preserve_all_missing";"";"NA";"wiodr13_v1";"";"";"sea_countries.R";"aggregation.direct";"aggregation.direct";"replace";"run-20260827T174132576Z-fc4735affffae4c1";"f93cc6f3fb263ee062441d0e804c6364700968cb2eb445c08ea20a68a5e97088";"5dca3f2b8ebb9d18166ea452aead09aceb37eccea6b5e779c0379c02ab001359";"82c61ee0a694c3076a180e36f08b171afba0c29abbc5f5153b0605284a1196ce";"e2f4d6dae9a6d35c966b305fabac52e489faa3e7";"7da19c4f2913e857040ba228280f404b0e54eaab";"run-20260824T044549632Z-6af96175657f0a5e";"28913f5bf42b5150217c841276c757b41427cb0212823f9164c0c84f3b4ad005";"5dca3f2b8ebb9d18166ea452aead09aceb37eccea6b5e779c0379c02ab001359";"82c61ee0a694c3076a180e36f08b171afba0c29abbc5f5153b0605284a1196ce";"7d7178150e2b91768f9ba95b86fb0aab84f02bf8";"314e65771523065a36f1e5781cc18977dbb0fbb2";"525";"525";"2b79d3535d6532fdc3d22d927891e22abffc25b4f2bc31a8aeed4e35800113a0"
"issue13-v5-diagnostic-module-bridge/1";"bridge-9f778615f35c54535d93895f";"_anomalies.csv";"ochoa_1";"wiodr13";"sea_countries";"exchange.r.us";"after_world_aggregation";"5";"aggregate_available";"";"NA";"wiodr13_v1";"";"";"sea_countries.R";"aggregation.direct";"aggregation.direct";"replace";"run-20260827T174132576Z-fc4735affffae4c1";"f93cc6f3fb263ee062441d0e804c6364700968cb2eb445c08ea20a68a5e97088";"5dca3f2b8ebb9d18166ea452aead09aceb37eccea6b5e779c0379c02ab001359";"82c61ee0a694c3076a180e36f08b171afba0c29abbc5f5153b0605284a1196ce";"e2f4d6dae9a6d35c966b305fabac52e489faa3e7";"7da19c4f2913e857040ba228280f404b0e54eaab";"run-20260824T044549632Z-6af96175657f0a5e";"28913f5bf42b5150217c841276c757b41427cb0212823f9164c0c84f3b4ad005";"5dca3f2b8ebb9d18166ea452aead09aceb37eccea6b5e779c0379c02ab001359";"82c61ee0a694c3076a180e36f08b171afba0c29abbc5f5153b0605284a1196ce";"7d7178150e2b91768f9ba95b86fb0aab84f02bf8";"314e65771523065a36f1e5781cc18977dbb0fbb2";"15";"15";"9f778615f35c54535d93895f7747e3001b9d0fbbd990178fed768073c2c0be5d"
"issue13-v5-diagnostic-module-bridge/1";"bridge-e581b47d073dc77f98c8e5c5";"_anomalies.csv";"ochoa_1";"wiodr13";"sea_countries";"go_price.r.id";"after_country_aggregation";"5";"aggregate_available";"";"NA";"wiodr13_v1";"";"";"sea_countries.R";"aggregation.direct";"aggregation.direct";"replace";"run-20260827T174132576Z-fc4735affffae4c1";"f93cc6f3fb263ee062441d0e804c6364700968cb2eb445c08ea20a68a5e97088";"5dca3f2b8ebb9d18166ea452aead09aceb37eccea6b5e779c0379c02ab001359";"82c61ee0a694c3076a180e36f08b171afba0c29abbc5f5153b0605284a1196ce";"e2f4d6dae9a6d35c966b305fabac52e489faa3e7";"7da19c4f2913e857040ba228280f404b0e54eaab";"run-20260824T044549632Z-6af96175657f0a5e";"28913f5bf42b5150217c841276c757b41427cb0212823f9164c0c84f3b4ad005";"5dca3f2b8ebb9d18166ea452aead09aceb37eccea6b5e779c0379c02ab001359";"82c61ee0a694c3076a180e36f08b171afba0c29abbc5f5153b0605284a1196ce";"7d7178150e2b91768f9ba95b86fb0aab84f02bf8";"314e65771523065a36f1e5781cc18977dbb0fbb2";"240";"240";"e581b47d073dc77f98c8e5c5768d9c0d43c582f2feba797c4c7d5f812e928f1b"
"issue13-v5-diagnostic-module-bridge/1";"bridge-de7e36b0acfb64accc37a908";"_anomalies.csv";"ochoa_1";"wiodr13";"sea_countries";"profit.s.us";"after_country_aggregation";"5";"preserve_all_missing";"";"NA";"wiodr13_v1";"";"";"sea_countries.R";"aggregation.direct";"aggregation.direct";"replace";"run-20260827T174132576Z-fc4735affffae4c1";"f93cc6f3fb263ee062441d0e804c6364700968cb2eb445c08ea20a68a5e97088";"5dca3f2b8ebb9d18166ea452aead09aceb37eccea6b5e779c0379c02ab001359";"82c61ee0a694c3076a180e36f08b171afba0c29abbc5f5153b0605284a1196ce";"e2f4d6dae9a6d35c966b305fabac52e489faa3e7";"7da19c4f2913e857040ba228280f404b0e54eaab";"run-20260824T044549632Z-6af96175657f0a5e";"28913f5bf42b5150217c841276c757b41427cb0212823f9164c0c84f3b4ad005";"5dca3f2b8ebb9d18166ea452aead09aceb37eccea6b5e779c0379c02ab001359";"82c61ee0a694c3076a180e36f08b171afba0c29abbc5f5153b0605284a1196ce";"7d7178150e2b91768f9ba95b86fb0aab84f02bf8";"314e65771523065a36f1e5781cc18977dbb0fbb2";"525";"525";"de7e36b0acfb64accc37a9080cff30ccdd5f25df5fa1128407795b000c8dc2fe"
"issue13-v5-diagnostic-module-bridge/1";"bridge-13e28d75847360c47dbabb9b";"_anomalies.csv";"ochoa_1";"wiodr13";"sea_countries";"profit.s.us";"after_world_aggregation";"5";"aggregate_available";"";"NA";"wiodr13_v1";"";"";"sea_countries.R";"aggregation.direct";"aggregation.direct";"replace";"run-20260827T174132576Z-fc4735affffae4c1";"f93cc6f3fb263ee062441d0e804c6364700968cb2eb445c08ea20a68a5e97088";"5dca3f2b8ebb9d18166ea452aead09aceb37eccea6b5e779c0379c02ab001359";"82c61ee0a694c3076a180e36f08b171afba0c29abbc5f5153b0605284a1196ce";"e2f4d6dae9a6d35c966b305fabac52e489faa3e7";"7da19c4f2913e857040ba228280f404b0e54eaab";"run-20260824T044549632Z-6af96175657f0a5e";"28913f5bf42b5150217c841276c757b41427cb0212823f9164c0c84f3b4ad005";"5dca3f2b8ebb9d18166ea452aead09aceb37eccea6b5e779c0379c02ab001359";"82c61ee0a694c3076a180e36f08b171afba0c29abbc5f5153b0605284a1196ce";"7d7178150e2b91768f9ba95b86fb0aab84f02bf8";"314e65771523065a36f1e5781cc18977dbb0fbb2";"15";"15";"13e28d75847360c47dbabb9b86c3c582ce931d587231fb454d145e240e58f207"
"issue13-v5-diagnostic-module-bridge/1";"bridge-3f3481b6962e99665456a933";"_anomalies.csv";"ochoa_1";"wiodr13";"sea_sectors";"abstract_labour.emp.m.mv";"after_stage_5";"5";"mark_not_applicable";"";"Inf";"wiodr13_v1";"";"";"common/abstract_labour.emp.m.mv.R";"indicator.abstract_labour.emp.m.mv";"indicator.abstract_labour.emp.m.mv";"replace";"run-20260827T174132576Z-fc4735affffae4c1";"f93cc6f3fb263ee062441d0e804c6364700968cb2eb445c08ea20a68a5e97088";"5dca3f2b8ebb9d18166ea452aead09aceb37eccea6b5e779c0379c02ab001359";"82c61ee0a694c3076a180e36f08b171afba0c29abbc5f5153b0605284a1196ce";"e2f4d6dae9a6d35c966b305fabac52e489faa3e7";"7da19c4f2913e857040ba228280f404b0e54eaab";"run-20260824T044549632Z-6af96175657f0a5e";"28913f5bf42b5150217c841276c757b41427cb0212823f9164c0c84f3b4ad005";"5dca3f2b8ebb9d18166ea452aead09aceb37eccea6b5e779c0379c02ab001359";"82c61ee0a694c3076a180e36f08b171afba0c29abbc5f5153b0605284a1196ce";"7d7178150e2b91768f9ba95b86fb0aab84f02bf8";"314e65771523065a36f1e5781cc18977dbb0fbb2";"2";"2";"3f3481b6962e99665456a93384be885abc7a016e81b20cfc482dadeb0d72b74a"
"issue13-v5-diagnostic-module-bridge/1";"bridge-ea77d0777d54dfcc756a05ae";"_anomalies.csv";"ochoa_1";"wiodr13";"sea_sectors";"abstract_labour.emp.m.mv";"after_stage_5";"5";"mark_not_applicable";"";"NaN";"wiodr13_v1";"";"";"common/abstract_labour.emp.m.mv.R";"indicator.abstract_labour.emp.m.mv";"indicator.abstract_labour.emp.m.mv";"replace";"run-20260827T174132576Z-fc4735affffae4c1";"f93cc6f3fb263ee062441d0e804c6364700968cb2eb445c08ea20a68a5e97088";"5dca3f2b8ebb9d18166ea452aead09aceb37eccea6b5e779c0379c02ab001359";"82c61ee0a694c3076a180e36f08b171afba0c29abbc5f5153b0605284a1196ce";"e2f4d6dae9a6d35c966b305fabac52e489faa3e7";"7da19c4f2913e857040ba228280f404b0e54eaab";"run-20260824T044549632Z-6af96175657f0a5e";"28913f5bf42b5150217c841276c757b41427cb0212823f9164c0c84f3b4ad005";"5dca3f2b8ebb9d18166ea452aead09aceb37eccea6b5e779c0379c02ab001359";"82c61ee0a694c3076a180e36f08b171afba0c29abbc5f5153b0605284a1196ce";"7d7178150e2b91768f9ba95b86fb0aab84f02bf8";"314e65771523065a36f1e5781cc18977dbb0fbb2";"264";"264";"ea77d0777d54dfcc756a05ae683778dd44ff06966106e95c0592072495b18c04"
"issue13-v5-diagnostic-module-bridge/1";"bridge-2b2d1b0b9932e44718d8642a";"_anomalies.csv";"ochoa_1";"wiodr13";"sea_sectors";"abstract_labour.empe.m.mv";"after_stage_5";"5";"mark_not_applicable";"";"NaN";"wiodr13_v1";"";"";"common/abstract_labour.empe.m.mv.R";"indicator.abstract_labour.empe.m.mv";"indicator.abstract_labour.empe.m.mv";"replace";"run-20260827T174132576Z-fc4735affffae4c1";"f93cc6f3fb263ee062441d0e804c6364700968cb2eb445c08ea20a68a5e97088";"5dca3f2b8ebb9d18166ea452aead09aceb37eccea6b5e779c0379c02ab001359";"82c61ee0a694c3076a180e36f08b171afba0c29abbc5f5153b0605284a1196ce";"e2f4d6dae9a6d35c966b305fabac52e489faa3e7";"7da19c4f2913e857040ba228280f404b0e54eaab";"run-20260824T044549632Z-6af96175657f0a5e";"28913f5bf42b5150217c841276c757b41427cb0212823f9164c0c84f3b4ad005";"5dca3f2b8ebb9d18166ea452aead09aceb37eccea6b5e779c0379c02ab001359";"82c61ee0a694c3076a180e36f08b171afba0c29abbc5f5153b0605284a1196ce";"7d7178150e2b91768f9ba95b86fb0aab84f02bf8";"314e65771523065a36f1e5781cc18977dbb0fbb2";"266";"266";"2b2d1b0b9932e44718d8642a8cedfd0fbc274c75fe02e57c43d50dbf9c2061fc"
"issue13-v5-diagnostic-module-bridge/1";"bridge-b2651e63a927470684019520";"_anomalies.csv";"ochoa_1";"wiodr13";"sea_sectors";"appropriated_profit.r.pc";"after_stage_5";"5";"mark_not_applicable";"";"-Inf";"wiodr13_v1";"";"";"common/appropriated_profit.r.pc.R";"indicator.appropriated_profit.r.pc";"indicator.appropriated_profit.r.pc";"replace";"run-20260827T174132576Z-fc4735affffae4c1";"f93cc6f3fb263ee062441d0e804c6364700968cb2eb445c08ea20a68a5e97088";"5dca3f2b8ebb9d18166ea452aead09aceb37eccea6b5e779c0379c02ab001359";"82c61ee0a694c3076a180e36f08b171afba0c29abbc5f5153b0605284a1196ce";"e2f4d6dae9a6d35c966b305fabac52e489faa3e7";"7da19c4f2913e857040ba228280f404b0e54eaab";"run-20260824T044549632Z-6af96175657f0a5e";"28913f5bf42b5150217c841276c757b41427cb0212823f9164c0c84f3b4ad005";"5dca3f2b8ebb9d18166ea452aead09aceb37eccea6b5e779c0379c02ab001359";"82c61ee0a694c3076a180e36f08b171afba0c29abbc5f5153b0605284a1196ce";"7d7178150e2b91768f9ba95b86fb0aab84f02bf8";"314e65771523065a36f1e5781cc18977dbb0fbb2";"62";"62";"b2651e63a927470684019520a56af0e56b1b37f3d3852aa6fde0266ebfcfacd5"
"issue13-v5-diagnostic-module-bridge/1";"bridge-93a01d46463bdbabec560832";"_anomalies.csv";"ochoa_1";"wiodr13";"sea_sectors";"appropriated_profit.r.pc";"after_stage_5";"5";"mark_not_applicable";"";"Inf";"wiodr13_v1";"";"";"common/appropriated_profit.r.pc.R";"indicator.appropriated_profit.r.pc";"indicator.appropriated_profit.r.pc";"replace";"run-20260827T174132576Z-fc4735affffae4c1";"f93cc6f3fb263ee062441d0e804c6364700968cb2eb445c08ea20a68a5e97088";"5dca3f2b8ebb9d18166ea452aead09aceb37eccea6b5e779c0379c02ab001359";"82c61ee0a694c3076a180e36f08b171afba0c29abbc5f5153b0605284a1196ce";"e2f4d6dae9a6d35c966b305fabac52e489faa3e7";"7da19c4f2913e857040ba228280f404b0e54eaab";"run-20260824T044549632Z-6af96175657f0a5e";"28913f5bf42b5150217c841276c757b41427cb0212823f9164c0c84f3b4ad005";"5dca3f2b8ebb9d18166ea452aead09aceb37eccea6b5e779c0379c02ab001359";"82c61ee0a694c3076a180e36f08b171afba0c29abbc5f5153b0605284a1196ce";"7d7178150e2b91768f9ba95b86fb0aab84f02bf8";"314e65771523065a36f1e5781cc18977dbb0fbb2";"958";"958";"93a01d46463bdbabec560832f54eb2e08978c105e523f715a4edad3a7d337413"
"issue13-v5-diagnostic-module-bridge/1";"bridge-407798ac4ec4118cab16c3f5";"_anomalies.csv";"ochoa_1";"wiodr13";"sea_sectors";"appropriated_profit.r.pc";"after_stage_5";"5";"mark_not_applicable";"";"NaN";"wiodr13_v1";"";"";"common/appropriated_profit.r.pc.R";"indicator.appropriated_profit.r.pc";"indicator.appropriated_profit.r.pc";"replace";"run-20260827T174132576Z-fc4735affffae4c1";"f93cc6f3fb263ee062441d0e804c6364700968cb2eb445c08ea20a68a5e97088";"5dca3f2b8ebb9d18166ea452aead09aceb37eccea6b5e779c0379c02ab001359";"82c61ee0a694c3076a180e36f08b171afba0c29abbc5f5153b0605284a1196ce";"e2f4d6dae9a6d35c966b305fabac52e489faa3e7";"7da19c4f2913e857040ba228280f404b0e54eaab";"run-20260824T044549632Z-6af96175657f0a5e";"28913f5bf42b5150217c841276c757b41427cb0212823f9164c0c84f3b4ad005";"5dca3f2b8ebb9d18166ea452aead09aceb37eccea6b5e779c0379c02ab001359";"82c61ee0a694c3076a180e36f08b171afba0c29abbc5f5153b0605284a1196ce";"7d7178150e2b91768f9ba95b86fb0aab84f02bf8";"314e65771523065a36f1e5781cc18977dbb0fbb2";"589";"589";"407798ac4ec4118cab16c3f58567cf53c82c0c8315fe4e72fa14b9e00e2c9531"
"issue13-v5-diagnostic-module-bridge/1";"bridge-325e2bc9a69832fb74501d86";"_anomalies.csv";"ochoa_1";"wiodr13";"sea_sectors";"go_price.r.id";"after_price_normalization";"4";"mark_not_applicable";"";"NaN";"wiodr13_v1";"";"";"wiodr13/normalize_price_indices.R";"indicator.price_index.normalize";"indicator.price_index.normalize";"preserve";"run-20260827T174132576Z-fc4735affffae4c1";"f93cc6f3fb263ee062441d0e804c6364700968cb2eb445c08ea20a68a5e97088";"5dca3f2b8ebb9d18166ea452aead09aceb37eccea6b5e779c0379c02ab001359";"82c61ee0a694c3076a180e36f08b171afba0c29abbc5f5153b0605284a1196ce";"e2f4d6dae9a6d35c966b305fabac52e489faa3e7";"7da19c4f2913e857040ba228280f404b0e54eaab";"run-20260824T044549632Z-6af96175657f0a5e";"28913f5bf42b5150217c841276c757b41427cb0212823f9164c0c84f3b4ad005";"5dca3f2b8ebb9d18166ea452aead09aceb37eccea6b5e779c0379c02ab001359";"82c61ee0a694c3076a180e36f08b171afba0c29abbc5f5153b0605284a1196ce";"7d7178150e2b91768f9ba95b86fb0aab84f02bf8";"314e65771523065a36f1e5781cc18977dbb0fbb2";"240";"240";"325e2bc9a69832fb74501d865a45ef721962b8f161c41da9058025a96e416e3d"
"issue13-v5-diagnostic-module-bridge/1";"bridge-341bfe0c76eb9a189547369b";"_anomalies.csv";"ochoa_1";"wiodr13";"sea_sectors";"labour_force_value.emp.m.mv";"after_stage_5";"5";"mark_not_applicable";"";"Inf";"wiodr13_v1";"";"";"common/labour_force_value.emp.m.mv.R";"indicator.labour_force_value.emp.m.mv";"indicator.labour_force_value.emp.m.mv";"replace";"run-20260827T174132576Z-fc4735affffae4c1";"f93cc6f3fb263ee062441d0e804c6364700968cb2eb445c08ea20a68a5e97088";"5dca3f2b8ebb9d18166ea452aead09aceb37eccea6b5e779c0379c02ab001359";"82c61ee0a694c3076a180e36f08b171afba0c29abbc5f5153b0605284a1196ce";"e2f4d6dae9a6d35c966b305fabac52e489faa3e7";"7da19c4f2913e857040ba228280f404b0e54eaab";"run-20260824T044549632Z-6af96175657f0a5e";"28913f5bf42b5150217c841276c757b41427cb0212823f9164c0c84f3b4ad005";"5dca3f2b8ebb9d18166ea452aead09aceb37eccea6b5e779c0379c02ab001359";"82c61ee0a694c3076a180e36f08b171afba0c29abbc5f5153b0605284a1196ce";"7d7178150e2b91768f9ba95b86fb0aab84f02bf8";"314e65771523065a36f1e5781cc18977dbb0fbb2";"2";"2";"341bfe0c76eb9a189547369b44495f1c5af19b6459676f61405df0f78a482a01"
"issue13-v5-diagnostic-module-bridge/1";"bridge-9b23214a11c487f16d1dee3c";"_anomalies.csv";"ochoa_1";"wiodr13";"sea_sectors";"labour_force_value.emp.m.mv";"after_stage_5";"5";"mark_not_applicable";"";"NaN";"wiodr13_v1";"";"";"common/labour_force_value.emp.m.mv.R";"indicator.labour_force_value.emp.m.mv";"indicator.labour_force_value.emp.m.mv";"replace";"run-20260827T174132576Z-fc4735affffae4c1";"f93cc6f3fb263ee062441d0e804c6364700968cb2eb445c08ea20a68a5e97088";"5dca3f2b8ebb9d18166ea452aead09aceb37eccea6b5e779c0379c02ab001359";"82c61ee0a694c3076a180e36f08b171afba0c29abbc5f5153b0605284a1196ce";"e2f4d6dae9a6d35c966b305fabac52e489faa3e7";"7da19c4f2913e857040ba228280f404b0e54eaab";"run-20260824T044549632Z-6af96175657f0a5e";"28913f5bf42b5150217c841276c757b41427cb0212823f9164c0c84f3b4ad005";"5dca3f2b8ebb9d18166ea452aead09aceb37eccea6b5e779c0379c02ab001359";"82c61ee0a694c3076a180e36f08b171afba0c29abbc5f5153b0605284a1196ce";"7d7178150e2b91768f9ba95b86fb0aab84f02bf8";"314e65771523065a36f1e5781cc18977dbb0fbb2";"264";"264";"9b23214a11c487f16d1dee3c3a16d21393ffa86dabce11f3febc97871122c438"
"issue13-v5-diagnostic-module-bridge/1";"bridge-2ec15f8ba0171e1a89fec507";"_anomalies.csv";"ochoa_1";"wiodr13";"sea_sectors";"labour_force_value.m.mv";"after_stage_5";"5";"mark_not_applicable";"";"Inf";"wiodr13_v1";"";"";"common/labour_force_value.m.mv.R";"indicator.labour_force_value.m.mv";"indicator.labour_force_value.m.mv";"replace";"run-20260827T174132576Z-fc4735affffae4c1";"f93cc6f3fb263ee062441d0e804c6364700968cb2eb445c08ea20a68a5e97088";"5dca3f2b8ebb9d18166ea452aead09aceb37eccea6b5e779c0379c02ab001359";"82c61ee0a694c3076a180e36f08b171afba0c29abbc5f5153b0605284a1196ce";"e2f4d6dae9a6d35c966b305fabac52e489faa3e7";"7da19c4f2913e857040ba228280f404b0e54eaab";"run-20260824T044549632Z-6af96175657f0a5e";"28913f5bf42b5150217c841276c757b41427cb0212823f9164c0c84f3b4ad005";"5dca3f2b8ebb9d18166ea452aead09aceb37eccea6b5e779c0379c02ab001359";"82c61ee0a694c3076a180e36f08b171afba0c29abbc5f5153b0605284a1196ce";"7d7178150e2b91768f9ba95b86fb0aab84f02bf8";"314e65771523065a36f1e5781cc18977dbb0fbb2";"4";"4";"2ec15f8ba0171e1a89fec507963ad9e9154bff1ddb630a80d4678cb3ad2de61d"
"issue13-v5-diagnostic-module-bridge/1";"bridge-2225931783602f8be8f0e4ee";"_anomalies.csv";"ochoa_1";"wiodr13";"sea_sectors";"labour_force_value.m.mv";"after_stage_5";"5";"mark_not_applicable";"";"NaN";"wiodr13_v1";"";"";"common/labour_force_value.m.mv.R";"indicator.labour_force_value.m.mv";"indicator.labour_force_value.m.mv";"replace";"run-20260827T174132576Z-fc4735affffae4c1";"f93cc6f3fb263ee062441d0e804c6364700968cb2eb445c08ea20a68a5e97088";"5dca3f2b8ebb9d18166ea452aead09aceb37eccea6b5e779c0379c02ab001359";"82c61ee0a694c3076a180e36f08b171afba0c29abbc5f5153b0605284a1196ce";"e2f4d6dae9a6d35c966b305fabac52e489faa3e7";"7da19c4f2913e857040ba228280f404b0e54eaab";"run-20260824T044549632Z-6af96175657f0a5e";"28913f5bf42b5150217c841276c757b41427cb0212823f9164c0c84f3b4ad005";"5dca3f2b8ebb9d18166ea452aead09aceb37eccea6b5e779c0379c02ab001359";"82c61ee0a694c3076a180e36f08b171afba0c29abbc5f5153b0605284a1196ce";"7d7178150e2b91768f9ba95b86fb0aab84f02bf8";"314e65771523065a36f1e5781cc18977dbb0fbb2";"262";"262";"2225931783602f8be8f0e4ee6c4f7ab25f5794eb96fb34ae7f150cc628060bdf"
"issue13-v5-diagnostic-module-bridge/1";"bridge-f7edc3d318ebd1caa54d7db5";"_anomalies.csv";"ochoa_1";"wiodr13";"sea_sectors";"labour_requirements";"after_matrices";"3";"replace_both_zero_with_zero";"";"NaN";"wiodr13_v1";"";"";"transformation.R";"matrix.transformation";"matrix.transformation";"replace";"run-20260827T174132576Z-fc4735affffae4c1";"f93cc6f3fb263ee062441d0e804c6364700968cb2eb445c08ea20a68a5e97088";"5dca3f2b8ebb9d18166ea452aead09aceb37eccea6b5e779c0379c02ab001359";"82c61ee0a694c3076a180e36f08b171afba0c29abbc5f5153b0605284a1196ce";"e2f4d6dae9a6d35c966b305fabac52e489faa3e7";"7da19c4f2913e857040ba228280f404b0e54eaab";"run-20260824T044549632Z-6af96175657f0a5e";"28913f5bf42b5150217c841276c757b41427cb0212823f9164c0c84f3b4ad005";"5dca3f2b8ebb9d18166ea452aead09aceb37eccea6b5e779c0379c02ab001359";"82c61ee0a694c3076a180e36f08b171afba0c29abbc5f5153b0605284a1196ce";"7d7178150e2b91768f9ba95b86fb0aab84f02bf8";"314e65771523065a36f1e5781cc18977dbb0fbb2";"277";"277";"f7edc3d318ebd1caa54d7db5793311efac76c2a8b9f6c630ddb1472968f3a93e"
"issue13-v5-diagnostic-module-bridge/1";"bridge-be05889fff1c0196b9a4ecc5";"_anomalies.csv";"ochoa_1";"wiodr13";"sea_sectors";"surplus_value.emp.r.pc";"after_stage_5";"5";"mark_not_applicable";"";"NaN";"wiodr13_v1";"";"";"common/surplus_value.emp.r.pc.R";"indicator.surplus_value.emp.r.pc";"indicator.surplus_value.emp.r.pc";"replace";"run-20260827T174132576Z-fc4735affffae4c1";"f93cc6f3fb263ee062441d0e804c6364700968cb2eb445c08ea20a68a5e97088";"5dca3f2b8ebb9d18166ea452aead09aceb37eccea6b5e779c0379c02ab001359";"82c61ee0a694c3076a180e36f08b171afba0c29abbc5f5153b0605284a1196ce";"e2f4d6dae9a6d35c966b305fabac52e489faa3e7";"7da19c4f2913e857040ba228280f404b0e54eaab";"run-20260824T044549632Z-6af96175657f0a5e";"28913f5bf42b5150217c841276c757b41427cb0212823f9164c0c84f3b4ad005";"5dca3f2b8ebb9d18166ea452aead09aceb37eccea6b5e779c0379c02ab001359";"82c61ee0a694c3076a180e36f08b171afba0c29abbc5f5153b0605284a1196ce";"7d7178150e2b91768f9ba95b86fb0aab84f02bf8";"314e65771523065a36f1e5781cc18977dbb0fbb2";"287";"287";"be05889fff1c0196b9a4ecc53b2d895c71af4691220a3b7a37ab34aa073f2e26"
"issue13-v5-diagnostic-module-bridge/1";"bridge-3884e0f3b75fdf94e2dd3d83";"_anomalies.csv";"ochoa_1";"wiodr13";"sea_sectors";"surplus_value.empe.r.pc";"after_stage_5";"5";"mark_not_applicable";"";"NaN";"wiodr13_v1";"";"";"common/surplus_value.empe.r.pc.R";"indicator.surplus_value.empe.r.pc";"indicator.surplus_value.empe.r.pc";"replace";"run-20260827T174132576Z-fc4735affffae4c1";"f93cc6f3fb263ee062441d0e804c6364700968cb2eb445c08ea20a68a5e97088";"5dca3f2b8ebb9d18166ea452aead09aceb37eccea6b5e779c0379c02ab001359";"82c61ee0a694c3076a180e36f08b171afba0c29abbc5f5153b0605284a1196ce";"e2f4d6dae9a6d35c966b305fabac52e489faa3e7";"7da19c4f2913e857040ba228280f404b0e54eaab";"run-20260824T044549632Z-6af96175657f0a5e";"28913f5bf42b5150217c841276c757b41427cb0212823f9164c0c84f3b4ad005";"5dca3f2b8ebb9d18166ea452aead09aceb37eccea6b5e779c0379c02ab001359";"82c61ee0a694c3076a180e36f08b171afba0c29abbc5f5153b0605284a1196ce";"7d7178150e2b91768f9ba95b86fb0aab84f02bf8";"314e65771523065a36f1e5781cc18977dbb0fbb2";"293";"293";"3884e0f3b75fdf94e2dd3d83ecec5b84b0a12b89b1b165a34b18f44a63a1f178"
"issue13-v5-diagnostic-module-bridge/1";"bridge-57941769800a6ed13cf742a7";"_anomalies.csv";"ochoa_1";"wiodr13";"sea_sectors";"surplus_value.empe_hs.r.pc";"after_stage_5";"5";"mark_not_applicable";"";"NaN";"wiodr13_v1";"";"";"wiodr13/surplus_value.empe_hs.r.pc.R";"indicator.surplus_value.empe_hs.r.pc";"indicator.surplus_value.empe_hs.r.pc";"replace";"run-20260827T174132576Z-fc4735affffae4c1";"f93cc6f3fb263ee062441d0e804c6364700968cb2eb445c08ea20a68a5e97088";"5dca3f2b8ebb9d18166ea452aead09aceb37eccea6b5e779c0379c02ab001359";"82c61ee0a694c3076a180e36f08b171afba0c29abbc5f5153b0605284a1196ce";"e2f4d6dae9a6d35c966b305fabac52e489faa3e7";"7da19c4f2913e857040ba228280f404b0e54eaab";"run-20260824T044549632Z-6af96175657f0a5e";"28913f5bf42b5150217c841276c757b41427cb0212823f9164c0c84f3b4ad005";"5dca3f2b8ebb9d18166ea452aead09aceb37eccea6b5e779c0379c02ab001359";"82c61ee0a694c3076a180e36f08b171afba0c29abbc5f5153b0605284a1196ce";"7d7178150e2b91768f9ba95b86fb0aab84f02bf8";"314e65771523065a36f1e5781cc18977dbb0fbb2";"308";"308";"57941769800a6ed13cf742a78f732cf9a5d5d79271a30e806d83ac158cc6ea8f"
"issue13-v5-diagnostic-module-bridge/1";"bridge-5f5667691db7d48fea6e0e4c";"_anomalies.csv";"ochoa_1";"wiodr13";"sea_sectors";"surplus_value.empe_ls.r.pc";"after_stage_5";"5";"mark_not_applicable";"";"NaN";"wiodr13_v1";"";"";"wiodr13/surplus_value.empe_ls.r.pc.R";"indicator.surplus_value.empe_ls.r.pc";"indicator.surplus_value.empe_ls.r.pc";"replace";"run-20260827T174132576Z-fc4735affffae4c1";"f93cc6f3fb263ee062441d0e804c6364700968cb2eb445c08ea20a68a5e97088";"5dca3f2b8ebb9d18166ea452aead09aceb37eccea6b5e779c0379c02ab001359";"82c61ee0a694c3076a180e36f08b171afba0c29abbc5f5153b0605284a1196ce";"e2f4d6dae9a6d35c966b305fabac52e489faa3e7";"7da19c4f2913e857040ba228280f404b0e54eaab";"run-20260824T044549632Z-6af96175657f0a5e";"28913f5bf42b5150217c841276c757b41427cb0212823f9164c0c84f3b4ad005";"5dca3f2b8ebb9d18166ea452aead09aceb37eccea6b5e779c0379c02ab001359";"82c61ee0a694c3076a180e36f08b171afba0c29abbc5f5153b0605284a1196ce";"7d7178150e2b91768f9ba95b86fb0aab84f02bf8";"314e65771523065a36f1e5781cc18977dbb0fbb2";"293";"293";"5f5667691db7d48fea6e0e4cb389545cb697feb5c5d00ab3333708c0fc69142b"
"issue13-v5-diagnostic-module-bridge/1";"bridge-0024ac5df7a1b73c7b5941bb";"_anomalies.csv";"ochoa_1";"wiodr13";"sea_sectors";"surplus_value.empe_ms.r.pc";"after_stage_5";"5";"mark_not_applicable";"";"NaN";"wiodr13_v1";"";"";"wiodr13/surplus_value.empe_ms.r.pc.R";"indicator.surplus_value.empe_ms.r.pc";"indicator.surplus_value.empe_ms.r.pc";"replace";"run-20260827T174132576Z-fc4735affffae4c1";"f93cc6f3fb263ee062441d0e804c6364700968cb2eb445c08ea20a68a5e97088";"5dca3f2b8ebb9d18166ea452aead09aceb37eccea6b5e779c0379c02ab001359";"82c61ee0a694c3076a180e36f08b171afba0c29abbc5f5153b0605284a1196ce";"e2f4d6dae9a6d35c966b305fabac52e489faa3e7";"7da19c4f2913e857040ba228280f404b0e54eaab";"run-20260824T044549632Z-6af96175657f0a5e";"28913f5bf42b5150217c841276c757b41427cb0212823f9164c0c84f3b4ad005";"5dca3f2b8ebb9d18166ea452aead09aceb37eccea6b5e779c0379c02ab001359";"82c61ee0a694c3076a180e36f08b171afba0c29abbc5f5153b0605284a1196ce";"7d7178150e2b91768f9ba95b86fb0aab84f02bf8";"314e65771523065a36f1e5781cc18977dbb0fbb2";"293";"293";"0024ac5df7a1b73c7b5941bb6472f09166eaab1e3249fe8b8c2a1ec7d0b4b0ee"
"issue13-v5-diagnostic-module-bridge/1";"bridge-3fb746af91d8001a78d07d6f";"_anomalies.csv";"ochoa_1";"wiodr13";"sea_sectors";"trade_transfers.p.m.pc";"after_stage_5";"5";"mark_not_applicable";"";"-Inf";"wiodr13_v1";"";"";"common/trade_transfers.p.m.pc.R";"indicator.trade_transfers.p.m.pc";"indicator.trade_transfers.p.m.pc";"replace";"run-20260827T174132576Z-fc4735affffae4c1";"f93cc6f3fb263ee062441d0e804c6364700968cb2eb445c08ea20a68a5e97088";"5dca3f2b8ebb9d18166ea452aead09aceb37eccea6b5e779c0379c02ab001359";"82c61ee0a694c3076a180e36f08b171afba0c29abbc5f5153b0605284a1196ce";"e2f4d6dae9a6d35c966b305fabac52e489faa3e7";"7da19c4f2913e857040ba228280f404b0e54eaab";"run-20260824T044549632Z-6af96175657f0a5e";"28913f5bf42b5150217c841276c757b41427cb0212823f9164c0c84f3b4ad005";"5dca3f2b8ebb9d18166ea452aead09aceb37eccea6b5e779c0379c02ab001359";"82c61ee0a694c3076a180e36f08b171afba0c29abbc5f5153b0605284a1196ce";"7d7178150e2b91768f9ba95b86fb0aab84f02bf8";"314e65771523065a36f1e5781cc18977dbb0fbb2";"32";"32";"3fb746af91d8001a78d07d6ffd18fa34b4deb04a9c86dc6d4be92cb3af49eb71"
"issue13-v5-diagnostic-module-bridge/1";"bridge-19045edd9f8a29c08c475f6f";"_anomalies.csv";"ochoa_1";"wiodr13";"sea_sectors";"trade_transfers.p.m.pc";"after_stage_5";"5";"mark_not_applicable";"";"Inf";"wiodr13_v1";"";"";"common/trade_transfers.p.m.pc.R";"indicator.trade_transfers.p.m.pc";"indicator.trade_transfers.p.m.pc";"replace";"run-20260827T174132576Z-fc4735affffae4c1";"f93cc6f3fb263ee062441d0e804c6364700968cb2eb445c08ea20a68a5e97088";"5dca3f2b8ebb9d18166ea452aead09aceb37eccea6b5e779c0379c02ab001359";"82c61ee0a694c3076a180e36f08b171afba0c29abbc5f5153b0605284a1196ce";"e2f4d6dae9a6d35c966b305fabac52e489faa3e7";"7da19c4f2913e857040ba228280f404b0e54eaab";"run-20260824T044549632Z-6af96175657f0a5e";"28913f5bf42b5150217c841276c757b41427cb0212823f9164c0c84f3b4ad005";"5dca3f2b8ebb9d18166ea452aead09aceb37eccea6b5e779c0379c02ab001359";"82c61ee0a694c3076a180e36f08b171afba0c29abbc5f5153b0605284a1196ce";"7d7178150e2b91768f9ba95b86fb0aab84f02bf8";"314e65771523065a36f1e5781cc18977dbb0fbb2";"15";"15";"19045edd9f8a29c08c475f6f34c14e47d538b2f13aa9a22cc71cacf9c1f5ebeb"
"issue13-v5-diagnostic-module-bridge/1";"bridge-19e4ebd008a94c73cd1ce950";"_anomalies.csv";"ochoa_1";"wiodr13";"sea_sectors";"trade_transfers.p.m.pc";"after_stage_5";"5";"mark_not_applicable";"";"NaN";"wiodr13_v1";"";"";"common/trade_transfers.p.m.pc.R";"indicator.trade_transfers.p.m.pc";"indicator.trade_transfers.p.m.pc";"replace";"run-20260827T174132576Z-fc4735affffae4c1";"f93cc6f3fb263ee062441d0e804c6364700968cb2eb445c08ea20a68a5e97088";"5dca3f2b8ebb9d18166ea452aead09aceb37eccea6b5e779c0379c02ab001359";"82c61ee0a694c3076a180e36f08b171afba0c29abbc5f5153b0605284a1196ce";"e2f4d6dae9a6d35c966b305fabac52e489faa3e7";"7da19c4f2913e857040ba228280f404b0e54eaab";"run-20260824T044549632Z-6af96175657f0a5e";"28913f5bf42b5150217c841276c757b41427cb0212823f9164c0c84f3b4ad005";"5dca3f2b8ebb9d18166ea452aead09aceb37eccea6b5e779c0379c02ab001359";"82c61ee0a694c3076a180e36f08b171afba0c29abbc5f5153b0605284a1196ce";"7d7178150e2b91768f9ba95b86fb0aab84f02bf8";"314e65771523065a36f1e5781cc18977dbb0fbb2";"7380";"7380";"19e4ebd008a94c73cd1ce9505294436c18e496f45e913d63de7161a43a3dc5fa"
"issue13-v5-diagnostic-module-bridge/1";"bridge-be08e73df61e0f6d0a7ff3a4";"_anomalies.csv";"ochoa_2";"wiodr13";"sea_countries";"appropriated_profit.r.pc";"after_country_module";"5";"mark_not_applicable";"";"Inf";"wiodr13_v1";"";"";"common/appropriated_profit.r.pc-country.R";"indicator.appropriated_profit.r.pc";"indicator.appropriated_profit.r.pc";"replace";"run-20260827T175417876Z-b768270cacb3bffc";"bb80369c3682d61dce4e42d9f7795bda34a781d8e576fe4115aea98a420eac94";"be7768f3cf35b003e45a442a1b424b1179b554ef8d3d26a7f0059853dc423db4";"82c61ee0a694c3076a180e36f08b171afba0c29abbc5f5153b0605284a1196ce";"e2f4d6dae9a6d35c966b305fabac52e489faa3e7";"7da19c4f2913e857040ba228280f404b0e54eaab";"run-20260824T044625372Z-8852a2ec315247a3";"19effd1c2936f3c1ad119e2520877f435f8a2b2f3f508f89de2798b70db9de25";"be7768f3cf35b003e45a442a1b424b1179b554ef8d3d26a7f0059853dc423db4";"82c61ee0a694c3076a180e36f08b171afba0c29abbc5f5153b0605284a1196ce";"7d7178150e2b91768f9ba95b86fb0aab84f02bf8";"314e65771523065a36f1e5781cc18977dbb0fbb2";"30";"30";"be08e73df61e0f6d0a7ff3a499b4fcf907e677ed16307fef2c5d1d2646471dc6"
"issue13-v5-diagnostic-module-bridge/1";"bridge-7688a486866abcad16f902fb";"_anomalies.csv";"ochoa_2";"wiodr13";"sea_countries";"compensation.emp.s.cu";"after_country_aggregation";"5";"preserve_all_missing";"";"NA";"wiodr13_v1";"";"";"sea_countries.R";"aggregation.direct";"aggregation.direct";"replace";"run-20260827T175417876Z-b768270cacb3bffc";"bb80369c3682d61dce4e42d9f7795bda34a781d8e576fe4115aea98a420eac94";"be7768f3cf35b003e45a442a1b424b1179b554ef8d3d26a7f0059853dc423db4";"82c61ee0a694c3076a180e36f08b171afba0c29abbc5f5153b0605284a1196ce";"e2f4d6dae9a6d35c966b305fabac52e489faa3e7";"7da19c4f2913e857040ba228280f404b0e54eaab";"run-20260824T044625372Z-8852a2ec315247a3";"19effd1c2936f3c1ad119e2520877f435f8a2b2f3f508f89de2798b70db9de25";"be7768f3cf35b003e45a442a1b424b1179b554ef8d3d26a7f0059853dc423db4";"82c61ee0a694c3076a180e36f08b171afba0c29abbc5f5153b0605284a1196ce";"7d7178150e2b91768f9ba95b86fb0aab84f02bf8";"314e65771523065a36f1e5781cc18977dbb0fbb2";"525";"525";"7688a486866abcad16f902fb0870db7cb47b7238353cc929a6b26230043402ca"
"issue13-v5-diagnostic-module-bridge/1";"bridge-8a6a548e5770076deb5499b2";"_anomalies.csv";"ochoa_2";"wiodr13";"sea_countries";"compensation.emp.s.cu";"after_world_aggregation";"5";"aggregate_available";"";"NA";"wiodr13_v1";"";"";"sea_countries.R";"aggregation.direct";"aggregation.direct";"replace";"run-20260827T175417876Z-b768270cacb3bffc";"bb80369c3682d61dce4e42d9f7795bda34a781d8e576fe4115aea98a420eac94";"be7768f3cf35b003e45a442a1b424b1179b554ef8d3d26a7f0059853dc423db4";"82c61ee0a694c3076a180e36f08b171afba0c29abbc5f5153b0605284a1196ce";"e2f4d6dae9a6d35c966b305fabac52e489faa3e7";"7da19c4f2913e857040ba228280f404b0e54eaab";"run-20260824T044625372Z-8852a2ec315247a3";"19effd1c2936f3c1ad119e2520877f435f8a2b2f3f508f89de2798b70db9de25";"be7768f3cf35b003e45a442a1b424b1179b554ef8d3d26a7f0059853dc423db4";"82c61ee0a694c3076a180e36f08b171afba0c29abbc5f5153b0605284a1196ce";"7d7178150e2b91768f9ba95b86fb0aab84f02bf8";"314e65771523065a36f1e5781cc18977dbb0fbb2";"15";"15";"8a6a548e5770076deb5499b289d8e6bb9fa8854f7875795008976752ec233299"
"issue13-v5-diagnostic-module-bridge/1";"bridge-21dd48f873f1bf3f948184b7";"_anomalies.csv";"ochoa_2";"wiodr13";"sea_countries";"compensation.empe.s.cu";"after_country_aggregation";"5";"preserve_all_missing";"";"NA";"wiodr13_v1";"";"";"sea_countries.R";"aggregation.direct";"aggregation.direct";"replace";"run-20260827T175417876Z-b768270cacb3bffc";"bb80369c3682d61dce4e42d9f7795bda34a781d8e576fe4115aea98a420eac94";"be7768f3cf35b003e45a442a1b424b1179b554ef8d3d26a7f0059853dc423db4";"82c61ee0a694c3076a180e36f08b171afba0c29abbc5f5153b0605284a1196ce";"e2f4d6dae9a6d35c966b305fabac52e489faa3e7";"7da19c4f2913e857040ba228280f404b0e54eaab";"run-20260824T044625372Z-8852a2ec315247a3";"19effd1c2936f3c1ad119e2520877f435f8a2b2f3f508f89de2798b70db9de25";"be7768f3cf35b003e45a442a1b424b1179b554ef8d3d26a7f0059853dc423db4";"82c61ee0a694c3076a180e36f08b171afba0c29abbc5f5153b0605284a1196ce";"7d7178150e2b91768f9ba95b86fb0aab84f02bf8";"314e65771523065a36f1e5781cc18977dbb0fbb2";"525";"525";"21dd48f873f1bf3f948184b754f8ebdf695b1028d899e8b56209293a87d46126"
"issue13-v5-diagnostic-module-bridge/1";"bridge-4c20f5ea53481a735fd36603";"_anomalies.csv";"ochoa_2";"wiodr13";"sea_countries";"compensation.empe.s.cu";"after_world_aggregation";"5";"aggregate_available";"";"NA";"wiodr13_v1";"";"";"sea_countries.R";"aggregation.direct";"aggregation.direct";"replace";"run-20260827T175417876Z-b768270cacb3bffc";"bb80369c3682d61dce4e42d9f7795bda34a781d8e576fe4115aea98a420eac94";"be7768f3cf35b003e45a442a1b424b1179b554ef8d3d26a7f0059853dc423db4";"82c61ee0a694c3076a180e36f08b171afba0c29abbc5f5153b0605284a1196ce";"e2f4d6dae9a6d35c966b305fabac52e489faa3e7";"7da19c4f2913e857040ba228280f404b0e54eaab";"run-20260824T044625372Z-8852a2ec315247a3";"19effd1c2936f3c1ad119e2520877f435f8a2b2f3f508f89de2798b70db9de25";"be7768f3cf35b003e45a442a1b424b1179b554ef8d3d26a7f0059853dc423db4";"82c61ee0a694c3076a180e36f08b171afba0c29abbc5f5153b0605284a1196ce";"7d7178150e2b91768f9ba95b86fb0aab84f02bf8";"314e65771523065a36f1e5781cc18977dbb0fbb2";"15";"15";"4c20f5ea53481a735fd366033f3d7444aa5f0d20b3b3cf202862fe864f13832c"
"issue13-v5-diagnostic-module-bridge/1";"bridge-f80b6928513cb73d619970a5";"_anomalies.csv";"ochoa_2";"wiodr13";"sea_countries";"exchange.r.us";"after_country_aggregation";"5";"preserve_all_missing";"";"NA";"wiodr13_v1";"";"";"sea_countries.R";"aggregation.direct";"aggregation.direct";"replace";"run-20260827T175417876Z-b768270cacb3bffc";"bb80369c3682d61dce4e42d9f7795bda34a781d8e576fe4115aea98a420eac94";"be7768f3cf35b003e45a442a1b424b1179b554ef8d3d26a7f0059853dc423db4";"82c61ee0a694c3076a180e36f08b171afba0c29abbc5f5153b0605284a1196ce";"e2f4d6dae9a6d35c966b305fabac52e489faa3e7";"7da19c4f2913e857040ba228280f404b0e54eaab";"run-20260824T044625372Z-8852a2ec315247a3";"19effd1c2936f3c1ad119e2520877f435f8a2b2f3f508f89de2798b70db9de25";"be7768f3cf35b003e45a442a1b424b1179b554ef8d3d26a7f0059853dc423db4";"82c61ee0a694c3076a180e36f08b171afba0c29abbc5f5153b0605284a1196ce";"7d7178150e2b91768f9ba95b86fb0aab84f02bf8";"314e65771523065a36f1e5781cc18977dbb0fbb2";"525";"525";"f80b6928513cb73d619970a58b6e2fc9cfc5be9842039ab8b42158dc6cc49d8e"
"issue13-v5-diagnostic-module-bridge/1";"bridge-fd30653858fb2acc4d428075";"_anomalies.csv";"ochoa_2";"wiodr13";"sea_countries";"exchange.r.us";"after_world_aggregation";"5";"aggregate_available";"";"NA";"wiodr13_v1";"";"";"sea_countries.R";"aggregation.direct";"aggregation.direct";"replace";"run-20260827T175417876Z-b768270cacb3bffc";"bb80369c3682d61dce4e42d9f7795bda34a781d8e576fe4115aea98a420eac94";"be7768f3cf35b003e45a442a1b424b1179b554ef8d3d26a7f0059853dc423db4";"82c61ee0a694c3076a180e36f08b171afba0c29abbc5f5153b0605284a1196ce";"e2f4d6dae9a6d35c966b305fabac52e489faa3e7";"7da19c4f2913e857040ba228280f404b0e54eaab";"run-20260824T044625372Z-8852a2ec315247a3";"19effd1c2936f3c1ad119e2520877f435f8a2b2f3f508f89de2798b70db9de25";"be7768f3cf35b003e45a442a1b424b1179b554ef8d3d26a7f0059853dc423db4";"82c61ee0a694c3076a180e36f08b171afba0c29abbc5f5153b0605284a1196ce";"7d7178150e2b91768f9ba95b86fb0aab84f02bf8";"314e65771523065a36f1e5781cc18977dbb0fbb2";"15";"15";"fd30653858fb2acc4d428075cf5223c9ba96add029e00012e0dfe9b9059a4893"
"issue13-v5-diagnostic-module-bridge/1";"bridge-e5aaed4464f5d0c9736543a4";"_anomalies.csv";"ochoa_2";"wiodr13";"sea_countries";"go_price.r.id";"after_country_aggregation";"5";"aggregate_available";"";"NA";"wiodr13_v1";"";"";"sea_countries.R";"aggregation.direct";"aggregation.direct";"replace";"run-20260827T175417876Z-b768270cacb3bffc";"bb80369c3682d61dce4e42d9f7795bda34a781d8e576fe4115aea98a420eac94";"be7768f3cf35b003e45a442a1b424b1179b554ef8d3d26a7f0059853dc423db4";"82c61ee0a694c3076a180e36f08b171afba0c29abbc5f5153b0605284a1196ce";"e2f4d6dae9a6d35c966b305fabac52e489faa3e7";"7da19c4f2913e857040ba228280f404b0e54eaab";"run-20260824T044625372Z-8852a2ec315247a3";"19effd1c2936f3c1ad119e2520877f435f8a2b2f3f508f89de2798b70db9de25";"be7768f3cf35b003e45a442a1b424b1179b554ef8d3d26a7f0059853dc423db4";"82c61ee0a694c3076a180e36f08b171afba0c29abbc5f5153b0605284a1196ce";"7d7178150e2b91768f9ba95b86fb0aab84f02bf8";"314e65771523065a36f1e5781cc18977dbb0fbb2";"240";"240";"e5aaed4464f5d0c9736543a4c414f9e79769c17a9a74307ae69c55d7215aeea6"
"issue13-v5-diagnostic-module-bridge/1";"bridge-0cccb70a825fc23a027d1121";"_anomalies.csv";"ochoa_2";"wiodr13";"sea_countries";"profit.s.us";"after_country_aggregation";"5";"preserve_all_missing";"";"NA";"wiodr13_v1";"";"";"sea_countries.R";"aggregation.direct";"aggregation.direct";"replace";"run-20260827T175417876Z-b768270cacb3bffc";"bb80369c3682d61dce4e42d9f7795bda34a781d8e576fe4115aea98a420eac94";"be7768f3cf35b003e45a442a1b424b1179b554ef8d3d26a7f0059853dc423db4";"82c61ee0a694c3076a180e36f08b171afba0c29abbc5f5153b0605284a1196ce";"e2f4d6dae9a6d35c966b305fabac52e489faa3e7";"7da19c4f2913e857040ba228280f404b0e54eaab";"run-20260824T044625372Z-8852a2ec315247a3";"19effd1c2936f3c1ad119e2520877f435f8a2b2f3f508f89de2798b70db9de25";"be7768f3cf35b003e45a442a1b424b1179b554ef8d3d26a7f0059853dc423db4";"82c61ee0a694c3076a180e36f08b171afba0c29abbc5f5153b0605284a1196ce";"7d7178150e2b91768f9ba95b86fb0aab84f02bf8";"314e65771523065a36f1e5781cc18977dbb0fbb2";"525";"525";"0cccb70a825fc23a027d112171764702bed662e5a3c1f15aefd75c2c76d640c7"
"issue13-v5-diagnostic-module-bridge/1";"bridge-7e8a94242bdb7b3c147e4c6d";"_anomalies.csv";"ochoa_2";"wiodr13";"sea_countries";"profit.s.us";"after_world_aggregation";"5";"aggregate_available";"";"NA";"wiodr13_v1";"";"";"sea_countries.R";"aggregation.direct";"aggregation.direct";"replace";"run-20260827T175417876Z-b768270cacb3bffc";"bb80369c3682d61dce4e42d9f7795bda34a781d8e576fe4115aea98a420eac94";"be7768f3cf35b003e45a442a1b424b1179b554ef8d3d26a7f0059853dc423db4";"82c61ee0a694c3076a180e36f08b171afba0c29abbc5f5153b0605284a1196ce";"e2f4d6dae9a6d35c966b305fabac52e489faa3e7";"7da19c4f2913e857040ba228280f404b0e54eaab";"run-20260824T044625372Z-8852a2ec315247a3";"19effd1c2936f3c1ad119e2520877f435f8a2b2f3f508f89de2798b70db9de25";"be7768f3cf35b003e45a442a1b424b1179b554ef8d3d26a7f0059853dc423db4";"82c61ee0a694c3076a180e36f08b171afba0c29abbc5f5153b0605284a1196ce";"7d7178150e2b91768f9ba95b86fb0aab84f02bf8";"314e65771523065a36f1e5781cc18977dbb0fbb2";"15";"15";"7e8a94242bdb7b3c147e4c6d52ee158e1d0e03893f58d0e482c25340d47b737a"
"issue13-v5-diagnostic-module-bridge/1";"bridge-6b9187e46ee2349d10d3c636";"_anomalies.csv";"ochoa_2";"wiodr13";"sea_sectors";"abstract_labour.emp.m.mv";"after_stage_5";"5";"mark_not_applicable";"";"Inf";"wiodr13_v1";"";"";"common/abstract_labour.emp.m.mv.R";"indicator.abstract_labour.emp.m.mv";"indicator.abstract_labour.emp.m.mv";"replace";"run-20260827T175417876Z-b768270cacb3bffc";"bb80369c3682d61dce4e42d9f7795bda34a781d8e576fe4115aea98a420eac94";"be7768f3cf35b003e45a442a1b424b1179b554ef8d3d26a7f0059853dc423db4";"82c61ee0a694c3076a180e36f08b171afba0c29abbc5f5153b0605284a1196ce";"e2f4d6dae9a6d35c966b305fabac52e489faa3e7";"7da19c4f2913e857040ba228280f404b0e54eaab";"run-20260824T044625372Z-8852a2ec315247a3";"19effd1c2936f3c1ad119e2520877f435f8a2b2f3f508f89de2798b70db9de25";"be7768f3cf35b003e45a442a1b424b1179b554ef8d3d26a7f0059853dc423db4";"82c61ee0a694c3076a180e36f08b171afba0c29abbc5f5153b0605284a1196ce";"7d7178150e2b91768f9ba95b86fb0aab84f02bf8";"314e65771523065a36f1e5781cc18977dbb0fbb2";"2";"2";"6b9187e46ee2349d10d3c6369ecf0809845ea952c3662f5ef0b761e57975764f"
"issue13-v5-diagnostic-module-bridge/1";"bridge-e9c0eaf051f528ba9c35a4ea";"_anomalies.csv";"ochoa_2";"wiodr13";"sea_sectors";"abstract_labour.emp.m.mv";"after_stage_5";"5";"mark_not_applicable";"";"NaN";"wiodr13_v1";"";"";"common/abstract_labour.emp.m.mv.R";"indicator.abstract_labour.emp.m.mv";"indicator.abstract_labour.emp.m.mv";"replace";"run-20260827T175417876Z-b768270cacb3bffc";"bb80369c3682d61dce4e42d9f7795bda34a781d8e576fe4115aea98a420eac94";"be7768f3cf35b003e45a442a1b424b1179b554ef8d3d26a7f0059853dc423db4";"82c61ee0a694c3076a180e36f08b171afba0c29abbc5f5153b0605284a1196ce";"e2f4d6dae9a6d35c966b305fabac52e489faa3e7";"7da19c4f2913e857040ba228280f404b0e54eaab";"run-20260824T044625372Z-8852a2ec315247a3";"19effd1c2936f3c1ad119e2520877f435f8a2b2f3f508f89de2798b70db9de25";"be7768f3cf35b003e45a442a1b424b1179b554ef8d3d26a7f0059853dc423db4";"82c61ee0a694c3076a180e36f08b171afba0c29abbc5f5153b0605284a1196ce";"7d7178150e2b91768f9ba95b86fb0aab84f02bf8";"314e65771523065a36f1e5781cc18977dbb0fbb2";"264";"264";"e9c0eaf051f528ba9c35a4ea8c953c9326356c699d11dde7d235905acfd34667"
"issue13-v5-diagnostic-module-bridge/1";"bridge-b781bdd055886b3dad12e6f0";"_anomalies.csv";"ochoa_2";"wiodr13";"sea_sectors";"abstract_labour.empe.m.mv";"after_stage_5";"5";"mark_not_applicable";"";"NaN";"wiodr13_v1";"";"";"common/abstract_labour.empe.m.mv.R";"indicator.abstract_labour.empe.m.mv";"indicator.abstract_labour.empe.m.mv";"replace";"run-20260827T175417876Z-b768270cacb3bffc";"bb80369c3682d61dce4e42d9f7795bda34a781d8e576fe4115aea98a420eac94";"be7768f3cf35b003e45a442a1b424b1179b554ef8d3d26a7f0059853dc423db4";"82c61ee0a694c3076a180e36f08b171afba0c29abbc5f5153b0605284a1196ce";"e2f4d6dae9a6d35c966b305fabac52e489faa3e7";"7da19c4f2913e857040ba228280f404b0e54eaab";"run-20260824T044625372Z-8852a2ec315247a3";"19effd1c2936f3c1ad119e2520877f435f8a2b2f3f508f89de2798b70db9de25";"be7768f3cf35b003e45a442a1b424b1179b554ef8d3d26a7f0059853dc423db4";"82c61ee0a694c3076a180e36f08b171afba0c29abbc5f5153b0605284a1196ce";"7d7178150e2b91768f9ba95b86fb0aab84f02bf8";"314e65771523065a36f1e5781cc18977dbb0fbb2";"266";"266";"b781bdd055886b3dad12e6f05986ad39c95d532c485a442bd37e7472de9082be"
"issue13-v5-diagnostic-module-bridge/1";"bridge-bd0881f043806ff962c302b7";"_anomalies.csv";"ochoa_2";"wiodr13";"sea_sectors";"appropriated_profit.r.pc";"after_stage_5";"5";"mark_not_applicable";"";"-Inf";"wiodr13_v1";"";"";"common/appropriated_profit.r.pc.R";"indicator.appropriated_profit.r.pc";"indicator.appropriated_profit.r.pc";"replace";"run-20260827T175417876Z-b768270cacb3bffc";"bb80369c3682d61dce4e42d9f7795bda34a781d8e576fe4115aea98a420eac94";"be7768f3cf35b003e45a442a1b424b1179b554ef8d3d26a7f0059853dc423db4";"82c61ee0a694c3076a180e36f08b171afba0c29abbc5f5153b0605284a1196ce";"e2f4d6dae9a6d35c966b305fabac52e489faa3e7";"7da19c4f2913e857040ba228280f404b0e54eaab";"run-20260824T044625372Z-8852a2ec315247a3";"19effd1c2936f3c1ad119e2520877f435f8a2b2f3f508f89de2798b70db9de25";"be7768f3cf35b003e45a442a1b424b1179b554ef8d3d26a7f0059853dc423db4";"82c61ee0a694c3076a180e36f08b171afba0c29abbc5f5153b0605284a1196ce";"7d7178150e2b91768f9ba95b86fb0aab84f02bf8";"314e65771523065a36f1e5781cc18977dbb0fbb2";"62";"62";"bd0881f043806ff962c302b7c7c62b3bb6c25cf2839c4309cd881a414f38a051"
"issue13-v5-diagnostic-module-bridge/1";"bridge-a68ebd2a724a13a3e7dd12a6";"_anomalies.csv";"ochoa_2";"wiodr13";"sea_sectors";"appropriated_profit.r.pc";"after_stage_5";"5";"mark_not_applicable";"";"Inf";"wiodr13_v1";"";"";"common/appropriated_profit.r.pc.R";"indicator.appropriated_profit.r.pc";"indicator.appropriated_profit.r.pc";"replace";"run-20260827T175417876Z-b768270cacb3bffc";"bb80369c3682d61dce4e42d9f7795bda34a781d8e576fe4115aea98a420eac94";"be7768f3cf35b003e45a442a1b424b1179b554ef8d3d26a7f0059853dc423db4";"82c61ee0a694c3076a180e36f08b171afba0c29abbc5f5153b0605284a1196ce";"e2f4d6dae9a6d35c966b305fabac52e489faa3e7";"7da19c4f2913e857040ba228280f404b0e54eaab";"run-20260824T044625372Z-8852a2ec315247a3";"19effd1c2936f3c1ad119e2520877f435f8a2b2f3f508f89de2798b70db9de25";"be7768f3cf35b003e45a442a1b424b1179b554ef8d3d26a7f0059853dc423db4";"82c61ee0a694c3076a180e36f08b171afba0c29abbc5f5153b0605284a1196ce";"7d7178150e2b91768f9ba95b86fb0aab84f02bf8";"314e65771523065a36f1e5781cc18977dbb0fbb2";"958";"958";"a68ebd2a724a13a3e7dd12a676e4e26ff7a14faa59696719cf39a3a7c4c60e38"
"issue13-v5-diagnostic-module-bridge/1";"bridge-68d5cc7d1ae321a273639c31";"_anomalies.csv";"ochoa_2";"wiodr13";"sea_sectors";"appropriated_profit.r.pc";"after_stage_5";"5";"mark_not_applicable";"";"NaN";"wiodr13_v1";"";"";"common/appropriated_profit.r.pc.R";"indicator.appropriated_profit.r.pc";"indicator.appropriated_profit.r.pc";"replace";"run-20260827T175417876Z-b768270cacb3bffc";"bb80369c3682d61dce4e42d9f7795bda34a781d8e576fe4115aea98a420eac94";"be7768f3cf35b003e45a442a1b424b1179b554ef8d3d26a7f0059853dc423db4";"82c61ee0a694c3076a180e36f08b171afba0c29abbc5f5153b0605284a1196ce";"e2f4d6dae9a6d35c966b305fabac52e489faa3e7";"7da19c4f2913e857040ba228280f404b0e54eaab";"run-20260824T044625372Z-8852a2ec315247a3";"19effd1c2936f3c1ad119e2520877f435f8a2b2f3f508f89de2798b70db9de25";"be7768f3cf35b003e45a442a1b424b1179b554ef8d3d26a7f0059853dc423db4";"82c61ee0a694c3076a180e36f08b171afba0c29abbc5f5153b0605284a1196ce";"7d7178150e2b91768f9ba95b86fb0aab84f02bf8";"314e65771523065a36f1e5781cc18977dbb0fbb2";"589";"589";"68d5cc7d1ae321a273639c31a64578b2084df3a8b07d2e6d4de7da6cc2819238"
"issue13-v5-diagnostic-module-bridge/1";"bridge-4dc2f0fde9c0793c83cc940c";"_anomalies.csv";"ochoa_2";"wiodr13";"sea_sectors";"go_price.r.id";"after_price_normalization";"4";"mark_not_applicable";"";"NaN";"wiodr13_v1";"";"";"wiodr13/normalize_price_indices.R";"indicator.price_index.normalize";"indicator.price_index.normalize";"preserve";"run-20260827T175417876Z-b768270cacb3bffc";"bb80369c3682d61dce4e42d9f7795bda34a781d8e576fe4115aea98a420eac94";"be7768f3cf35b003e45a442a1b424b1179b554ef8d3d26a7f0059853dc423db4";"82c61ee0a694c3076a180e36f08b171afba0c29abbc5f5153b0605284a1196ce";"e2f4d6dae9a6d35c966b305fabac52e489faa3e7";"7da19c4f2913e857040ba228280f404b0e54eaab";"run-20260824T044625372Z-8852a2ec315247a3";"19effd1c2936f3c1ad119e2520877f435f8a2b2f3f508f89de2798b70db9de25";"be7768f3cf35b003e45a442a1b424b1179b554ef8d3d26a7f0059853dc423db4";"82c61ee0a694c3076a180e36f08b171afba0c29abbc5f5153b0605284a1196ce";"7d7178150e2b91768f9ba95b86fb0aab84f02bf8";"314e65771523065a36f1e5781cc18977dbb0fbb2";"240";"240";"4dc2f0fde9c0793c83cc940c44e7ba829b1d2722360334fa14afde7b2eb972e8"
"issue13-v5-diagnostic-module-bridge/1";"bridge-1027a6650c67b9657b1da033";"_anomalies.csv";"ochoa_2";"wiodr13";"sea_sectors";"labour_force_value.emp.m.mv";"after_stage_5";"5";"mark_not_applicable";"";"Inf";"wiodr13_v1";"";"";"common/labour_force_value.emp.m.mv.R";"indicator.labour_force_value.emp.m.mv";"indicator.labour_force_value.emp.m.mv";"replace";"run-20260827T175417876Z-b768270cacb3bffc";"bb80369c3682d61dce4e42d9f7795bda34a781d8e576fe4115aea98a420eac94";"be7768f3cf35b003e45a442a1b424b1179b554ef8d3d26a7f0059853dc423db4";"82c61ee0a694c3076a180e36f08b171afba0c29abbc5f5153b0605284a1196ce";"e2f4d6dae9a6d35c966b305fabac52e489faa3e7";"7da19c4f2913e857040ba228280f404b0e54eaab";"run-20260824T044625372Z-8852a2ec315247a3";"19effd1c2936f3c1ad119e2520877f435f8a2b2f3f508f89de2798b70db9de25";"be7768f3cf35b003e45a442a1b424b1179b554ef8d3d26a7f0059853dc423db4";"82c61ee0a694c3076a180e36f08b171afba0c29abbc5f5153b0605284a1196ce";"7d7178150e2b91768f9ba95b86fb0aab84f02bf8";"314e65771523065a36f1e5781cc18977dbb0fbb2";"2";"2";"1027a6650c67b9657b1da0333e9a4b20487b04d62e72b848019db10000579880"
"issue13-v5-diagnostic-module-bridge/1";"bridge-4ec5dce7568b764e53399ce3";"_anomalies.csv";"ochoa_2";"wiodr13";"sea_sectors";"labour_force_value.emp.m.mv";"after_stage_5";"5";"mark_not_applicable";"";"NaN";"wiodr13_v1";"";"";"common/labour_force_value.emp.m.mv.R";"indicator.labour_force_value.emp.m.mv";"indicator.labour_force_value.emp.m.mv";"replace";"run-20260827T175417876Z-b768270cacb3bffc";"bb80369c3682d61dce4e42d9f7795bda34a781d8e576fe4115aea98a420eac94";"be7768f3cf35b003e45a442a1b424b1179b554ef8d3d26a7f0059853dc423db4";"82c61ee0a694c3076a180e36f08b171afba0c29abbc5f5153b0605284a1196ce";"e2f4d6dae9a6d35c966b305fabac52e489faa3e7";"7da19c4f2913e857040ba228280f404b0e54eaab";"run-20260824T044625372Z-8852a2ec315247a3";"19effd1c2936f3c1ad119e2520877f435f8a2b2f3f508f89de2798b70db9de25";"be7768f3cf35b003e45a442a1b424b1179b554ef8d3d26a7f0059853dc423db4";"82c61ee0a694c3076a180e36f08b171afba0c29abbc5f5153b0605284a1196ce";"7d7178150e2b91768f9ba95b86fb0aab84f02bf8";"314e65771523065a36f1e5781cc18977dbb0fbb2";"264";"264";"4ec5dce7568b764e53399ce3cec9dbbfce93b5bf00c8be438d9b1cdb411d184c"
"issue13-v5-diagnostic-module-bridge/1";"bridge-72e8c1626b74758103a0eacd";"_anomalies.csv";"ochoa_2";"wiodr13";"sea_sectors";"labour_force_value.m.mv";"after_stage_5";"5";"mark_not_applicable";"";"Inf";"wiodr13_v1";"";"";"common/labour_force_value.m.mv.R";"indicator.labour_force_value.m.mv";"indicator.labour_force_value.m.mv";"replace";"run-20260827T175417876Z-b768270cacb3bffc";"bb80369c3682d61dce4e42d9f7795bda34a781d8e576fe4115aea98a420eac94";"be7768f3cf35b003e45a442a1b424b1179b554ef8d3d26a7f0059853dc423db4";"82c61ee0a694c3076a180e36f08b171afba0c29abbc5f5153b0605284a1196ce";"e2f4d6dae9a6d35c966b305fabac52e489faa3e7";"7da19c4f2913e857040ba228280f404b0e54eaab";"run-20260824T044625372Z-8852a2ec315247a3";"19effd1c2936f3c1ad119e2520877f435f8a2b2f3f508f89de2798b70db9de25";"be7768f3cf35b003e45a442a1b424b1179b554ef8d3d26a7f0059853dc423db4";"82c61ee0a694c3076a180e36f08b171afba0c29abbc5f5153b0605284a1196ce";"7d7178150e2b91768f9ba95b86fb0aab84f02bf8";"314e65771523065a36f1e5781cc18977dbb0fbb2";"4";"4";"72e8c1626b74758103a0eacd9c1a1ea93262581f4d46a16ed7dd138f25a3592f"
"issue13-v5-diagnostic-module-bridge/1";"bridge-2ee915ad65b935d6b1590597";"_anomalies.csv";"ochoa_2";"wiodr13";"sea_sectors";"labour_force_value.m.mv";"after_stage_5";"5";"mark_not_applicable";"";"NaN";"wiodr13_v1";"";"";"common/labour_force_value.m.mv.R";"indicator.labour_force_value.m.mv";"indicator.labour_force_value.m.mv";"replace";"run-20260827T175417876Z-b768270cacb3bffc";"bb80369c3682d61dce4e42d9f7795bda34a781d8e576fe4115aea98a420eac94";"be7768f3cf35b003e45a442a1b424b1179b554ef8d3d26a7f0059853dc423db4";"82c61ee0a694c3076a180e36f08b171afba0c29abbc5f5153b0605284a1196ce";"e2f4d6dae9a6d35c966b305fabac52e489faa3e7";"7da19c4f2913e857040ba228280f404b0e54eaab";"run-20260824T044625372Z-8852a2ec315247a3";"19effd1c2936f3c1ad119e2520877f435f8a2b2f3f508f89de2798b70db9de25";"be7768f3cf35b003e45a442a1b424b1179b554ef8d3d26a7f0059853dc423db4";"82c61ee0a694c3076a180e36f08b171afba0c29abbc5f5153b0605284a1196ce";"7d7178150e2b91768f9ba95b86fb0aab84f02bf8";"314e65771523065a36f1e5781cc18977dbb0fbb2";"262";"262";"2ee915ad65b935d6b1590597ef76f29ce1e8352f240b71cc5f52575c631b84c4"
"issue13-v5-diagnostic-module-bridge/1";"bridge-dcfc8a163b8fe279aa2c5d40";"_anomalies.csv";"ochoa_2";"wiodr13";"sea_sectors";"labour_requirements";"after_matrices";"3";"replace_both_zero_with_zero";"";"NaN";"wiodr13_v1";"";"";"transformation.R";"matrix.transformation";"matrix.transformation";"replace";"run-20260827T175417876Z-b768270cacb3bffc";"bb80369c3682d61dce4e42d9f7795bda34a781d8e576fe4115aea98a420eac94";"be7768f3cf35b003e45a442a1b424b1179b554ef8d3d26a7f0059853dc423db4";"82c61ee0a694c3076a180e36f08b171afba0c29abbc5f5153b0605284a1196ce";"e2f4d6dae9a6d35c966b305fabac52e489faa3e7";"7da19c4f2913e857040ba228280f404b0e54eaab";"run-20260824T044625372Z-8852a2ec315247a3";"19effd1c2936f3c1ad119e2520877f435f8a2b2f3f508f89de2798b70db9de25";"be7768f3cf35b003e45a442a1b424b1179b554ef8d3d26a7f0059853dc423db4";"82c61ee0a694c3076a180e36f08b171afba0c29abbc5f5153b0605284a1196ce";"7d7178150e2b91768f9ba95b86fb0aab84f02bf8";"314e65771523065a36f1e5781cc18977dbb0fbb2";"277";"277";"dcfc8a163b8fe279aa2c5d40743cff8ec77deeca2da4530a971b85f865f1851c"
"issue13-v5-diagnostic-module-bridge/1";"bridge-ba7111bd19e4290a2b39ff44";"_anomalies.csv";"ochoa_2";"wiodr13";"sea_sectors";"surplus_value.emp.r.pc";"after_stage_5";"5";"mark_not_applicable";"";"NaN";"wiodr13_v1";"";"";"common/surplus_value.emp.r.pc.R";"indicator.surplus_value.emp.r.pc";"indicator.surplus_value.emp.r.pc";"replace";"run-20260827T175417876Z-b768270cacb3bffc";"bb80369c3682d61dce4e42d9f7795bda34a781d8e576fe4115aea98a420eac94";"be7768f3cf35b003e45a442a1b424b1179b554ef8d3d26a7f0059853dc423db4";"82c61ee0a694c3076a180e36f08b171afba0c29abbc5f5153b0605284a1196ce";"e2f4d6dae9a6d35c966b305fabac52e489faa3e7";"7da19c4f2913e857040ba228280f404b0e54eaab";"run-20260824T044625372Z-8852a2ec315247a3";"19effd1c2936f3c1ad119e2520877f435f8a2b2f3f508f89de2798b70db9de25";"be7768f3cf35b003e45a442a1b424b1179b554ef8d3d26a7f0059853dc423db4";"82c61ee0a694c3076a180e36f08b171afba0c29abbc5f5153b0605284a1196ce";"7d7178150e2b91768f9ba95b86fb0aab84f02bf8";"314e65771523065a36f1e5781cc18977dbb0fbb2";"287";"287";"ba7111bd19e4290a2b39ff442c65adeced6120c04bfa7ced7091a577f686aeeb"
"issue13-v5-diagnostic-module-bridge/1";"bridge-7f4a8fe16d1228d6561cb067";"_anomalies.csv";"ochoa_2";"wiodr13";"sea_sectors";"surplus_value.empe.r.pc";"after_stage_5";"5";"mark_not_applicable";"";"NaN";"wiodr13_v1";"";"";"common/surplus_value.empe.r.pc.R";"indicator.surplus_value.empe.r.pc";"indicator.surplus_value.empe.r.pc";"replace";"run-20260827T175417876Z-b768270cacb3bffc";"bb80369c3682d61dce4e42d9f7795bda34a781d8e576fe4115aea98a420eac94";"be7768f3cf35b003e45a442a1b424b1179b554ef8d3d26a7f0059853dc423db4";"82c61ee0a694c3076a180e36f08b171afba0c29abbc5f5153b0605284a1196ce";"e2f4d6dae9a6d35c966b305fabac52e489faa3e7";"7da19c4f2913e857040ba228280f404b0e54eaab";"run-20260824T044625372Z-8852a2ec315247a3";"19effd1c2936f3c1ad119e2520877f435f8a2b2f3f508f89de2798b70db9de25";"be7768f3cf35b003e45a442a1b424b1179b554ef8d3d26a7f0059853dc423db4";"82c61ee0a694c3076a180e36f08b171afba0c29abbc5f5153b0605284a1196ce";"7d7178150e2b91768f9ba95b86fb0aab84f02bf8";"314e65771523065a36f1e5781cc18977dbb0fbb2";"293";"293";"7f4a8fe16d1228d6561cb06746a8a151a8be1727c8d494054f3e3bb6ac2969ab"
"issue13-v5-diagnostic-module-bridge/1";"bridge-b6948bc74a5e9c6e835d228f";"_anomalies.csv";"ochoa_2";"wiodr13";"sea_sectors";"surplus_value.empe_hs.r.pc";"after_stage_5";"5";"mark_not_applicable";"";"NaN";"wiodr13_v1";"";"";"wiodr13/surplus_value.empe_hs.r.pc.R";"indicator.surplus_value.empe_hs.r.pc";"indicator.surplus_value.empe_hs.r.pc";"replace";"run-20260827T175417876Z-b768270cacb3bffc";"bb80369c3682d61dce4e42d9f7795bda34a781d8e576fe4115aea98a420eac94";"be7768f3cf35b003e45a442a1b424b1179b554ef8d3d26a7f0059853dc423db4";"82c61ee0a694c3076a180e36f08b171afba0c29abbc5f5153b0605284a1196ce";"e2f4d6dae9a6d35c966b305fabac52e489faa3e7";"7da19c4f2913e857040ba228280f404b0e54eaab";"run-20260824T044625372Z-8852a2ec315247a3";"19effd1c2936f3c1ad119e2520877f435f8a2b2f3f508f89de2798b70db9de25";"be7768f3cf35b003e45a442a1b424b1179b554ef8d3d26a7f0059853dc423db4";"82c61ee0a694c3076a180e36f08b171afba0c29abbc5f5153b0605284a1196ce";"7d7178150e2b91768f9ba95b86fb0aab84f02bf8";"314e65771523065a36f1e5781cc18977dbb0fbb2";"308";"308";"b6948bc74a5e9c6e835d228f7a9e95d9949cd1782c95e64c49c318e0ec88c48e"
"issue13-v5-diagnostic-module-bridge/1";"bridge-f8ed4587005a503f776c137a";"_anomalies.csv";"ochoa_2";"wiodr13";"sea_sectors";"surplus_value.empe_ls.r.pc";"after_stage_5";"5";"mark_not_applicable";"";"NaN";"wiodr13_v1";"";"";"wiodr13/surplus_value.empe_ls.r.pc.R";"indicator.surplus_value.empe_ls.r.pc";"indicator.surplus_value.empe_ls.r.pc";"replace";"run-20260827T175417876Z-b768270cacb3bffc";"bb80369c3682d61dce4e42d9f7795bda34a781d8e576fe4115aea98a420eac94";"be7768f3cf35b003e45a442a1b424b1179b554ef8d3d26a7f0059853dc423db4";"82c61ee0a694c3076a180e36f08b171afba0c29abbc5f5153b0605284a1196ce";"e2f4d6dae9a6d35c966b305fabac52e489faa3e7";"7da19c4f2913e857040ba228280f404b0e54eaab";"run-20260824T044625372Z-8852a2ec315247a3";"19effd1c2936f3c1ad119e2520877f435f8a2b2f3f508f89de2798b70db9de25";"be7768f3cf35b003e45a442a1b424b1179b554ef8d3d26a7f0059853dc423db4";"82c61ee0a694c3076a180e36f08b171afba0c29abbc5f5153b0605284a1196ce";"7d7178150e2b91768f9ba95b86fb0aab84f02bf8";"314e65771523065a36f1e5781cc18977dbb0fbb2";"293";"293";"f8ed4587005a503f776c137a2c5f72b958ef951ce17b013dcf4d9c9b52ecaa94"
"issue13-v5-diagnostic-module-bridge/1";"bridge-cf24e64ee9b6e8cf70f058fa";"_anomalies.csv";"ochoa_2";"wiodr13";"sea_sectors";"surplus_value.empe_ms.r.pc";"after_stage_5";"5";"mark_not_applicable";"";"NaN";"wiodr13_v1";"";"";"wiodr13/surplus_value.empe_ms.r.pc.R";"indicator.surplus_value.empe_ms.r.pc";"indicator.surplus_value.empe_ms.r.pc";"replace";"run-20260827T175417876Z-b768270cacb3bffc";"bb80369c3682d61dce4e42d9f7795bda34a781d8e576fe4115aea98a420eac94";"be7768f3cf35b003e45a442a1b424b1179b554ef8d3d26a7f0059853dc423db4";"82c61ee0a694c3076a180e36f08b171afba0c29abbc5f5153b0605284a1196ce";"e2f4d6dae9a6d35c966b305fabac52e489faa3e7";"7da19c4f2913e857040ba228280f404b0e54eaab";"run-20260824T044625372Z-8852a2ec315247a3";"19effd1c2936f3c1ad119e2520877f435f8a2b2f3f508f89de2798b70db9de25";"be7768f3cf35b003e45a442a1b424b1179b554ef8d3d26a7f0059853dc423db4";"82c61ee0a694c3076a180e36f08b171afba0c29abbc5f5153b0605284a1196ce";"7d7178150e2b91768f9ba95b86fb0aab84f02bf8";"314e65771523065a36f1e5781cc18977dbb0fbb2";"293";"293";"cf24e64ee9b6e8cf70f058faf48a15f099877d0e7134458302cc9a21956e8108"
"issue13-v5-diagnostic-module-bridge/1";"bridge-7e584c86fc63edd8005341eb";"_anomalies.csv";"ochoa_2";"wiodr13";"sea_sectors";"trade_transfers.p.m.pc";"after_stage_5";"5";"mark_not_applicable";"";"-Inf";"wiodr13_v1";"";"";"common/trade_transfers.p.m.pc.R";"indicator.trade_transfers.p.m.pc";"indicator.trade_transfers.p.m.pc";"replace";"run-20260827T175417876Z-b768270cacb3bffc";"bb80369c3682d61dce4e42d9f7795bda34a781d8e576fe4115aea98a420eac94";"be7768f3cf35b003e45a442a1b424b1179b554ef8d3d26a7f0059853dc423db4";"82c61ee0a694c3076a180e36f08b171afba0c29abbc5f5153b0605284a1196ce";"e2f4d6dae9a6d35c966b305fabac52e489faa3e7";"7da19c4f2913e857040ba228280f404b0e54eaab";"run-20260824T044625372Z-8852a2ec315247a3";"19effd1c2936f3c1ad119e2520877f435f8a2b2f3f508f89de2798b70db9de25";"be7768f3cf35b003e45a442a1b424b1179b554ef8d3d26a7f0059853dc423db4";"82c61ee0a694c3076a180e36f08b171afba0c29abbc5f5153b0605284a1196ce";"7d7178150e2b91768f9ba95b86fb0aab84f02bf8";"314e65771523065a36f1e5781cc18977dbb0fbb2";"31";"31";"7e584c86fc63edd8005341eba9e2ea2471283a7805b810090ffbcc8d44e1601a"
"issue13-v5-diagnostic-module-bridge/1";"bridge-035bcb3557829598ae304ee3";"_anomalies.csv";"ochoa_2";"wiodr13";"sea_sectors";"trade_transfers.p.m.pc";"after_stage_5";"5";"mark_not_applicable";"";"Inf";"wiodr13_v1";"";"";"common/trade_transfers.p.m.pc.R";"indicator.trade_transfers.p.m.pc";"indicator.trade_transfers.p.m.pc";"replace";"run-20260827T175417876Z-b768270cacb3bffc";"bb80369c3682d61dce4e42d9f7795bda34a781d8e576fe4115aea98a420eac94";"be7768f3cf35b003e45a442a1b424b1179b554ef8d3d26a7f0059853dc423db4";"82c61ee0a694c3076a180e36f08b171afba0c29abbc5f5153b0605284a1196ce";"e2f4d6dae9a6d35c966b305fabac52e489faa3e7";"7da19c4f2913e857040ba228280f404b0e54eaab";"run-20260824T044625372Z-8852a2ec315247a3";"19effd1c2936f3c1ad119e2520877f435f8a2b2f3f508f89de2798b70db9de25";"be7768f3cf35b003e45a442a1b424b1179b554ef8d3d26a7f0059853dc423db4";"82c61ee0a694c3076a180e36f08b171afba0c29abbc5f5153b0605284a1196ce";"7d7178150e2b91768f9ba95b86fb0aab84f02bf8";"314e65771523065a36f1e5781cc18977dbb0fbb2";"16";"16";"035bcb3557829598ae304ee3f59ac8e96d4dd1a211fe31a700398181ee93ed97"
"issue13-v5-diagnostic-module-bridge/1";"bridge-9002a0bdf8acf52bacca71f2";"_anomalies.csv";"ochoa_2";"wiodr13";"sea_sectors";"trade_transfers.p.m.pc";"after_stage_5";"5";"mark_not_applicable";"";"NaN";"wiodr13_v1";"";"";"common/trade_transfers.p.m.pc.R";"indicator.trade_transfers.p.m.pc";"indicator.trade_transfers.p.m.pc";"replace";"run-20260827T175417876Z-b768270cacb3bffc";"bb80369c3682d61dce4e42d9f7795bda34a781d8e576fe4115aea98a420eac94";"be7768f3cf35b003e45a442a1b424b1179b554ef8d3d26a7f0059853dc423db4";"82c61ee0a694c3076a180e36f08b171afba0c29abbc5f5153b0605284a1196ce";"e2f4d6dae9a6d35c966b305fabac52e489faa3e7";"7da19c4f2913e857040ba228280f404b0e54eaab";"run-20260824T044625372Z-8852a2ec315247a3";"19effd1c2936f3c1ad119e2520877f435f8a2b2f3f508f89de2798b70db9de25";"be7768f3cf35b003e45a442a1b424b1179b554ef8d3d26a7f0059853dc423db4";"82c61ee0a694c3076a180e36f08b171afba0c29abbc5f5153b0605284a1196ce";"7d7178150e2b91768f9ba95b86fb0aab84f02bf8";"314e65771523065a36f1e5781cc18977dbb0fbb2";"7380";"7380";"9002a0bdf8acf52bacca71f27afac885f03521cf58da325f9fd8e4a193663447"
"issue13-v5-diagnostic-module-bridge/1";"bridge-1cbb4d4f36222107b0c21cd8";"_anomalies.csv";"petrovic";"wiodr13";"sea_countries";"appropriated_profit.r.pc";"after_country_module";"5";"mark_not_applicable";"";"Inf";"wiodr13_v1";"";"";"common/appropriated_profit.r.pc-country.R";"indicator.appropriated_profit.r.pc";"indicator.appropriated_profit.r.pc";"replace";"run-20260827T180544901Z-49708bac971e52c8";"461cde33b352b409329c3117c5743de522f0777ba43003cf51d9127a48387c0f";"def2c9f8971e91e4f8abfab5aa073f378ce9ed0ba75c06de33ef9b0aff8f1e8c";"82c61ee0a694c3076a180e36f08b171afba0c29abbc5f5153b0605284a1196ce";"e2f4d6dae9a6d35c966b305fabac52e489faa3e7";"7da19c4f2913e857040ba228280f404b0e54eaab";"run-20260824T044312003Z-875b756b6297ebee";"c5fc4b790f7af6cf334d9681dbe4bea4f55323df522b0873220efcf9b66772fd";"def2c9f8971e91e4f8abfab5aa073f378ce9ed0ba75c06de33ef9b0aff8f1e8c";"82c61ee0a694c3076a180e36f08b171afba0c29abbc5f5153b0605284a1196ce";"7d7178150e2b91768f9ba95b86fb0aab84f02bf8";"314e65771523065a36f1e5781cc18977dbb0fbb2";"30";"30";"1cbb4d4f36222107b0c21cd85fc755a25a95fba8712745049bd4a1efd6afe87c"
"issue13-v5-diagnostic-module-bridge/1";"bridge-40a97f11f059d28f1e924e3c";"_anomalies.csv";"petrovic";"wiodr13";"sea_countries";"compensation.emp.s.cu";"after_country_aggregation";"5";"preserve_all_missing";"";"NA";"wiodr13_v1";"";"";"sea_countries.R";"aggregation.direct";"aggregation.direct";"replace";"run-20260827T180544901Z-49708bac971e52c8";"461cde33b352b409329c3117c5743de522f0777ba43003cf51d9127a48387c0f";"def2c9f8971e91e4f8abfab5aa073f378ce9ed0ba75c06de33ef9b0aff8f1e8c";"82c61ee0a694c3076a180e36f08b171afba0c29abbc5f5153b0605284a1196ce";"e2f4d6dae9a6d35c966b305fabac52e489faa3e7";"7da19c4f2913e857040ba228280f404b0e54eaab";"run-20260824T044312003Z-875b756b6297ebee";"c5fc4b790f7af6cf334d9681dbe4bea4f55323df522b0873220efcf9b66772fd";"def2c9f8971e91e4f8abfab5aa073f378ce9ed0ba75c06de33ef9b0aff8f1e8c";"82c61ee0a694c3076a180e36f08b171afba0c29abbc5f5153b0605284a1196ce";"7d7178150e2b91768f9ba95b86fb0aab84f02bf8";"314e65771523065a36f1e5781cc18977dbb0fbb2";"525";"525";"40a97f11f059d28f1e924e3c5aec06a9ba875b112393efe3e0a94b5a6be27215"
"issue13-v5-diagnostic-module-bridge/1";"bridge-84c7d00b79a5f98db4184ecd";"_anomalies.csv";"petrovic";"wiodr13";"sea_countries";"compensation.emp.s.cu";"after_world_aggregation";"5";"aggregate_available";"";"NA";"wiodr13_v1";"";"";"sea_countries.R";"aggregation.direct";"aggregation.direct";"replace";"run-20260827T180544901Z-49708bac971e52c8";"461cde33b352b409329c3117c5743de522f0777ba43003cf51d9127a48387c0f";"def2c9f8971e91e4f8abfab5aa073f378ce9ed0ba75c06de33ef9b0aff8f1e8c";"82c61ee0a694c3076a180e36f08b171afba0c29abbc5f5153b0605284a1196ce";"e2f4d6dae9a6d35c966b305fabac52e489faa3e7";"7da19c4f2913e857040ba228280f404b0e54eaab";"run-20260824T044312003Z-875b756b6297ebee";"c5fc4b790f7af6cf334d9681dbe4bea4f55323df522b0873220efcf9b66772fd";"def2c9f8971e91e4f8abfab5aa073f378ce9ed0ba75c06de33ef9b0aff8f1e8c";"82c61ee0a694c3076a180e36f08b171afba0c29abbc5f5153b0605284a1196ce";"7d7178150e2b91768f9ba95b86fb0aab84f02bf8";"314e65771523065a36f1e5781cc18977dbb0fbb2";"15";"15";"84c7d00b79a5f98db4184ecdc9cfd795f97f595cc1ff26633f9c524de1fa6b4d"
"issue13-v5-diagnostic-module-bridge/1";"bridge-7bf5c42174d0bfe8f8ca1fb9";"_anomalies.csv";"petrovic";"wiodr13";"sea_countries";"compensation.empe.s.cu";"after_country_aggregation";"5";"preserve_all_missing";"";"NA";"wiodr13_v1";"";"";"sea_countries.R";"aggregation.direct";"aggregation.direct";"replace";"run-20260827T180544901Z-49708bac971e52c8";"461cde33b352b409329c3117c5743de522f0777ba43003cf51d9127a48387c0f";"def2c9f8971e91e4f8abfab5aa073f378ce9ed0ba75c06de33ef9b0aff8f1e8c";"82c61ee0a694c3076a180e36f08b171afba0c29abbc5f5153b0605284a1196ce";"e2f4d6dae9a6d35c966b305fabac52e489faa3e7";"7da19c4f2913e857040ba228280f404b0e54eaab";"run-20260824T044312003Z-875b756b6297ebee";"c5fc4b790f7af6cf334d9681dbe4bea4f55323df522b0873220efcf9b66772fd";"def2c9f8971e91e4f8abfab5aa073f378ce9ed0ba75c06de33ef9b0aff8f1e8c";"82c61ee0a694c3076a180e36f08b171afba0c29abbc5f5153b0605284a1196ce";"7d7178150e2b91768f9ba95b86fb0aab84f02bf8";"314e65771523065a36f1e5781cc18977dbb0fbb2";"525";"525";"7bf5c42174d0bfe8f8ca1fb959f57138c5b299db8372ea706b167ae3c09cfa4a"
"issue13-v5-diagnostic-module-bridge/1";"bridge-8a89105d5e9cf12a37f452af";"_anomalies.csv";"petrovic";"wiodr13";"sea_countries";"compensation.empe.s.cu";"after_world_aggregation";"5";"aggregate_available";"";"NA";"wiodr13_v1";"";"";"sea_countries.R";"aggregation.direct";"aggregation.direct";"replace";"run-20260827T180544901Z-49708bac971e52c8";"461cde33b352b409329c3117c5743de522f0777ba43003cf51d9127a48387c0f";"def2c9f8971e91e4f8abfab5aa073f378ce9ed0ba75c06de33ef9b0aff8f1e8c";"82c61ee0a694c3076a180e36f08b171afba0c29abbc5f5153b0605284a1196ce";"e2f4d6dae9a6d35c966b305fabac52e489faa3e7";"7da19c4f2913e857040ba228280f404b0e54eaab";"run-20260824T044312003Z-875b756b6297ebee";"c5fc4b790f7af6cf334d9681dbe4bea4f55323df522b0873220efcf9b66772fd";"def2c9f8971e91e4f8abfab5aa073f378ce9ed0ba75c06de33ef9b0aff8f1e8c";"82c61ee0a694c3076a180e36f08b171afba0c29abbc5f5153b0605284a1196ce";"7d7178150e2b91768f9ba95b86fb0aab84f02bf8";"314e65771523065a36f1e5781cc18977dbb0fbb2";"15";"15";"8a89105d5e9cf12a37f452afb470ec264d3029a58cc85f363f5aa6ab7c00c05d"
"issue13-v5-diagnostic-module-bridge/1";"bridge-b53a938027aa7b6a607aaf73";"_anomalies.csv";"petrovic";"wiodr13";"sea_countries";"exchange.r.us";"after_country_aggregation";"5";"preserve_all_missing";"";"NA";"wiodr13_v1";"";"";"sea_countries.R";"aggregation.direct";"aggregation.direct";"replace";"run-20260827T180544901Z-49708bac971e52c8";"461cde33b352b409329c3117c5743de522f0777ba43003cf51d9127a48387c0f";"def2c9f8971e91e4f8abfab5aa073f378ce9ed0ba75c06de33ef9b0aff8f1e8c";"82c61ee0a694c3076a180e36f08b171afba0c29abbc5f5153b0605284a1196ce";"e2f4d6dae9a6d35c966b305fabac52e489faa3e7";"7da19c4f2913e857040ba228280f404b0e54eaab";"run-20260824T044312003Z-875b756b6297ebee";"c5fc4b790f7af6cf334d9681dbe4bea4f55323df522b0873220efcf9b66772fd";"def2c9f8971e91e4f8abfab5aa073f378ce9ed0ba75c06de33ef9b0aff8f1e8c";"82c61ee0a694c3076a180e36f08b171afba0c29abbc5f5153b0605284a1196ce";"7d7178150e2b91768f9ba95b86fb0aab84f02bf8";"314e65771523065a36f1e5781cc18977dbb0fbb2";"525";"525";"b53a938027aa7b6a607aaf7397f9dc316bacfc545b8b9bd37620d002d0a7d07d"
"issue13-v5-diagnostic-module-bridge/1";"bridge-d109dc053d9a833cc58cb10b";"_anomalies.csv";"petrovic";"wiodr13";"sea_countries";"exchange.r.us";"after_world_aggregation";"5";"aggregate_available";"";"NA";"wiodr13_v1";"";"";"sea_countries.R";"aggregation.direct";"aggregation.direct";"replace";"run-20260827T180544901Z-49708bac971e52c8";"461cde33b352b409329c3117c5743de522f0777ba43003cf51d9127a48387c0f";"def2c9f8971e91e4f8abfab5aa073f378ce9ed0ba75c06de33ef9b0aff8f1e8c";"82c61ee0a694c3076a180e36f08b171afba0c29abbc5f5153b0605284a1196ce";"e2f4d6dae9a6d35c966b305fabac52e489faa3e7";"7da19c4f2913e857040ba228280f404b0e54eaab";"run-20260824T044312003Z-875b756b6297ebee";"c5fc4b790f7af6cf334d9681dbe4bea4f55323df522b0873220efcf9b66772fd";"def2c9f8971e91e4f8abfab5aa073f378ce9ed0ba75c06de33ef9b0aff8f1e8c";"82c61ee0a694c3076a180e36f08b171afba0c29abbc5f5153b0605284a1196ce";"7d7178150e2b91768f9ba95b86fb0aab84f02bf8";"314e65771523065a36f1e5781cc18977dbb0fbb2";"15";"15";"d109dc053d9a833cc58cb10bdc6959993f99029394d4d8c47c77f4fc6b3de0ee"
"issue13-v5-diagnostic-module-bridge/1";"bridge-409fa824df2ccc54663da2f4";"_anomalies.csv";"petrovic";"wiodr13";"sea_countries";"go_price.r.id";"after_country_aggregation";"5";"aggregate_available";"";"NA";"wiodr13_v1";"";"";"sea_countries.R";"aggregation.direct";"aggregation.direct";"replace";"run-20260827T180544901Z-49708bac971e52c8";"461cde33b352b409329c3117c5743de522f0777ba43003cf51d9127a48387c0f";"def2c9f8971e91e4f8abfab5aa073f378ce9ed0ba75c06de33ef9b0aff8f1e8c";"82c61ee0a694c3076a180e36f08b171afba0c29abbc5f5153b0605284a1196ce";"e2f4d6dae9a6d35c966b305fabac52e489faa3e7";"7da19c4f2913e857040ba228280f404b0e54eaab";"run-20260824T044312003Z-875b756b6297ebee";"c5fc4b790f7af6cf334d9681dbe4bea4f55323df522b0873220efcf9b66772fd";"def2c9f8971e91e4f8abfab5aa073f378ce9ed0ba75c06de33ef9b0aff8f1e8c";"82c61ee0a694c3076a180e36f08b171afba0c29abbc5f5153b0605284a1196ce";"7d7178150e2b91768f9ba95b86fb0aab84f02bf8";"314e65771523065a36f1e5781cc18977dbb0fbb2";"240";"240";"409fa824df2ccc54663da2f45e8031be7811ef4ad801fac920e42f11b02e764e"
"issue13-v5-diagnostic-module-bridge/1";"bridge-83c3a12e15cf8b14b4cee350";"_anomalies.csv";"petrovic";"wiodr13";"sea_countries";"profit.s.us";"after_country_aggregation";"5";"preserve_all_missing";"";"NA";"wiodr13_v1";"";"";"sea_countries.R";"aggregation.direct";"aggregation.direct";"replace";"run-20260827T180544901Z-49708bac971e52c8";"461cde33b352b409329c3117c5743de522f0777ba43003cf51d9127a48387c0f";"def2c9f8971e91e4f8abfab5aa073f378ce9ed0ba75c06de33ef9b0aff8f1e8c";"82c61ee0a694c3076a180e36f08b171afba0c29abbc5f5153b0605284a1196ce";"e2f4d6dae9a6d35c966b305fabac52e489faa3e7";"7da19c4f2913e857040ba228280f404b0e54eaab";"run-20260824T044312003Z-875b756b6297ebee";"c5fc4b790f7af6cf334d9681dbe4bea4f55323df522b0873220efcf9b66772fd";"def2c9f8971e91e4f8abfab5aa073f378ce9ed0ba75c06de33ef9b0aff8f1e8c";"82c61ee0a694c3076a180e36f08b171afba0c29abbc5f5153b0605284a1196ce";"7d7178150e2b91768f9ba95b86fb0aab84f02bf8";"314e65771523065a36f1e5781cc18977dbb0fbb2";"525";"525";"83c3a12e15cf8b14b4cee350bcaf7dc7462377db816249fb185128820ce172a9"
"issue13-v5-diagnostic-module-bridge/1";"bridge-7dedefe1362c8c0cc0c85ae3";"_anomalies.csv";"petrovic";"wiodr13";"sea_countries";"profit.s.us";"after_world_aggregation";"5";"aggregate_available";"";"NA";"wiodr13_v1";"";"";"sea_countries.R";"aggregation.direct";"aggregation.direct";"replace";"run-20260827T180544901Z-49708bac971e52c8";"461cde33b352b409329c3117c5743de522f0777ba43003cf51d9127a48387c0f";"def2c9f8971e91e4f8abfab5aa073f378ce9ed0ba75c06de33ef9b0aff8f1e8c";"82c61ee0a694c3076a180e36f08b171afba0c29abbc5f5153b0605284a1196ce";"e2f4d6dae9a6d35c966b305fabac52e489faa3e7";"7da19c4f2913e857040ba228280f404b0e54eaab";"run-20260824T044312003Z-875b756b6297ebee";"c5fc4b790f7af6cf334d9681dbe4bea4f55323df522b0873220efcf9b66772fd";"def2c9f8971e91e4f8abfab5aa073f378ce9ed0ba75c06de33ef9b0aff8f1e8c";"82c61ee0a694c3076a180e36f08b171afba0c29abbc5f5153b0605284a1196ce";"7d7178150e2b91768f9ba95b86fb0aab84f02bf8";"314e65771523065a36f1e5781cc18977dbb0fbb2";"15";"15";"7dedefe1362c8c0cc0c85ae329edded9f3b0810c5c6be91783d8568fb60cb8b7"
"issue13-v5-diagnostic-module-bridge/1";"bridge-3e764a763fcb2d4f4edbf376";"_anomalies.csv";"petrovic";"wiodr13";"sea_sectors";"abstract_labour.emp.m.mv";"after_stage_5";"5";"mark_not_applicable";"";"Inf";"wiodr13_v1";"";"";"common/abstract_labour.emp.m.mv.R";"indicator.abstract_labour.emp.m.mv";"indicator.abstract_labour.emp.m.mv";"replace";"run-20260827T180544901Z-49708bac971e52c8";"461cde33b352b409329c3117c5743de522f0777ba43003cf51d9127a48387c0f";"def2c9f8971e91e4f8abfab5aa073f378ce9ed0ba75c06de33ef9b0aff8f1e8c";"82c61ee0a694c3076a180e36f08b171afba0c29abbc5f5153b0605284a1196ce";"e2f4d6dae9a6d35c966b305fabac52e489faa3e7";"7da19c4f2913e857040ba228280f404b0e54eaab";"run-20260824T044312003Z-875b756b6297ebee";"c5fc4b790f7af6cf334d9681dbe4bea4f55323df522b0873220efcf9b66772fd";"def2c9f8971e91e4f8abfab5aa073f378ce9ed0ba75c06de33ef9b0aff8f1e8c";"82c61ee0a694c3076a180e36f08b171afba0c29abbc5f5153b0605284a1196ce";"7d7178150e2b91768f9ba95b86fb0aab84f02bf8";"314e65771523065a36f1e5781cc18977dbb0fbb2";"2";"2";"3e764a763fcb2d4f4edbf37663ee110b53013df5930bef0a1dabd087671dc2ea"
"issue13-v5-diagnostic-module-bridge/1";"bridge-be890dced9fd79b85591a0d9";"_anomalies.csv";"petrovic";"wiodr13";"sea_sectors";"abstract_labour.emp.m.mv";"after_stage_5";"5";"mark_not_applicable";"";"NaN";"wiodr13_v1";"";"";"common/abstract_labour.emp.m.mv.R";"indicator.abstract_labour.emp.m.mv";"indicator.abstract_labour.emp.m.mv";"replace";"run-20260827T180544901Z-49708bac971e52c8";"461cde33b352b409329c3117c5743de522f0777ba43003cf51d9127a48387c0f";"def2c9f8971e91e4f8abfab5aa073f378ce9ed0ba75c06de33ef9b0aff8f1e8c";"82c61ee0a694c3076a180e36f08b171afba0c29abbc5f5153b0605284a1196ce";"e2f4d6dae9a6d35c966b305fabac52e489faa3e7";"7da19c4f2913e857040ba228280f404b0e54eaab";"run-20260824T044312003Z-875b756b6297ebee";"c5fc4b790f7af6cf334d9681dbe4bea4f55323df522b0873220efcf9b66772fd";"def2c9f8971e91e4f8abfab5aa073f378ce9ed0ba75c06de33ef9b0aff8f1e8c";"82c61ee0a694c3076a180e36f08b171afba0c29abbc5f5153b0605284a1196ce";"7d7178150e2b91768f9ba95b86fb0aab84f02bf8";"314e65771523065a36f1e5781cc18977dbb0fbb2";"264";"264";"be890dced9fd79b85591a0d9c41c553464901d57dcd06610e54e902d2cc0d9c2"
"issue13-v5-diagnostic-module-bridge/1";"bridge-edeea4cd77ed32e4ab1d5d98";"_anomalies.csv";"petrovic";"wiodr13";"sea_sectors";"abstract_labour.empe.m.mv";"after_stage_5";"5";"mark_not_applicable";"";"NaN";"wiodr13_v1";"";"";"common/abstract_labour.empe.m.mv.R";"indicator.abstract_labour.empe.m.mv";"indicator.abstract_labour.empe.m.mv";"replace";"run-20260827T180544901Z-49708bac971e52c8";"461cde33b352b409329c3117c5743de522f0777ba43003cf51d9127a48387c0f";"def2c9f8971e91e4f8abfab5aa073f378ce9ed0ba75c06de33ef9b0aff8f1e8c";"82c61ee0a694c3076a180e36f08b171afba0c29abbc5f5153b0605284a1196ce";"e2f4d6dae9a6d35c966b305fabac52e489faa3e7";"7da19c4f2913e857040ba228280f404b0e54eaab";"run-20260824T044312003Z-875b756b6297ebee";"c5fc4b790f7af6cf334d9681dbe4bea4f55323df522b0873220efcf9b66772fd";"def2c9f8971e91e4f8abfab5aa073f378ce9ed0ba75c06de33ef9b0aff8f1e8c";"82c61ee0a694c3076a180e36f08b171afba0c29abbc5f5153b0605284a1196ce";"7d7178150e2b91768f9ba95b86fb0aab84f02bf8";"314e65771523065a36f1e5781cc18977dbb0fbb2";"266";"266";"edeea4cd77ed32e4ab1d5d98ad7e69552951de613c67d76fe1e36c1dcdde4583"
"issue13-v5-diagnostic-module-bridge/1";"bridge-00b1c9f511c49c23373e29b1";"_anomalies.csv";"petrovic";"wiodr13";"sea_sectors";"appropriated_profit.r.pc";"after_stage_5";"5";"mark_not_applicable";"";"-Inf";"wiodr13_v1";"";"";"common/appropriated_profit.r.pc.R";"indicator.appropriated_profit.r.pc";"indicator.appropriated_profit.r.pc";"replace";"run-20260827T180544901Z-49708bac971e52c8";"461cde33b352b409329c3117c5743de522f0777ba43003cf51d9127a48387c0f";"def2c9f8971e91e4f8abfab5aa073f378ce9ed0ba75c06de33ef9b0aff8f1e8c";"82c61ee0a694c3076a180e36f08b171afba0c29abbc5f5153b0605284a1196ce";"e2f4d6dae9a6d35c966b305fabac52e489faa3e7";"7da19c4f2913e857040ba228280f404b0e54eaab";"run-20260824T044312003Z-875b756b6297ebee";"c5fc4b790f7af6cf334d9681dbe4bea4f55323df522b0873220efcf9b66772fd";"def2c9f8971e91e4f8abfab5aa073f378ce9ed0ba75c06de33ef9b0aff8f1e8c";"82c61ee0a694c3076a180e36f08b171afba0c29abbc5f5153b0605284a1196ce";"7d7178150e2b91768f9ba95b86fb0aab84f02bf8";"314e65771523065a36f1e5781cc18977dbb0fbb2";"62";"62";"00b1c9f511c49c23373e29b186d6b6ec882fedc68f881c8965babb265b102905"
"issue13-v5-diagnostic-module-bridge/1";"bridge-7882ba9470b36ab9be49b103";"_anomalies.csv";"petrovic";"wiodr13";"sea_sectors";"appropriated_profit.r.pc";"after_stage_5";"5";"mark_not_applicable";"";"Inf";"wiodr13_v1";"";"";"common/appropriated_profit.r.pc.R";"indicator.appropriated_profit.r.pc";"indicator.appropriated_profit.r.pc";"replace";"run-20260827T180544901Z-49708bac971e52c8";"461cde33b352b409329c3117c5743de522f0777ba43003cf51d9127a48387c0f";"def2c9f8971e91e4f8abfab5aa073f378ce9ed0ba75c06de33ef9b0aff8f1e8c";"82c61ee0a694c3076a180e36f08b171afba0c29abbc5f5153b0605284a1196ce";"e2f4d6dae9a6d35c966b305fabac52e489faa3e7";"7da19c4f2913e857040ba228280f404b0e54eaab";"run-20260824T044312003Z-875b756b6297ebee";"c5fc4b790f7af6cf334d9681dbe4bea4f55323df522b0873220efcf9b66772fd";"def2c9f8971e91e4f8abfab5aa073f378ce9ed0ba75c06de33ef9b0aff8f1e8c";"82c61ee0a694c3076a180e36f08b171afba0c29abbc5f5153b0605284a1196ce";"7d7178150e2b91768f9ba95b86fb0aab84f02bf8";"314e65771523065a36f1e5781cc18977dbb0fbb2";"958";"958";"7882ba9470b36ab9be49b10344a08b804a908c44f7b5dff103f954fe73d2103f"
"issue13-v5-diagnostic-module-bridge/1";"bridge-d9402653b087de8cf9e6dcc4";"_anomalies.csv";"petrovic";"wiodr13";"sea_sectors";"appropriated_profit.r.pc";"after_stage_5";"5";"mark_not_applicable";"";"NaN";"wiodr13_v1";"";"";"common/appropriated_profit.r.pc.R";"indicator.appropriated_profit.r.pc";"indicator.appropriated_profit.r.pc";"replace";"run-20260827T180544901Z-49708bac971e52c8";"461cde33b352b409329c3117c5743de522f0777ba43003cf51d9127a48387c0f";"def2c9f8971e91e4f8abfab5aa073f378ce9ed0ba75c06de33ef9b0aff8f1e8c";"82c61ee0a694c3076a180e36f08b171afba0c29abbc5f5153b0605284a1196ce";"e2f4d6dae9a6d35c966b305fabac52e489faa3e7";"7da19c4f2913e857040ba228280f404b0e54eaab";"run-20260824T044312003Z-875b756b6297ebee";"c5fc4b790f7af6cf334d9681dbe4bea4f55323df522b0873220efcf9b66772fd";"def2c9f8971e91e4f8abfab5aa073f378ce9ed0ba75c06de33ef9b0aff8f1e8c";"82c61ee0a694c3076a180e36f08b171afba0c29abbc5f5153b0605284a1196ce";"7d7178150e2b91768f9ba95b86fb0aab84f02bf8";"314e65771523065a36f1e5781cc18977dbb0fbb2";"589";"589";"d9402653b087de8cf9e6dcc423835cc24e15695a9d4f7b80cb32bda0b3890fdc"
"issue13-v5-diagnostic-module-bridge/1";"bridge-1dce36aef0c440d91b6f1fec";"_anomalies.csv";"petrovic";"wiodr13";"sea_sectors";"go_price.r.id";"after_price_normalization";"4";"mark_not_applicable";"";"NaN";"wiodr13_v1";"";"";"wiodr13/normalize_price_indices.R";"indicator.price_index.normalize";"indicator.price_index.normalize";"preserve";"run-20260827T180544901Z-49708bac971e52c8";"461cde33b352b409329c3117c5743de522f0777ba43003cf51d9127a48387c0f";"def2c9f8971e91e4f8abfab5aa073f378ce9ed0ba75c06de33ef9b0aff8f1e8c";"82c61ee0a694c3076a180e36f08b171afba0c29abbc5f5153b0605284a1196ce";"e2f4d6dae9a6d35c966b305fabac52e489faa3e7";"7da19c4f2913e857040ba228280f404b0e54eaab";"run-20260824T044312003Z-875b756b6297ebee";"c5fc4b790f7af6cf334d9681dbe4bea4f55323df522b0873220efcf9b66772fd";"def2c9f8971e91e4f8abfab5aa073f378ce9ed0ba75c06de33ef9b0aff8f1e8c";"82c61ee0a694c3076a180e36f08b171afba0c29abbc5f5153b0605284a1196ce";"7d7178150e2b91768f9ba95b86fb0aab84f02bf8";"314e65771523065a36f1e5781cc18977dbb0fbb2";"240";"240";"1dce36aef0c440d91b6f1fecff39e8cbe7678593e94fdf047a57b246a76ff8d7"
"issue13-v5-diagnostic-module-bridge/1";"bridge-36f3604258e403083b5b5b0c";"_anomalies.csv";"petrovic";"wiodr13";"sea_sectors";"labour_force_value.emp.m.mv";"after_stage_5";"5";"mark_not_applicable";"";"Inf";"wiodr13_v1";"";"";"common/labour_force_value.emp.m.mv.R";"indicator.labour_force_value.emp.m.mv";"indicator.labour_force_value.emp.m.mv";"replace";"run-20260827T180544901Z-49708bac971e52c8";"461cde33b352b409329c3117c5743de522f0777ba43003cf51d9127a48387c0f";"def2c9f8971e91e4f8abfab5aa073f378ce9ed0ba75c06de33ef9b0aff8f1e8c";"82c61ee0a694c3076a180e36f08b171afba0c29abbc5f5153b0605284a1196ce";"e2f4d6dae9a6d35c966b305fabac52e489faa3e7";"7da19c4f2913e857040ba228280f404b0e54eaab";"run-20260824T044312003Z-875b756b6297ebee";"c5fc4b790f7af6cf334d9681dbe4bea4f55323df522b0873220efcf9b66772fd";"def2c9f8971e91e4f8abfab5aa073f378ce9ed0ba75c06de33ef9b0aff8f1e8c";"82c61ee0a694c3076a180e36f08b171afba0c29abbc5f5153b0605284a1196ce";"7d7178150e2b91768f9ba95b86fb0aab84f02bf8";"314e65771523065a36f1e5781cc18977dbb0fbb2";"2";"2";"36f3604258e403083b5b5b0cd3b108be88490b3df0167e6b7e7696f8d5205ccc"
"issue13-v5-diagnostic-module-bridge/1";"bridge-0bf88e6e7020a243bdf669d3";"_anomalies.csv";"petrovic";"wiodr13";"sea_sectors";"labour_force_value.emp.m.mv";"after_stage_5";"5";"mark_not_applicable";"";"NaN";"wiodr13_v1";"";"";"common/labour_force_value.emp.m.mv.R";"indicator.labour_force_value.emp.m.mv";"indicator.labour_force_value.emp.m.mv";"replace";"run-20260827T180544901Z-49708bac971e52c8";"461cde33b352b409329c3117c5743de522f0777ba43003cf51d9127a48387c0f";"def2c9f8971e91e4f8abfab5aa073f378ce9ed0ba75c06de33ef9b0aff8f1e8c";"82c61ee0a694c3076a180e36f08b171afba0c29abbc5f5153b0605284a1196ce";"e2f4d6dae9a6d35c966b305fabac52e489faa3e7";"7da19c4f2913e857040ba228280f404b0e54eaab";"run-20260824T044312003Z-875b756b6297ebee";"c5fc4b790f7af6cf334d9681dbe4bea4f55323df522b0873220efcf9b66772fd";"def2c9f8971e91e4f8abfab5aa073f378ce9ed0ba75c06de33ef9b0aff8f1e8c";"82c61ee0a694c3076a180e36f08b171afba0c29abbc5f5153b0605284a1196ce";"7d7178150e2b91768f9ba95b86fb0aab84f02bf8";"314e65771523065a36f1e5781cc18977dbb0fbb2";"264";"264";"0bf88e6e7020a243bdf669d3ae0e54a16b960d7163a41670fb85d5dc85d14664"
"issue13-v5-diagnostic-module-bridge/1";"bridge-6914b95e83e674ea03a0cfa3";"_anomalies.csv";"petrovic";"wiodr13";"sea_sectors";"labour_force_value.m.mv";"after_stage_5";"5";"mark_not_applicable";"";"Inf";"wiodr13_v1";"";"";"common/labour_force_value.m.mv.R";"indicator.labour_force_value.m.mv";"indicator.labour_force_value.m.mv";"replace";"run-20260827T180544901Z-49708bac971e52c8";"461cde33b352b409329c3117c5743de522f0777ba43003cf51d9127a48387c0f";"def2c9f8971e91e4f8abfab5aa073f378ce9ed0ba75c06de33ef9b0aff8f1e8c";"82c61ee0a694c3076a180e36f08b171afba0c29abbc5f5153b0605284a1196ce";"e2f4d6dae9a6d35c966b305fabac52e489faa3e7";"7da19c4f2913e857040ba228280f404b0e54eaab";"run-20260824T044312003Z-875b756b6297ebee";"c5fc4b790f7af6cf334d9681dbe4bea4f55323df522b0873220efcf9b66772fd";"def2c9f8971e91e4f8abfab5aa073f378ce9ed0ba75c06de33ef9b0aff8f1e8c";"82c61ee0a694c3076a180e36f08b171afba0c29abbc5f5153b0605284a1196ce";"7d7178150e2b91768f9ba95b86fb0aab84f02bf8";"314e65771523065a36f1e5781cc18977dbb0fbb2";"4";"4";"6914b95e83e674ea03a0cfa3206cc0b0bcf8424ce9067a81cc6abf7d6d382457"
"issue13-v5-diagnostic-module-bridge/1";"bridge-9b1c8aedf695cc93803ee388";"_anomalies.csv";"petrovic";"wiodr13";"sea_sectors";"labour_force_value.m.mv";"after_stage_5";"5";"mark_not_applicable";"";"NaN";"wiodr13_v1";"";"";"common/labour_force_value.m.mv.R";"indicator.labour_force_value.m.mv";"indicator.labour_force_value.m.mv";"replace";"run-20260827T180544901Z-49708bac971e52c8";"461cde33b352b409329c3117c5743de522f0777ba43003cf51d9127a48387c0f";"def2c9f8971e91e4f8abfab5aa073f378ce9ed0ba75c06de33ef9b0aff8f1e8c";"82c61ee0a694c3076a180e36f08b171afba0c29abbc5f5153b0605284a1196ce";"e2f4d6dae9a6d35c966b305fabac52e489faa3e7";"7da19c4f2913e857040ba228280f404b0e54eaab";"run-20260824T044312003Z-875b756b6297ebee";"c5fc4b790f7af6cf334d9681dbe4bea4f55323df522b0873220efcf9b66772fd";"def2c9f8971e91e4f8abfab5aa073f378ce9ed0ba75c06de33ef9b0aff8f1e8c";"82c61ee0a694c3076a180e36f08b171afba0c29abbc5f5153b0605284a1196ce";"7d7178150e2b91768f9ba95b86fb0aab84f02bf8";"314e65771523065a36f1e5781cc18977dbb0fbb2";"262";"262";"9b1c8aedf695cc93803ee388086bfbe8761a89dfb422b8c507618257376559a4"
"issue13-v5-diagnostic-module-bridge/1";"bridge-49b421bf0c1aa55f057bec1d";"_anomalies.csv";"petrovic";"wiodr13";"sea_sectors";"labour_requirements";"after_matrices";"3";"replace_both_zero_with_zero";"";"NaN";"wiodr13_v1";"";"";"transformation.R";"matrix.transformation";"matrix.transformation";"replace";"run-20260827T180544901Z-49708bac971e52c8";"461cde33b352b409329c3117c5743de522f0777ba43003cf51d9127a48387c0f";"def2c9f8971e91e4f8abfab5aa073f378ce9ed0ba75c06de33ef9b0aff8f1e8c";"82c61ee0a694c3076a180e36f08b171afba0c29abbc5f5153b0605284a1196ce";"e2f4d6dae9a6d35c966b305fabac52e489faa3e7";"7da19c4f2913e857040ba228280f404b0e54eaab";"run-20260824T044312003Z-875b756b6297ebee";"c5fc4b790f7af6cf334d9681dbe4bea4f55323df522b0873220efcf9b66772fd";"def2c9f8971e91e4f8abfab5aa073f378ce9ed0ba75c06de33ef9b0aff8f1e8c";"82c61ee0a694c3076a180e36f08b171afba0c29abbc5f5153b0605284a1196ce";"7d7178150e2b91768f9ba95b86fb0aab84f02bf8";"314e65771523065a36f1e5781cc18977dbb0fbb2";"277";"277";"49b421bf0c1aa55f057bec1d080c06ffc815dbd2fdb2db2f897b100d5d6af2e9"
"issue13-v5-diagnostic-module-bridge/1";"bridge-8f425684fc7705a83ad91ccb";"_anomalies.csv";"petrovic";"wiodr13";"sea_sectors";"surplus_value.emp.r.pc";"after_stage_5";"5";"mark_not_applicable";"";"Inf";"wiodr13_v1";"";"";"common/surplus_value.emp.r.pc.R";"indicator.surplus_value.emp.r.pc";"indicator.surplus_value.emp.r.pc";"replace";"run-20260827T180544901Z-49708bac971e52c8";"461cde33b352b409329c3117c5743de522f0777ba43003cf51d9127a48387c0f";"def2c9f8971e91e4f8abfab5aa073f378ce9ed0ba75c06de33ef9b0aff8f1e8c";"82c61ee0a694c3076a180e36f08b171afba0c29abbc5f5153b0605284a1196ce";"e2f4d6dae9a6d35c966b305fabac52e489faa3e7";"7da19c4f2913e857040ba228280f404b0e54eaab";"run-20260824T044312003Z-875b756b6297ebee";"c5fc4b790f7af6cf334d9681dbe4bea4f55323df522b0873220efcf9b66772fd";"def2c9f8971e91e4f8abfab5aa073f378ce9ed0ba75c06de33ef9b0aff8f1e8c";"82c61ee0a694c3076a180e36f08b171afba0c29abbc5f5153b0605284a1196ce";"7d7178150e2b91768f9ba95b86fb0aab84f02bf8";"314e65771523065a36f1e5781cc18977dbb0fbb2";"23";"23";"8f425684fc7705a83ad91ccb2725549455fdf0353dcec06342635964081f74e0"
"issue13-v5-diagnostic-module-bridge/1";"bridge-b743c3e4e221540d8eae407d";"_anomalies.csv";"petrovic";"wiodr13";"sea_sectors";"surplus_value.emp.r.pc";"after_stage_5";"5";"mark_not_applicable";"";"NaN";"wiodr13_v1";"";"";"common/surplus_value.emp.r.pc.R";"indicator.surplus_value.emp.r.pc";"indicator.surplus_value.emp.r.pc";"replace";"run-20260827T180544901Z-49708bac971e52c8";"461cde33b352b409329c3117c5743de522f0777ba43003cf51d9127a48387c0f";"def2c9f8971e91e4f8abfab5aa073f378ce9ed0ba75c06de33ef9b0aff8f1e8c";"82c61ee0a694c3076a180e36f08b171afba0c29abbc5f5153b0605284a1196ce";"e2f4d6dae9a6d35c966b305fabac52e489faa3e7";"7da19c4f2913e857040ba228280f404b0e54eaab";"run-20260824T044312003Z-875b756b6297ebee";"c5fc4b790f7af6cf334d9681dbe4bea4f55323df522b0873220efcf9b66772fd";"def2c9f8971e91e4f8abfab5aa073f378ce9ed0ba75c06de33ef9b0aff8f1e8c";"82c61ee0a694c3076a180e36f08b171afba0c29abbc5f5153b0605284a1196ce";"7d7178150e2b91768f9ba95b86fb0aab84f02bf8";"314e65771523065a36f1e5781cc18977dbb0fbb2";"264";"264";"b743c3e4e221540d8eae407d5a500f0a83f4ddcb55c2013661b9768fe921d4ec"
"issue13-v5-diagnostic-module-bridge/1";"bridge-8e355c88c2db3841c8fda809";"_anomalies.csv";"petrovic";"wiodr13";"sea_sectors";"surplus_value.empe.r.pc";"after_stage_5";"5";"mark_not_applicable";"";"Inf";"wiodr13_v1";"";"";"common/surplus_value.empe.r.pc.R";"indicator.surplus_value.empe.r.pc";"indicator.surplus_value.empe.r.pc";"replace";"run-20260827T180544901Z-49708bac971e52c8";"461cde33b352b409329c3117c5743de522f0777ba43003cf51d9127a48387c0f";"def2c9f8971e91e4f8abfab5aa073f378ce9ed0ba75c06de33ef9b0aff8f1e8c";"82c61ee0a694c3076a180e36f08b171afba0c29abbc5f5153b0605284a1196ce";"e2f4d6dae9a6d35c966b305fabac52e489faa3e7";"7da19c4f2913e857040ba228280f404b0e54eaab";"run-20260824T044312003Z-875b756b6297ebee";"c5fc4b790f7af6cf334d9681dbe4bea4f55323df522b0873220efcf9b66772fd";"def2c9f8971e91e4f8abfab5aa073f378ce9ed0ba75c06de33ef9b0aff8f1e8c";"82c61ee0a694c3076a180e36f08b171afba0c29abbc5f5153b0605284a1196ce";"7d7178150e2b91768f9ba95b86fb0aab84f02bf8";"314e65771523065a36f1e5781cc18977dbb0fbb2";"31";"31";"8e355c88c2db3841c8fda809657b7aef5c1b68f60b269f3ba03de4204bea5389"
"issue13-v5-diagnostic-module-bridge/1";"bridge-159912cbe3db8c268fa962f3";"_anomalies.csv";"petrovic";"wiodr13";"sea_sectors";"surplus_value.empe.r.pc";"after_stage_5";"5";"mark_not_applicable";"";"NaN";"wiodr13_v1";"";"";"common/surplus_value.empe.r.pc.R";"indicator.surplus_value.empe.r.pc";"indicator.surplus_value.empe.r.pc";"replace";"run-20260827T180544901Z-49708bac971e52c8";"461cde33b352b409329c3117c5743de522f0777ba43003cf51d9127a48387c0f";"def2c9f8971e91e4f8abfab5aa073f378ce9ed0ba75c06de33ef9b0aff8f1e8c";"82c61ee0a694c3076a180e36f08b171afba0c29abbc5f5153b0605284a1196ce";"e2f4d6dae9a6d35c966b305fabac52e489faa3e7";"7da19c4f2913e857040ba228280f404b0e54eaab";"run-20260824T044312003Z-875b756b6297ebee";"c5fc4b790f7af6cf334d9681dbe4bea4f55323df522b0873220efcf9b66772fd";"def2c9f8971e91e4f8abfab5aa073f378ce9ed0ba75c06de33ef9b0aff8f1e8c";"82c61ee0a694c3076a180e36f08b171afba0c29abbc5f5153b0605284a1196ce";"7d7178150e2b91768f9ba95b86fb0aab84f02bf8";"314e65771523065a36f1e5781cc18977dbb0fbb2";"262";"262";"159912cbe3db8c268fa962f3c599efbf395b0d197f252583c6f03a27d5691480"
"issue13-v5-diagnostic-module-bridge/1";"bridge-11486c37da7c3806d73879cc";"_anomalies.csv";"petrovic";"wiodr13";"sea_sectors";"surplus_value.empe_hs.r.pc";"after_stage_5";"5";"mark_not_applicable";"";"Inf";"wiodr13_v1";"";"";"wiodr13/surplus_value.empe_hs.r.pc.R";"indicator.surplus_value.empe_hs.r.pc";"indicator.surplus_value.empe_hs.r.pc";"replace";"run-20260827T180544901Z-49708bac971e52c8";"461cde33b352b409329c3117c5743de522f0777ba43003cf51d9127a48387c0f";"def2c9f8971e91e4f8abfab5aa073f378ce9ed0ba75c06de33ef9b0aff8f1e8c";"82c61ee0a694c3076a180e36f08b171afba0c29abbc5f5153b0605284a1196ce";"e2f4d6dae9a6d35c966b305fabac52e489faa3e7";"7da19c4f2913e857040ba228280f404b0e54eaab";"run-20260824T044312003Z-875b756b6297ebee";"c5fc4b790f7af6cf334d9681dbe4bea4f55323df522b0873220efcf9b66772fd";"def2c9f8971e91e4f8abfab5aa073f378ce9ed0ba75c06de33ef9b0aff8f1e8c";"82c61ee0a694c3076a180e36f08b171afba0c29abbc5f5153b0605284a1196ce";"7d7178150e2b91768f9ba95b86fb0aab84f02bf8";"314e65771523065a36f1e5781cc18977dbb0fbb2";"31";"31";"11486c37da7c3806d73879cc68362cc5fe8c16dd02fadab31fcfee7adcc95fcd"
"issue13-v5-diagnostic-module-bridge/1";"bridge-52c4f6c576cfd6dc553d1446";"_anomalies.csv";"petrovic";"wiodr13";"sea_sectors";"surplus_value.empe_hs.r.pc";"after_stage_5";"5";"mark_not_applicable";"";"NaN";"wiodr13_v1";"";"";"wiodr13/surplus_value.empe_hs.r.pc.R";"indicator.surplus_value.empe_hs.r.pc";"indicator.surplus_value.empe_hs.r.pc";"replace";"run-20260827T180544901Z-49708bac971e52c8";"461cde33b352b409329c3117c5743de522f0777ba43003cf51d9127a48387c0f";"def2c9f8971e91e4f8abfab5aa073f378ce9ed0ba75c06de33ef9b0aff8f1e8c";"82c61ee0a694c3076a180e36f08b171afba0c29abbc5f5153b0605284a1196ce";"e2f4d6dae9a6d35c966b305fabac52e489faa3e7";"7da19c4f2913e857040ba228280f404b0e54eaab";"run-20260824T044312003Z-875b756b6297ebee";"c5fc4b790f7af6cf334d9681dbe4bea4f55323df522b0873220efcf9b66772fd";"def2c9f8971e91e4f8abfab5aa073f378ce9ed0ba75c06de33ef9b0aff8f1e8c";"82c61ee0a694c3076a180e36f08b171afba0c29abbc5f5153b0605284a1196ce";"7d7178150e2b91768f9ba95b86fb0aab84f02bf8";"314e65771523065a36f1e5781cc18977dbb0fbb2";"277";"277";"52c4f6c576cfd6dc553d1446671e1f846e670e52c850460d1fe5887fa7190e4e"
"issue13-v5-diagnostic-module-bridge/1";"bridge-7a1fd4f4d7c3c3ec156507a8";"_anomalies.csv";"petrovic";"wiodr13";"sea_sectors";"surplus_value.empe_ls.r.pc";"after_stage_5";"5";"mark_not_applicable";"";"Inf";"wiodr13_v1";"";"";"wiodr13/surplus_value.empe_ls.r.pc.R";"indicator.surplus_value.empe_ls.r.pc";"indicator.surplus_value.empe_ls.r.pc";"replace";"run-20260827T180544901Z-49708bac971e52c8";"461cde33b352b409329c3117c5743de522f0777ba43003cf51d9127a48387c0f";"def2c9f8971e91e4f8abfab5aa073f378ce9ed0ba75c06de33ef9b0aff8f1e8c";"82c61ee0a694c3076a180e36f08b171afba0c29abbc5f5153b0605284a1196ce";"e2f4d6dae9a6d35c966b305fabac52e489faa3e7";"7da19c4f2913e857040ba228280f404b0e54eaab";"run-20260824T044312003Z-875b756b6297ebee";"c5fc4b790f7af6cf334d9681dbe4bea4f55323df522b0873220efcf9b66772fd";"def2c9f8971e91e4f8abfab5aa073f378ce9ed0ba75c06de33ef9b0aff8f1e8c";"82c61ee0a694c3076a180e36f08b171afba0c29abbc5f5153b0605284a1196ce";"7d7178150e2b91768f9ba95b86fb0aab84f02bf8";"314e65771523065a36f1e5781cc18977dbb0fbb2";"31";"31";"7a1fd4f4d7c3c3ec156507a806f7f1aa1818d2b1849a686e4d04828e6fd6dd1a"
"issue13-v5-diagnostic-module-bridge/1";"bridge-bd6c11337c6fe5670fa0e73e";"_anomalies.csv";"petrovic";"wiodr13";"sea_sectors";"surplus_value.empe_ls.r.pc";"after_stage_5";"5";"mark_not_applicable";"";"NaN";"wiodr13_v1";"";"";"wiodr13/surplus_value.empe_ls.r.pc.R";"indicator.surplus_value.empe_ls.r.pc";"indicator.surplus_value.empe_ls.r.pc";"replace";"run-20260827T180544901Z-49708bac971e52c8";"461cde33b352b409329c3117c5743de522f0777ba43003cf51d9127a48387c0f";"def2c9f8971e91e4f8abfab5aa073f378ce9ed0ba75c06de33ef9b0aff8f1e8c";"82c61ee0a694c3076a180e36f08b171afba0c29abbc5f5153b0605284a1196ce";"e2f4d6dae9a6d35c966b305fabac52e489faa3e7";"7da19c4f2913e857040ba228280f404b0e54eaab";"run-20260824T044312003Z-875b756b6297ebee";"c5fc4b790f7af6cf334d9681dbe4bea4f55323df522b0873220efcf9b66772fd";"def2c9f8971e91e4f8abfab5aa073f378ce9ed0ba75c06de33ef9b0aff8f1e8c";"82c61ee0a694c3076a180e36f08b171afba0c29abbc5f5153b0605284a1196ce";"7d7178150e2b91768f9ba95b86fb0aab84f02bf8";"314e65771523065a36f1e5781cc18977dbb0fbb2";"262";"262";"bd6c11337c6fe5670fa0e73e70e91cf17b4cef563f76187d46fa93007bc169af"
"issue13-v5-diagnostic-module-bridge/1";"bridge-84ccfe4ebe0f6b9005eb5638";"_anomalies.csv";"petrovic";"wiodr13";"sea_sectors";"surplus_value.empe_ms.r.pc";"after_stage_5";"5";"mark_not_applicable";"";"Inf";"wiodr13_v1";"";"";"wiodr13/surplus_value.empe_ms.r.pc.R";"indicator.surplus_value.empe_ms.r.pc";"indicator.surplus_value.empe_ms.r.pc";"replace";"run-20260827T180544901Z-49708bac971e52c8";"461cde33b352b409329c3117c5743de522f0777ba43003cf51d9127a48387c0f";"def2c9f8971e91e4f8abfab5aa073f378ce9ed0ba75c06de33ef9b0aff8f1e8c";"82c61ee0a694c3076a180e36f08b171afba0c29abbc5f5153b0605284a1196ce";"e2f4d6dae9a6d35c966b305fabac52e489faa3e7";"7da19c4f2913e857040ba228280f404b0e54eaab";"run-20260824T044312003Z-875b756b6297ebee";"c5fc4b790f7af6cf334d9681dbe4bea4f55323df522b0873220efcf9b66772fd";"def2c9f8971e91e4f8abfab5aa073f378ce9ed0ba75c06de33ef9b0aff8f1e8c";"82c61ee0a694c3076a180e36f08b171afba0c29abbc5f5153b0605284a1196ce";"7d7178150e2b91768f9ba95b86fb0aab84f02bf8";"314e65771523065a36f1e5781cc18977dbb0fbb2";"31";"31";"84ccfe4ebe0f6b9005eb5638638a3311a5b0b172df0e88676c77f5f6c89f8f4e"
"issue13-v5-diagnostic-module-bridge/1";"bridge-d6c6b332448a4fe95439a3be";"_anomalies.csv";"petrovic";"wiodr13";"sea_sectors";"surplus_value.empe_ms.r.pc";"after_stage_5";"5";"mark_not_applicable";"";"NaN";"wiodr13_v1";"";"";"wiodr13/surplus_value.empe_ms.r.pc.R";"indicator.surplus_value.empe_ms.r.pc";"indicator.surplus_value.empe_ms.r.pc";"replace";"run-20260827T180544901Z-49708bac971e52c8";"461cde33b352b409329c3117c5743de522f0777ba43003cf51d9127a48387c0f";"def2c9f8971e91e4f8abfab5aa073f378ce9ed0ba75c06de33ef9b0aff8f1e8c";"82c61ee0a694c3076a180e36f08b171afba0c29abbc5f5153b0605284a1196ce";"e2f4d6dae9a6d35c966b305fabac52e489faa3e7";"7da19c4f2913e857040ba228280f404b0e54eaab";"run-20260824T044312003Z-875b756b6297ebee";"c5fc4b790f7af6cf334d9681dbe4bea4f55323df522b0873220efcf9b66772fd";"def2c9f8971e91e4f8abfab5aa073f378ce9ed0ba75c06de33ef9b0aff8f1e8c";"82c61ee0a694c3076a180e36f08b171afba0c29abbc5f5153b0605284a1196ce";"7d7178150e2b91768f9ba95b86fb0aab84f02bf8";"314e65771523065a36f1e5781cc18977dbb0fbb2";"262";"262";"d6c6b332448a4fe95439a3be84ca40c0af81793a84b896323a49d4141dd8e173"
"issue13-v5-diagnostic-module-bridge/1";"bridge-5cb1536bf50d1e1a4d05638a";"_anomalies.csv";"petrovic";"wiodr13";"sea_sectors";"trade_transfers.p.m.pc";"after_stage_5";"5";"mark_not_applicable";"";"-Inf";"wiodr13_v1";"";"";"common/trade_transfers.p.m.pc.R";"indicator.trade_transfers.p.m.pc";"indicator.trade_transfers.p.m.pc";"replace";"run-20260827T180544901Z-49708bac971e52c8";"461cde33b352b409329c3117c5743de522f0777ba43003cf51d9127a48387c0f";"def2c9f8971e91e4f8abfab5aa073f378ce9ed0ba75c06de33ef9b0aff8f1e8c";"82c61ee0a694c3076a180e36f08b171afba0c29abbc5f5153b0605284a1196ce";"e2f4d6dae9a6d35c966b305fabac52e489faa3e7";"7da19c4f2913e857040ba228280f404b0e54eaab";"run-20260824T044312003Z-875b756b6297ebee";"c5fc4b790f7af6cf334d9681dbe4bea4f55323df522b0873220efcf9b66772fd";"def2c9f8971e91e4f8abfab5aa073f378ce9ed0ba75c06de33ef9b0aff8f1e8c";"82c61ee0a694c3076a180e36f08b171afba0c29abbc5f5153b0605284a1196ce";"7d7178150e2b91768f9ba95b86fb0aab84f02bf8";"314e65771523065a36f1e5781cc18977dbb0fbb2";"37";"37";"5cb1536bf50d1e1a4d05638a476c9257b25367ff34d50672028210c6f58fa3dc"
"issue13-v5-diagnostic-module-bridge/1";"bridge-82aa916277659a1ac83df53e";"_anomalies.csv";"petrovic";"wiodr13";"sea_sectors";"trade_transfers.p.m.pc";"after_stage_5";"5";"mark_not_applicable";"";"Inf";"wiodr13_v1";"";"";"common/trade_transfers.p.m.pc.R";"indicator.trade_transfers.p.m.pc";"indicator.trade_transfers.p.m.pc";"replace";"run-20260827T180544901Z-49708bac971e52c8";"461cde33b352b409329c3117c5743de522f0777ba43003cf51d9127a48387c0f";"def2c9f8971e91e4f8abfab5aa073f378ce9ed0ba75c06de33ef9b0aff8f1e8c";"82c61ee0a694c3076a180e36f08b171afba0c29abbc5f5153b0605284a1196ce";"e2f4d6dae9a6d35c966b305fabac52e489faa3e7";"7da19c4f2913e857040ba228280f404b0e54eaab";"run-20260824T044312003Z-875b756b6297ebee";"c5fc4b790f7af6cf334d9681dbe4bea4f55323df522b0873220efcf9b66772fd";"def2c9f8971e91e4f8abfab5aa073f378ce9ed0ba75c06de33ef9b0aff8f1e8c";"82c61ee0a694c3076a180e36f08b171afba0c29abbc5f5153b0605284a1196ce";"7d7178150e2b91768f9ba95b86fb0aab84f02bf8";"314e65771523065a36f1e5781cc18977dbb0fbb2";"2";"2";"82aa916277659a1ac83df53e3ca7ff7dcbdc03891c62a3976fa18906ad039d97"
"issue13-v5-diagnostic-module-bridge/1";"bridge-eb9062b7a72279df1ae8234b";"_anomalies.csv";"petrovic";"wiodr13";"sea_sectors";"trade_transfers.p.m.pc";"after_stage_5";"5";"mark_not_applicable";"";"NaN";"wiodr13_v1";"";"";"common/trade_transfers.p.m.pc.R";"indicator.trade_transfers.p.m.pc";"indicator.trade_transfers.p.m.pc";"replace";"run-20260827T180544901Z-49708bac971e52c8";"461cde33b352b409329c3117c5743de522f0777ba43003cf51d9127a48387c0f";"def2c9f8971e91e4f8abfab5aa073f378ce9ed0ba75c06de33ef9b0aff8f1e8c";"82c61ee0a694c3076a180e36f08b171afba0c29abbc5f5153b0605284a1196ce";"e2f4d6dae9a6d35c966b305fabac52e489faa3e7";"7da19c4f2913e857040ba228280f404b0e54eaab";"run-20260824T044312003Z-875b756b6297ebee";"c5fc4b790f7af6cf334d9681dbe4bea4f55323df522b0873220efcf9b66772fd";"def2c9f8971e91e4f8abfab5aa073f378ce9ed0ba75c06de33ef9b0aff8f1e8c";"82c61ee0a694c3076a180e36f08b171afba0c29abbc5f5153b0605284a1196ce";"7d7178150e2b91768f9ba95b86fb0aab84f02bf8";"314e65771523065a36f1e5781cc18977dbb0fbb2";"7380";"7380";"eb9062b7a72279df1ae8234b70b63a64d14787379388b3647ee89f152d66d9ff"
"issue13-v5-diagnostic-module-bridge/1";"bridge-8a66509a51313eb3e6d5876e";"_anomalies.csv";"wiodr13";"wiodr13";"sea_countries";"abstract_labour.empe.s.mv";"after_country_aggregation";"5";"preserve_all_missing";"";"NA";"wiodr13_v1";"";"";"sea_countries.R";"aggregation.direct";"aggregation.direct";"replace";"run-20260823T211620845Z-e43e6054a0a727e1";"0c535c619116a0b510581d50b372598a805256a85a8f1267c4fdafd65362bb5a";"cd259da2911f0616734ef50ee2719f535704506e7b59bceb5039cb9e2ee5c229";"3b8b125761e2bcf7c6f0e5c7bef1aa00d26d5853d57883a0e0e98fd50b4b71e6";"cc2c86189a06676bcb9f0e05e08033d710a92509";"0cb1142cdadd74bf95272010f5393ebe2af79f47";"run-20260824T045318395Z-868f3a008fb4a8af";"581a44befca61d146e1ca583e79213a618d0bc07fc001dc9565e5e2d0100d4d8";"cd259da2911f0616734ef50ee2719f535704506e7b59bceb5039cb9e2ee5c229";"3b8b125761e2bcf7c6f0e5c7bef1aa00d26d5853d57883a0e0e98fd50b4b71e6";"7d7178150e2b91768f9ba95b86fb0aab84f02bf8";"314e65771523065a36f1e5781cc18977dbb0fbb2";"525";"525";"8a66509a51313eb3e6d5876e1b6c5de693b0dad870a5709af68f2ad0914b0e4c"
"issue13-v5-diagnostic-module-bridge/1";"bridge-e35f6e7e272ba31ca43a0d6e";"_anomalies.csv";"wiodr13";"wiodr13";"sea_countries";"abstract_labour.empe.s.mv";"after_world_aggregation";"5";"aggregate_available";"";"NA";"wiodr13_v1";"";"";"sea_countries.R";"aggregation.direct";"aggregation.direct";"replace";"run-20260823T211620845Z-e43e6054a0a727e1";"0c535c619116a0b510581d50b372598a805256a85a8f1267c4fdafd65362bb5a";"cd259da2911f0616734ef50ee2719f535704506e7b59bceb5039cb9e2ee5c229";"3b8b125761e2bcf7c6f0e5c7bef1aa00d26d5853d57883a0e0e98fd50b4b71e6";"cc2c86189a06676bcb9f0e05e08033d710a92509";"0cb1142cdadd74bf95272010f5393ebe2af79f47";"run-20260824T045318395Z-868f3a008fb4a8af";"581a44befca61d146e1ca583e79213a618d0bc07fc001dc9565e5e2d0100d4d8";"cd259da2911f0616734ef50ee2719f535704506e7b59bceb5039cb9e2ee5c229";"3b8b125761e2bcf7c6f0e5c7bef1aa00d26d5853d57883a0e0e98fd50b4b71e6";"7d7178150e2b91768f9ba95b86fb0aab84f02bf8";"314e65771523065a36f1e5781cc18977dbb0fbb2";"15";"15";"e35f6e7e272ba31ca43a0d6e0ca10088c1651ffebbae0a140a84b5983a871832"
"issue13-v5-diagnostic-module-bridge/1";"bridge-62d826ad6f0cc92fc474f2ff";"_anomalies.csv";"wiodr13";"wiodr13";"sea_countries";"appropriated_profit.r.pc";"after_country_module";"5";"mark_not_applicable";"";"Inf";"wiodr13_v1";"";"";"common/appropriated_profit.r.pc-country.R";"indicator.appropriated_profit.r.pc";"indicator.appropriated_profit.r.pc";"replace";"run-20260823T211620845Z-e43e6054a0a727e1";"0c535c619116a0b510581d50b372598a805256a85a8f1267c4fdafd65362bb5a";"cd259da2911f0616734ef50ee2719f535704506e7b59bceb5039cb9e2ee5c229";"3b8b125761e2bcf7c6f0e5c7bef1aa00d26d5853d57883a0e0e98fd50b4b71e6";"cc2c86189a06676bcb9f0e05e08033d710a92509";"0cb1142cdadd74bf95272010f5393ebe2af79f47";"run-20260824T045318395Z-868f3a008fb4a8af";"581a44befca61d146e1ca583e79213a618d0bc07fc001dc9565e5e2d0100d4d8";"cd259da2911f0616734ef50ee2719f535704506e7b59bceb5039cb9e2ee5c229";"3b8b125761e2bcf7c6f0e5c7bef1aa00d26d5853d57883a0e0e98fd50b4b71e6";"7d7178150e2b91768f9ba95b86fb0aab84f02bf8";"314e65771523065a36f1e5781cc18977dbb0fbb2";"30";"30";"62d826ad6f0cc92fc474f2ff265ccef3c719ad7b1cfc894f9313b122f087c336"
"issue13-v5-diagnostic-module-bridge/1";"bridge-04333ac9c6f20628296ed7f6";"_anomalies.csv";"wiodr13";"wiodr13";"sea_countries";"compensation.emp.s.cu";"after_country_aggregation";"5";"preserve_all_missing";"";"NA";"wiodr13_v1";"";"";"sea_countries.R";"aggregation.direct";"aggregation.direct";"replace";"run-20260823T211620845Z-e43e6054a0a727e1";"0c535c619116a0b510581d50b372598a805256a85a8f1267c4fdafd65362bb5a";"cd259da2911f0616734ef50ee2719f535704506e7b59bceb5039cb9e2ee5c229";"3b8b125761e2bcf7c6f0e5c7bef1aa00d26d5853d57883a0e0e98fd50b4b71e6";"cc2c86189a06676bcb9f0e05e08033d710a92509";"0cb1142cdadd74bf95272010f5393ebe2af79f47";"run-20260824T045318395Z-868f3a008fb4a8af";"581a44befca61d146e1ca583e79213a618d0bc07fc001dc9565e5e2d0100d4d8";"cd259da2911f0616734ef50ee2719f535704506e7b59bceb5039cb9e2ee5c229";"3b8b125761e2bcf7c6f0e5c7bef1aa00d26d5853d57883a0e0e98fd50b4b71e6";"7d7178150e2b91768f9ba95b86fb0aab84f02bf8";"314e65771523065a36f1e5781cc18977dbb0fbb2";"525";"525";"04333ac9c6f20628296ed7f6ac3f03d65311cc9588bb002aadac06bd07f9ae54"
"issue13-v5-diagnostic-module-bridge/1";"bridge-6461a66c3145bce041d8a1d3";"_anomalies.csv";"wiodr13";"wiodr13";"sea_countries";"compensation.emp.s.cu";"after_world_aggregation";"5";"aggregate_available";"";"NA";"wiodr13_v1";"";"";"sea_countries.R";"aggregation.direct";"aggregation.direct";"replace";"run-20260823T211620845Z-e43e6054a0a727e1";"0c535c619116a0b510581d50b372598a805256a85a8f1267c4fdafd65362bb5a";"cd259da2911f0616734ef50ee2719f535704506e7b59bceb5039cb9e2ee5c229";"3b8b125761e2bcf7c6f0e5c7bef1aa00d26d5853d57883a0e0e98fd50b4b71e6";"cc2c86189a06676bcb9f0e05e08033d710a92509";"0cb1142cdadd74bf95272010f5393ebe2af79f47";"run-20260824T045318395Z-868f3a008fb4a8af";"581a44befca61d146e1ca583e79213a618d0bc07fc001dc9565e5e2d0100d4d8";"cd259da2911f0616734ef50ee2719f535704506e7b59bceb5039cb9e2ee5c229";"3b8b125761e2bcf7c6f0e5c7bef1aa00d26d5853d57883a0e0e98fd50b4b71e6";"7d7178150e2b91768f9ba95b86fb0aab84f02bf8";"314e65771523065a36f1e5781cc18977dbb0fbb2";"15";"15";"6461a66c3145bce041d8a1d361d8819e8dd3f7f18e0a9573fed9a728825fc29b"
"issue13-v5-diagnostic-module-bridge/1";"bridge-964e4c9670f79e54001c9abb";"_anomalies.csv";"wiodr13";"wiodr13";"sea_countries";"compensation.emp.s.us";"after_country_aggregation";"5";"preserve_all_missing";"";"NA";"wiodr13_v1";"";"";"sea_countries.R";"aggregation.direct";"aggregation.direct";"replace";"run-20260823T211620845Z-e43e6054a0a727e1";"0c535c619116a0b510581d50b372598a805256a85a8f1267c4fdafd65362bb5a";"cd259da2911f0616734ef50ee2719f535704506e7b59bceb5039cb9e2ee5c229";"3b8b125761e2bcf7c6f0e5c7bef1aa00d26d5853d57883a0e0e98fd50b4b71e6";"cc2c86189a06676bcb9f0e05e08033d710a92509";"0cb1142cdadd74bf95272010f5393ebe2af79f47";"run-20260824T045318395Z-868f3a008fb4a8af";"581a44befca61d146e1ca583e79213a618d0bc07fc001dc9565e5e2d0100d4d8";"cd259da2911f0616734ef50ee2719f535704506e7b59bceb5039cb9e2ee5c229";"3b8b125761e2bcf7c6f0e5c7bef1aa00d26d5853d57883a0e0e98fd50b4b71e6";"7d7178150e2b91768f9ba95b86fb0aab84f02bf8";"314e65771523065a36f1e5781cc18977dbb0fbb2";"525";"525";"964e4c9670f79e54001c9abbe1ad3d756792449e0f245ad3901375120f21d18b"
"issue13-v5-diagnostic-module-bridge/1";"bridge-d8a91c5d357602bee069779b";"_anomalies.csv";"wiodr13";"wiodr13";"sea_countries";"compensation.emp.s.us";"after_world_aggregation";"5";"aggregate_available";"";"NA";"wiodr13_v1";"";"";"sea_countries.R";"aggregation.direct";"aggregation.direct";"replace";"run-20260823T211620845Z-e43e6054a0a727e1";"0c535c619116a0b510581d50b372598a805256a85a8f1267c4fdafd65362bb5a";"cd259da2911f0616734ef50ee2719f535704506e7b59bceb5039cb9e2ee5c229";"3b8b125761e2bcf7c6f0e5c7bef1aa00d26d5853d57883a0e0e98fd50b4b71e6";"cc2c86189a06676bcb9f0e05e08033d710a92509";"0cb1142cdadd74bf95272010f5393ebe2af79f47";"run-20260824T045318395Z-868f3a008fb4a8af";"581a44befca61d146e1ca583e79213a618d0bc07fc001dc9565e5e2d0100d4d8";"cd259da2911f0616734ef50ee2719f535704506e7b59bceb5039cb9e2ee5c229";"3b8b125761e2bcf7c6f0e5c7bef1aa00d26d5853d57883a0e0e98fd50b4b71e6";"7d7178150e2b91768f9ba95b86fb0aab84f02bf8";"314e65771523065a36f1e5781cc18977dbb0fbb2";"15";"15";"d8a91c5d357602bee069779b314a26d54fd1bfaa6cad53957ead03895d56f9ec"
"issue13-v5-diagnostic-module-bridge/1";"bridge-e43ff25e243e964c50b5c69a";"_anomalies.csv";"wiodr13";"wiodr13";"sea_countries";"compensation.empe.s.cu";"after_country_aggregation";"5";"preserve_all_missing";"";"NA";"wiodr13_v1";"";"";"sea_countries.R";"aggregation.direct";"aggregation.direct";"replace";"run-20260823T211620845Z-e43e6054a0a727e1";"0c535c619116a0b510581d50b372598a805256a85a8f1267c4fdafd65362bb5a";"cd259da2911f0616734ef50ee2719f535704506e7b59bceb5039cb9e2ee5c229";"3b8b125761e2bcf7c6f0e5c7bef1aa00d26d5853d57883a0e0e98fd50b4b71e6";"cc2c86189a06676bcb9f0e05e08033d710a92509";"0cb1142cdadd74bf95272010f5393ebe2af79f47";"run-20260824T045318395Z-868f3a008fb4a8af";"581a44befca61d146e1ca583e79213a618d0bc07fc001dc9565e5e2d0100d4d8";"cd259da2911f0616734ef50ee2719f535704506e7b59bceb5039cb9e2ee5c229";"3b8b125761e2bcf7c6f0e5c7bef1aa00d26d5853d57883a0e0e98fd50b4b71e6";"7d7178150e2b91768f9ba95b86fb0aab84f02bf8";"314e65771523065a36f1e5781cc18977dbb0fbb2";"525";"525";"e43ff25e243e964c50b5c69a4f0aaa0ea7a1bf045a9fa79ce590e13c83e34481"
"issue13-v5-diagnostic-module-bridge/1";"bridge-4b15d2a8f7ef0f12a60f94b4";"_anomalies.csv";"wiodr13";"wiodr13";"sea_countries";"compensation.empe.s.cu";"after_world_aggregation";"5";"aggregate_available";"";"NA";"wiodr13_v1";"";"";"sea_countries.R";"aggregation.direct";"aggregation.direct";"replace";"run-20260823T211620845Z-e43e6054a0a727e1";"0c535c619116a0b510581d50b372598a805256a85a8f1267c4fdafd65362bb5a";"cd259da2911f0616734ef50ee2719f535704506e7b59bceb5039cb9e2ee5c229";"3b8b125761e2bcf7c6f0e5c7bef1aa00d26d5853d57883a0e0e98fd50b4b71e6";"cc2c86189a06676bcb9f0e05e08033d710a92509";"0cb1142cdadd74bf95272010f5393ebe2af79f47";"run-20260824T045318395Z-868f3a008fb4a8af";"581a44befca61d146e1ca583e79213a618d0bc07fc001dc9565e5e2d0100d4d8";"cd259da2911f0616734ef50ee2719f535704506e7b59bceb5039cb9e2ee5c229";"3b8b125761e2bcf7c6f0e5c7bef1aa00d26d5853d57883a0e0e98fd50b4b71e6";"7d7178150e2b91768f9ba95b86fb0aab84f02bf8";"314e65771523065a36f1e5781cc18977dbb0fbb2";"15";"15";"4b15d2a8f7ef0f12a60f94b47234c396b389dab85789cd2c46315eefcb448cec"
"issue13-v5-diagnostic-module-bridge/1";"bridge-dc037245663072d7728c4461";"_anomalies.csv";"wiodr13";"wiodr13";"sea_countries";"compensation.empe.s.us";"after_country_aggregation";"5";"preserve_all_missing";"";"NA";"wiodr13_v1";"";"";"sea_countries.R";"aggregation.direct";"aggregation.direct";"replace";"run-20260823T211620845Z-e43e6054a0a727e1";"0c535c619116a0b510581d50b372598a805256a85a8f1267c4fdafd65362bb5a";"cd259da2911f0616734ef50ee2719f535704506e7b59bceb5039cb9e2ee5c229";"3b8b125761e2bcf7c6f0e5c7bef1aa00d26d5853d57883a0e0e98fd50b4b71e6";"cc2c86189a06676bcb9f0e05e08033d710a92509";"0cb1142cdadd74bf95272010f5393ebe2af79f47";"run-20260824T045318395Z-868f3a008fb4a8af";"581a44befca61d146e1ca583e79213a618d0bc07fc001dc9565e5e2d0100d4d8";"cd259da2911f0616734ef50ee2719f535704506e7b59bceb5039cb9e2ee5c229";"3b8b125761e2bcf7c6f0e5c7bef1aa00d26d5853d57883a0e0e98fd50b4b71e6";"7d7178150e2b91768f9ba95b86fb0aab84f02bf8";"314e65771523065a36f1e5781cc18977dbb0fbb2";"525";"525";"dc037245663072d7728c44613eb6effb42bd4c9c565e4e8f5e6460eb34b47306"
"issue13-v5-diagnostic-module-bridge/1";"bridge-92820bc4713547a9d1536504";"_anomalies.csv";"wiodr13";"wiodr13";"sea_countries";"compensation.empe.s.us";"after_world_aggregation";"5";"aggregate_available";"";"NA";"wiodr13_v1";"";"";"sea_countries.R";"aggregation.direct";"aggregation.direct";"replace";"run-20260823T211620845Z-e43e6054a0a727e1";"0c535c619116a0b510581d50b372598a805256a85a8f1267c4fdafd65362bb5a";"cd259da2911f0616734ef50ee2719f535704506e7b59bceb5039cb9e2ee5c229";"3b8b125761e2bcf7c6f0e5c7bef1aa00d26d5853d57883a0e0e98fd50b4b71e6";"cc2c86189a06676bcb9f0e05e08033d710a92509";"0cb1142cdadd74bf95272010f5393ebe2af79f47";"run-20260824T045318395Z-868f3a008fb4a8af";"581a44befca61d146e1ca583e79213a618d0bc07fc001dc9565e5e2d0100d4d8";"cd259da2911f0616734ef50ee2719f535704506e7b59bceb5039cb9e2ee5c229";"3b8b125761e2bcf7c6f0e5c7bef1aa00d26d5853d57883a0e0e98fd50b4b71e6";"7d7178150e2b91768f9ba95b86fb0aab84f02bf8";"314e65771523065a36f1e5781cc18977dbb0fbb2";"15";"15";"92820bc4713547a9d15365044c1cca7dbd148fa1cd2c7cc829ff302bc64feb59"
"issue13-v5-diagnostic-module-bridge/1";"bridge-61cb9766f5d4ce8b7f5bddb6";"_anomalies.csv";"wiodr13";"wiodr13";"sea_countries";"compensation.empe_hs.r.pc";"after_country_aggregation";"5";"preserve_all_missing";"";"NA";"wiodr13_v1";"";"";"sea_countries.R";"aggregation.direct";"aggregation.direct";"replace";"run-20260823T211620845Z-e43e6054a0a727e1";"0c535c619116a0b510581d50b372598a805256a85a8f1267c4fdafd65362bb5a";"cd259da2911f0616734ef50ee2719f535704506e7b59bceb5039cb9e2ee5c229";"3b8b125761e2bcf7c6f0e5c7bef1aa00d26d5853d57883a0e0e98fd50b4b71e6";"cc2c86189a06676bcb9f0e05e08033d710a92509";"0cb1142cdadd74bf95272010f5393ebe2af79f47";"run-20260824T045318395Z-868f3a008fb4a8af";"581a44befca61d146e1ca583e79213a618d0bc07fc001dc9565e5e2d0100d4d8";"cd259da2911f0616734ef50ee2719f535704506e7b59bceb5039cb9e2ee5c229";"3b8b125761e2bcf7c6f0e5c7bef1aa00d26d5853d57883a0e0e98fd50b4b71e6";"7d7178150e2b91768f9ba95b86fb0aab84f02bf8";"314e65771523065a36f1e5781cc18977dbb0fbb2";"525";"525";"61cb9766f5d4ce8b7f5bddb6e60105a78ddf3de0e16d5e8d61e588b0725dd181"
"issue13-v5-diagnostic-module-bridge/1";"bridge-9c8f1e64b3f517cd149e9c8b";"_anomalies.csv";"wiodr13";"wiodr13";"sea_countries";"compensation.empe_hs.r.pc";"after_world_aggregation";"5";"aggregate_available";"";"NA";"wiodr13_v1";"";"";"sea_countries.R";"aggregation.direct";"aggregation.direct";"replace";"run-20260823T211620845Z-e43e6054a0a727e1";"0c535c619116a0b510581d50b372598a805256a85a8f1267c4fdafd65362bb5a";"cd259da2911f0616734ef50ee2719f535704506e7b59bceb5039cb9e2ee5c229";"3b8b125761e2bcf7c6f0e5c7bef1aa00d26d5853d57883a0e0e98fd50b4b71e6";"cc2c86189a06676bcb9f0e05e08033d710a92509";"0cb1142cdadd74bf95272010f5393ebe2af79f47";"run-20260824T045318395Z-868f3a008fb4a8af";"581a44befca61d146e1ca583e79213a618d0bc07fc001dc9565e5e2d0100d4d8";"cd259da2911f0616734ef50ee2719f535704506e7b59bceb5039cb9e2ee5c229";"3b8b125761e2bcf7c6f0e5c7bef1aa00d26d5853d57883a0e0e98fd50b4b71e6";"7d7178150e2b91768f9ba95b86fb0aab84f02bf8";"314e65771523065a36f1e5781cc18977dbb0fbb2";"15";"15";"9c8f1e64b3f517cd149e9c8b1c3bc9f26e829cd3e8b12c9eaf11c7b261f5805a"
"issue13-v5-diagnostic-module-bridge/1";"bridge-17d37eaacc40606673c99e8a";"_anomalies.csv";"wiodr13";"wiodr13";"sea_countries";"compensation.empe_ls.r.pc";"after_country_aggregation";"5";"preserve_all_missing";"";"NA";"wiodr13_v1";"";"";"sea_countries.R";"aggregation.direct";"aggregation.direct";"replace";"run-20260823T211620845Z-e43e6054a0a727e1";"0c535c619116a0b510581d50b372598a805256a85a8f1267c4fdafd65362bb5a";"cd259da2911f0616734ef50ee2719f535704506e7b59bceb5039cb9e2ee5c229";"3b8b125761e2bcf7c6f0e5c7bef1aa00d26d5853d57883a0e0e98fd50b4b71e6";"cc2c86189a06676bcb9f0e05e08033d710a92509";"0cb1142cdadd74bf95272010f5393ebe2af79f47";"run-20260824T045318395Z-868f3a008fb4a8af";"581a44befca61d146e1ca583e79213a618d0bc07fc001dc9565e5e2d0100d4d8";"cd259da2911f0616734ef50ee2719f535704506e7b59bceb5039cb9e2ee5c229";"3b8b125761e2bcf7c6f0e5c7bef1aa00d26d5853d57883a0e0e98fd50b4b71e6";"7d7178150e2b91768f9ba95b86fb0aab84f02bf8";"314e65771523065a36f1e5781cc18977dbb0fbb2";"525";"525";"17d37eaacc40606673c99e8a17b7a6d340ea6993a515bc3b21623899df999fb3"
"issue13-v5-diagnostic-module-bridge/1";"bridge-47be7ad4d62a6cfeadc4c6d5";"_anomalies.csv";"wiodr13";"wiodr13";"sea_countries";"compensation.empe_ls.r.pc";"after_world_aggregation";"5";"aggregate_available";"";"NA";"wiodr13_v1";"";"";"sea_countries.R";"aggregation.direct";"aggregation.direct";"replace";"run-20260823T211620845Z-e43e6054a0a727e1";"0c535c619116a0b510581d50b372598a805256a85a8f1267c4fdafd65362bb5a";"cd259da2911f0616734ef50ee2719f535704506e7b59bceb5039cb9e2ee5c229";"3b8b125761e2bcf7c6f0e5c7bef1aa00d26d5853d57883a0e0e98fd50b4b71e6";"cc2c86189a06676bcb9f0e05e08033d710a92509";"0cb1142cdadd74bf95272010f5393ebe2af79f47";"run-20260824T045318395Z-868f3a008fb4a8af";"581a44befca61d146e1ca583e79213a618d0bc07fc001dc9565e5e2d0100d4d8";"cd259da2911f0616734ef50ee2719f535704506e7b59bceb5039cb9e2ee5c229";"3b8b125761e2bcf7c6f0e5c7bef1aa00d26d5853d57883a0e0e98fd50b4b71e6";"7d7178150e2b91768f9ba95b86fb0aab84f02bf8";"314e65771523065a36f1e5781cc18977dbb0fbb2";"15";"15";"47be7ad4d62a6cfeadc4c6d5bc9c82b863a059516ed95784cc6986595611666a"
"issue13-v5-diagnostic-module-bridge/1";"bridge-2dc6f015bc22629f73dfb384";"_anomalies.csv";"wiodr13";"wiodr13";"sea_countries";"compensation.empe_ms.r.pc";"after_country_aggregation";"5";"preserve_all_missing";"";"NA";"wiodr13_v1";"";"";"sea_countries.R";"aggregation.direct";"aggregation.direct";"replace";"run-20260823T211620845Z-e43e6054a0a727e1";"0c535c619116a0b510581d50b372598a805256a85a8f1267c4fdafd65362bb5a";"cd259da2911f0616734ef50ee2719f535704506e7b59bceb5039cb9e2ee5c229";"3b8b125761e2bcf7c6f0e5c7bef1aa00d26d5853d57883a0e0e98fd50b4b71e6";"cc2c86189a06676bcb9f0e05e08033d710a92509";"0cb1142cdadd74bf95272010f5393ebe2af79f47";"run-20260824T045318395Z-868f3a008fb4a8af";"581a44befca61d146e1ca583e79213a618d0bc07fc001dc9565e5e2d0100d4d8";"cd259da2911f0616734ef50ee2719f535704506e7b59bceb5039cb9e2ee5c229";"3b8b125761e2bcf7c6f0e5c7bef1aa00d26d5853d57883a0e0e98fd50b4b71e6";"7d7178150e2b91768f9ba95b86fb0aab84f02bf8";"314e65771523065a36f1e5781cc18977dbb0fbb2";"525";"525";"2dc6f015bc22629f73dfb3841a3923cf198ffbddd679d5700ac532b4bd2c03b5"
"issue13-v5-diagnostic-module-bridge/1";"bridge-fdb84fa832c316b647816d05";"_anomalies.csv";"wiodr13";"wiodr13";"sea_countries";"compensation.empe_ms.r.pc";"after_world_aggregation";"5";"aggregate_available";"";"NA";"wiodr13_v1";"";"";"sea_countries.R";"aggregation.direct";"aggregation.direct";"replace";"run-20260823T211620845Z-e43e6054a0a727e1";"0c535c619116a0b510581d50b372598a805256a85a8f1267c4fdafd65362bb5a";"cd259da2911f0616734ef50ee2719f535704506e7b59bceb5039cb9e2ee5c229";"3b8b125761e2bcf7c6f0e5c7bef1aa00d26d5853d57883a0e0e98fd50b4b71e6";"cc2c86189a06676bcb9f0e05e08033d710a92509";"0cb1142cdadd74bf95272010f5393ebe2af79f47";"run-20260824T045318395Z-868f3a008fb4a8af";"581a44befca61d146e1ca583e79213a618d0bc07fc001dc9565e5e2d0100d4d8";"cd259da2911f0616734ef50ee2719f535704506e7b59bceb5039cb9e2ee5c229";"3b8b125761e2bcf7c6f0e5c7bef1aa00d26d5853d57883a0e0e98fd50b4b71e6";"7d7178150e2b91768f9ba95b86fb0aab84f02bf8";"314e65771523065a36f1e5781cc18977dbb0fbb2";"15";"15";"fdb84fa832c316b647816d058c0a16c97520ed181791865a12814a51e293f8c2"
"issue13-v5-diagnostic-module-bridge/1";"bridge-7babc76eb7fb90a6bf710b7c";"_anomalies.csv";"wiodr13";"wiodr13";"sea_countries";"complex_labour_multiplier.empe.r.un";"after_country_aggregation";"5";"preserve_all_missing";"";"NA";"wiodr13_v1";"";"";"sea_countries.R";"aggregation.direct";"aggregation.direct";"replace";"run-20260823T211620845Z-e43e6054a0a727e1";"0c535c619116a0b510581d50b372598a805256a85a8f1267c4fdafd65362bb5a";"cd259da2911f0616734ef50ee2719f535704506e7b59bceb5039cb9e2ee5c229";"3b8b125761e2bcf7c6f0e5c7bef1aa00d26d5853d57883a0e0e98fd50b4b71e6";"cc2c86189a06676bcb9f0e05e08033d710a92509";"0cb1142cdadd74bf95272010f5393ebe2af79f47";"run-20260824T045318395Z-868f3a008fb4a8af";"581a44befca61d146e1ca583e79213a618d0bc07fc001dc9565e5e2d0100d4d8";"cd259da2911f0616734ef50ee2719f535704506e7b59bceb5039cb9e2ee5c229";"3b8b125761e2bcf7c6f0e5c7bef1aa00d26d5853d57883a0e0e98fd50b4b71e6";"7d7178150e2b91768f9ba95b86fb0aab84f02bf8";"314e65771523065a36f1e5781cc18977dbb0fbb2";"525";"525";"7babc76eb7fb90a6bf710b7cb01be230f445d07c873bdd4ae8f885c368986ef9"
"issue13-v5-diagnostic-module-bridge/1";"bridge-b7636e82a3028c9837f4ce6f";"_anomalies.csv";"wiodr13";"wiodr13";"sea_countries";"complex_labour_multiplier.empe.r.un";"after_world_aggregation";"5";"aggregate_available";"";"NA";"wiodr13_v1";"";"";"sea_countries.R";"aggregation.direct";"aggregation.direct";"replace";"run-20260823T211620845Z-e43e6054a0a727e1";"0c535c619116a0b510581d50b372598a805256a85a8f1267c4fdafd65362bb5a";"cd259da2911f0616734ef50ee2719f535704506e7b59bceb5039cb9e2ee5c229";"3b8b125761e2bcf7c6f0e5c7bef1aa00d26d5853d57883a0e0e98fd50b4b71e6";"cc2c86189a06676bcb9f0e05e08033d710a92509";"0cb1142cdadd74bf95272010f5393ebe2af79f47";"run-20260824T045318395Z-868f3a008fb4a8af";"581a44befca61d146e1ca583e79213a618d0bc07fc001dc9565e5e2d0100d4d8";"cd259da2911f0616734ef50ee2719f535704506e7b59bceb5039cb9e2ee5c229";"3b8b125761e2bcf7c6f0e5c7bef1aa00d26d5853d57883a0e0e98fd50b4b71e6";"7d7178150e2b91768f9ba95b86fb0aab84f02bf8";"314e65771523065a36f1e5781cc18977dbb0fbb2";"15";"15";"b7636e82a3028c9837f4ce6f7feb7688e6c57ccae0d710a48c10794346a04659"
"issue13-v5-diagnostic-module-bridge/1";"bridge-5ea0f4e7a02a2ee680b36b9a";"_anomalies.csv";"wiodr13";"wiodr13";"sea_countries";"empe.s.un";"after_country_aggregation";"5";"preserve_all_missing";"";"NA";"wiodr13_v1";"";"";"sea_countries.R";"aggregation.direct";"aggregation.direct";"replace";"run-20260823T211620845Z-e43e6054a0a727e1";"0c535c619116a0b510581d50b372598a805256a85a8f1267c4fdafd65362bb5a";"cd259da2911f0616734ef50ee2719f535704506e7b59bceb5039cb9e2ee5c229";"3b8b125761e2bcf7c6f0e5c7bef1aa00d26d5853d57883a0e0e98fd50b4b71e6";"cc2c86189a06676bcb9f0e05e08033d710a92509";"0cb1142cdadd74bf95272010f5393ebe2af79f47";"run-20260824T045318395Z-868f3a008fb4a8af";"581a44befca61d146e1ca583e79213a618d0bc07fc001dc9565e5e2d0100d4d8";"cd259da2911f0616734ef50ee2719f535704506e7b59bceb5039cb9e2ee5c229";"3b8b125761e2bcf7c6f0e5c7bef1aa00d26d5853d57883a0e0e98fd50b4b71e6";"7d7178150e2b91768f9ba95b86fb0aab84f02bf8";"314e65771523065a36f1e5781cc18977dbb0fbb2";"525";"525";"5ea0f4e7a02a2ee680b36b9adca8edf3f9b7e871dd65fd8bb93c396139153770"
"issue13-v5-diagnostic-module-bridge/1";"bridge-e55800dc12d2a44f426fae35";"_anomalies.csv";"wiodr13";"wiodr13";"sea_countries";"empe.s.un";"after_world_aggregation";"5";"aggregate_available";"";"NA";"wiodr13_v1";"";"";"sea_countries.R";"aggregation.direct";"aggregation.direct";"replace";"run-20260823T211620845Z-e43e6054a0a727e1";"0c535c619116a0b510581d50b372598a805256a85a8f1267c4fdafd65362bb5a";"cd259da2911f0616734ef50ee2719f535704506e7b59bceb5039cb9e2ee5c229";"3b8b125761e2bcf7c6f0e5c7bef1aa00d26d5853d57883a0e0e98fd50b4b71e6";"cc2c86189a06676bcb9f0e05e08033d710a92509";"0cb1142cdadd74bf95272010f5393ebe2af79f47";"run-20260824T045318395Z-868f3a008fb4a8af";"581a44befca61d146e1ca583e79213a618d0bc07fc001dc9565e5e2d0100d4d8";"cd259da2911f0616734ef50ee2719f535704506e7b59bceb5039cb9e2ee5c229";"3b8b125761e2bcf7c6f0e5c7bef1aa00d26d5853d57883a0e0e98fd50b4b71e6";"7d7178150e2b91768f9ba95b86fb0aab84f02bf8";"314e65771523065a36f1e5781cc18977dbb0fbb2";"15";"15";"e55800dc12d2a44f426fae35f847244c74c19d38170a50961fc4751cb8791792"
"issue13-v5-diagnostic-module-bridge/1";"bridge-276c16e64616bc0fe73f90cc";"_anomalies.csv";"wiodr13";"wiodr13";"sea_countries";"exchange.r.us";"after_country_aggregation";"5";"preserve_all_missing";"";"NA";"wiodr13_v1";"";"";"sea_countries.R";"aggregation.direct";"aggregation.direct";"replace";"run-20260823T211620845Z-e43e6054a0a727e1";"0c535c619116a0b510581d50b372598a805256a85a8f1267c4fdafd65362bb5a";"cd259da2911f0616734ef50ee2719f535704506e7b59bceb5039cb9e2ee5c229";"3b8b125761e2bcf7c6f0e5c7bef1aa00d26d5853d57883a0e0e98fd50b4b71e6";"cc2c86189a06676bcb9f0e05e08033d710a92509";"0cb1142cdadd74bf95272010f5393ebe2af79f47";"run-20260824T045318395Z-868f3a008fb4a8af";"581a44befca61d146e1ca583e79213a618d0bc07fc001dc9565e5e2d0100d4d8";"cd259da2911f0616734ef50ee2719f535704506e7b59bceb5039cb9e2ee5c229";"3b8b125761e2bcf7c6f0e5c7bef1aa00d26d5853d57883a0e0e98fd50b4b71e6";"7d7178150e2b91768f9ba95b86fb0aab84f02bf8";"314e65771523065a36f1e5781cc18977dbb0fbb2";"525";"525";"276c16e64616bc0fe73f90cc0cac957c3b1bb9198fb23b678d3f1aac03bd82e2"
"issue13-v5-diagnostic-module-bridge/1";"bridge-e9a268cdf6757282e4fee9c7";"_anomalies.csv";"wiodr13";"wiodr13";"sea_countries";"go_price.r.id";"after_country_aggregation";"5";"aggregate_available";"";"NA";"wiodr13_v1";"";"";"sea_countries.R";"aggregation.direct";"aggregation.direct";"replace";"run-20260823T211620845Z-e43e6054a0a727e1";"0c535c619116a0b510581d50b372598a805256a85a8f1267c4fdafd65362bb5a";"cd259da2911f0616734ef50ee2719f535704506e7b59bceb5039cb9e2ee5c229";"3b8b125761e2bcf7c6f0e5c7bef1aa00d26d5853d57883a0e0e98fd50b4b71e6";"cc2c86189a06676bcb9f0e05e08033d710a92509";"0cb1142cdadd74bf95272010f5393ebe2af79f47";"run-20260824T045318395Z-868f3a008fb4a8af";"581a44befca61d146e1ca583e79213a618d0bc07fc001dc9565e5e2d0100d4d8";"cd259da2911f0616734ef50ee2719f535704506e7b59bceb5039cb9e2ee5c229";"3b8b125761e2bcf7c6f0e5c7bef1aa00d26d5853d57883a0e0e98fd50b4b71e6";"7d7178150e2b91768f9ba95b86fb0aab84f02bf8";"314e65771523065a36f1e5781cc18977dbb0fbb2";"240";"240";"e9a268cdf6757282e4fee9c7a86da6f42b439461a706de3280c4747d747cb181"
"issue13-v5-diagnostic-module-bridge/1";"bridge-2796193515593e7d23d7bc40";"_anomalies.csv";"wiodr13";"wiodr13";"sea_countries";"hours_worked.empe.s.hr";"after_country_aggregation";"5";"preserve_all_missing";"";"NA";"wiodr13_v1";"";"";"sea_countries.R";"aggregation.direct";"aggregation.direct";"replace";"run-20260823T211620845Z-e43e6054a0a727e1";"0c535c619116a0b510581d50b372598a805256a85a8f1267c4fdafd65362bb5a";"cd259da2911f0616734ef50ee2719f535704506e7b59bceb5039cb9e2ee5c229";"3b8b125761e2bcf7c6f0e5c7bef1aa00d26d5853d57883a0e0e98fd50b4b71e6";"cc2c86189a06676bcb9f0e05e08033d710a92509";"0cb1142cdadd74bf95272010f5393ebe2af79f47";"run-20260824T045318395Z-868f3a008fb4a8af";"581a44befca61d146e1ca583e79213a618d0bc07fc001dc9565e5e2d0100d4d8";"cd259da2911f0616734ef50ee2719f535704506e7b59bceb5039cb9e2ee5c229";"3b8b125761e2bcf7c6f0e5c7bef1aa00d26d5853d57883a0e0e98fd50b4b71e6";"7d7178150e2b91768f9ba95b86fb0aab84f02bf8";"314e65771523065a36f1e5781cc18977dbb0fbb2";"525";"525";"2796193515593e7d23d7bc406ea672fb3abdf3cfe46072076cdfba7f7ff048e6"
"issue13-v5-diagnostic-module-bridge/1";"bridge-f2f3a8d46440f085938da3ec";"_anomalies.csv";"wiodr13";"wiodr13";"sea_countries";"hours_worked.empe.s.hr";"after_world_aggregation";"5";"aggregate_available";"";"NA";"wiodr13_v1";"";"";"sea_countries.R";"aggregation.direct";"aggregation.direct";"replace";"run-20260823T211620845Z-e43e6054a0a727e1";"0c535c619116a0b510581d50b372598a805256a85a8f1267c4fdafd65362bb5a";"cd259da2911f0616734ef50ee2719f535704506e7b59bceb5039cb9e2ee5c229";"3b8b125761e2bcf7c6f0e5c7bef1aa00d26d5853d57883a0e0e98fd50b4b71e6";"cc2c86189a06676bcb9f0e05e08033d710a92509";"0cb1142cdadd74bf95272010f5393ebe2af79f47";"run-20260824T045318395Z-868f3a008fb4a8af";"581a44befca61d146e1ca583e79213a618d0bc07fc001dc9565e5e2d0100d4d8";"cd259da2911f0616734ef50ee2719f535704506e7b59bceb5039cb9e2ee5c229";"3b8b125761e2bcf7c6f0e5c7bef1aa00d26d5853d57883a0e0e98fd50b4b71e6";"7d7178150e2b91768f9ba95b86fb0aab84f02bf8";"314e65771523065a36f1e5781cc18977dbb0fbb2";"15";"15";"f2f3a8d46440f085938da3ec4f2306ce6c1c01e6a79ee24dd746670aad2c2013"
"issue13-v5-diagnostic-module-bridge/1";"bridge-e2aa52fb1d4704aa61bbcd33";"_anomalies.csv";"wiodr13";"wiodr13";"sea_countries";"hours_worked.empe_hs.r.pc";"after_country_aggregation";"5";"preserve_all_missing";"";"NA";"wiodr13_v1";"";"";"sea_countries.R";"aggregation.direct";"aggregation.direct";"replace";"run-20260823T211620845Z-e43e6054a0a727e1";"0c535c619116a0b510581d50b372598a805256a85a8f1267c4fdafd65362bb5a";"cd259da2911f0616734ef50ee2719f535704506e7b59bceb5039cb9e2ee5c229";"3b8b125761e2bcf7c6f0e5c7bef1aa00d26d5853d57883a0e0e98fd50b4b71e6";"cc2c86189a06676bcb9f0e05e08033d710a92509";"0cb1142cdadd74bf95272010f5393ebe2af79f47";"run-20260824T045318395Z-868f3a008fb4a8af";"581a44befca61d146e1ca583e79213a618d0bc07fc001dc9565e5e2d0100d4d8";"cd259da2911f0616734ef50ee2719f535704506e7b59bceb5039cb9e2ee5c229";"3b8b125761e2bcf7c6f0e5c7bef1aa00d26d5853d57883a0e0e98fd50b4b71e6";"7d7178150e2b91768f9ba95b86fb0aab84f02bf8";"314e65771523065a36f1e5781cc18977dbb0fbb2";"525";"525";"e2aa52fb1d4704aa61bbcd330d151926cbcb71637d9766c8a79ecc6c935d15c0"
"issue13-v5-diagnostic-module-bridge/1";"bridge-15c70303a331385ab81fa2d1";"_anomalies.csv";"wiodr13";"wiodr13";"sea_countries";"hours_worked.empe_hs.r.pc";"after_world_aggregation";"5";"aggregate_available";"";"NA";"wiodr13_v1";"";"";"sea_countries.R";"aggregation.direct";"aggregation.direct";"replace";"run-20260823T211620845Z-e43e6054a0a727e1";"0c535c619116a0b510581d50b372598a805256a85a8f1267c4fdafd65362bb5a";"cd259da2911f0616734ef50ee2719f535704506e7b59bceb5039cb9e2ee5c229";"3b8b125761e2bcf7c6f0e5c7bef1aa00d26d5853d57883a0e0e98fd50b4b71e6";"cc2c86189a06676bcb9f0e05e08033d710a92509";"0cb1142cdadd74bf95272010f5393ebe2af79f47";"run-20260824T045318395Z-868f3a008fb4a8af";"581a44befca61d146e1ca583e79213a618d0bc07fc001dc9565e5e2d0100d4d8";"cd259da2911f0616734ef50ee2719f535704506e7b59bceb5039cb9e2ee5c229";"3b8b125761e2bcf7c6f0e5c7bef1aa00d26d5853d57883a0e0e98fd50b4b71e6";"7d7178150e2b91768f9ba95b86fb0aab84f02bf8";"314e65771523065a36f1e5781cc18977dbb0fbb2";"15";"15";"15c70303a331385ab81fa2d1cc0c6445a4903332377f6fda03f72acf284b5c97"
"issue13-v5-diagnostic-module-bridge/1";"bridge-b957d12cdfff71407563a20d";"_anomalies.csv";"wiodr13";"wiodr13";"sea_countries";"hours_worked.empe_ls.r.pc";"after_country_aggregation";"5";"preserve_all_missing";"";"NA";"wiodr13_v1";"";"";"sea_countries.R";"aggregation.direct";"aggregation.direct";"replace";"run-20260823T211620845Z-e43e6054a0a727e1";"0c535c619116a0b510581d50b372598a805256a85a8f1267c4fdafd65362bb5a";"cd259da2911f0616734ef50ee2719f535704506e7b59bceb5039cb9e2ee5c229";"3b8b125761e2bcf7c6f0e5c7bef1aa00d26d5853d57883a0e0e98fd50b4b71e6";"cc2c86189a06676bcb9f0e05e08033d710a92509";"0cb1142cdadd74bf95272010f5393ebe2af79f47";"run-20260824T045318395Z-868f3a008fb4a8af";"581a44befca61d146e1ca583e79213a618d0bc07fc001dc9565e5e2d0100d4d8";"cd259da2911f0616734ef50ee2719f535704506e7b59bceb5039cb9e2ee5c229";"3b8b125761e2bcf7c6f0e5c7bef1aa00d26d5853d57883a0e0e98fd50b4b71e6";"7d7178150e2b91768f9ba95b86fb0aab84f02bf8";"314e65771523065a36f1e5781cc18977dbb0fbb2";"525";"525";"b957d12cdfff71407563a20dadd2f7a8a08b04044a094358f48d980c914a5e49"
"issue13-v5-diagnostic-module-bridge/1";"bridge-464a572675f300a765a0ab09";"_anomalies.csv";"wiodr13";"wiodr13";"sea_countries";"hours_worked.empe_ls.r.pc";"after_world_aggregation";"5";"aggregate_available";"";"NA";"wiodr13_v1";"";"";"sea_countries.R";"aggregation.direct";"aggregation.direct";"replace";"run-20260823T211620845Z-e43e6054a0a727e1";"0c535c619116a0b510581d50b372598a805256a85a8f1267c4fdafd65362bb5a";"cd259da2911f0616734ef50ee2719f535704506e7b59bceb5039cb9e2ee5c229";"3b8b125761e2bcf7c6f0e5c7bef1aa00d26d5853d57883a0e0e98fd50b4b71e6";"cc2c86189a06676bcb9f0e05e08033d710a92509";"0cb1142cdadd74bf95272010f5393ebe2af79f47";"run-20260824T045318395Z-868f3a008fb4a8af";"581a44befca61d146e1ca583e79213a618d0bc07fc001dc9565e5e2d0100d4d8";"cd259da2911f0616734ef50ee2719f535704506e7b59bceb5039cb9e2ee5c229";"3b8b125761e2bcf7c6f0e5c7bef1aa00d26d5853d57883a0e0e98fd50b4b71e6";"7d7178150e2b91768f9ba95b86fb0aab84f02bf8";"314e65771523065a36f1e5781cc18977dbb0fbb2";"15";"15";"464a572675f300a765a0ab0956062745fe5c8832fbf34857b3ceb6c0dfb7b1de"
"issue13-v5-diagnostic-module-bridge/1";"bridge-7becf4f5a8d16208847667b3";"_anomalies.csv";"wiodr13";"wiodr13";"sea_countries";"hours_worked.empe_ms.r.pc";"after_country_aggregation";"5";"preserve_all_missing";"";"NA";"wiodr13_v1";"";"";"sea_countries.R";"aggregation.direct";"aggregation.direct";"replace";"run-20260823T211620845Z-e43e6054a0a727e1";"0c535c619116a0b510581d50b372598a805256a85a8f1267c4fdafd65362bb5a";"cd259da2911f0616734ef50ee2719f535704506e7b59bceb5039cb9e2ee5c229";"3b8b125761e2bcf7c6f0e5c7bef1aa00d26d5853d57883a0e0e98fd50b4b71e6";"cc2c86189a06676bcb9f0e05e08033d710a92509";"0cb1142cdadd74bf95272010f5393ebe2af79f47";"run-20260824T045318395Z-868f3a008fb4a8af";"581a44befca61d146e1ca583e79213a618d0bc07fc001dc9565e5e2d0100d4d8";"cd259da2911f0616734ef50ee2719f535704506e7b59bceb5039cb9e2ee5c229";"3b8b125761e2bcf7c6f0e5c7bef1aa00d26d5853d57883a0e0e98fd50b4b71e6";"7d7178150e2b91768f9ba95b86fb0aab84f02bf8";"314e65771523065a36f1e5781cc18977dbb0fbb2";"525";"525";"7becf4f5a8d16208847667b3ac30383df3d0fd56cbe426e574b686955abcc3aa"
"issue13-v5-diagnostic-module-bridge/1";"bridge-5dc9ba6dd826b08e9b2eba94";"_anomalies.csv";"wiodr13";"wiodr13";"sea_countries";"hours_worked.empe_ms.r.pc";"after_world_aggregation";"5";"aggregate_available";"";"NA";"wiodr13_v1";"";"";"sea_countries.R";"aggregation.direct";"aggregation.direct";"replace";"run-20260823T211620845Z-e43e6054a0a727e1";"0c535c619116a0b510581d50b372598a805256a85a8f1267c4fdafd65362bb5a";"cd259da2911f0616734ef50ee2719f535704506e7b59bceb5039cb9e2ee5c229";"3b8b125761e2bcf7c6f0e5c7bef1aa00d26d5853d57883a0e0e98fd50b4b71e6";"cc2c86189a06676bcb9f0e05e08033d710a92509";"0cb1142cdadd74bf95272010f5393ebe2af79f47";"run-20260824T045318395Z-868f3a008fb4a8af";"581a44befca61d146e1ca583e79213a618d0bc07fc001dc9565e5e2d0100d4d8";"cd259da2911f0616734ef50ee2719f535704506e7b59bceb5039cb9e2ee5c229";"3b8b125761e2bcf7c6f0e5c7bef1aa00d26d5853d57883a0e0e98fd50b4b71e6";"7d7178150e2b91768f9ba95b86fb0aab84f02bf8";"314e65771523065a36f1e5781cc18977dbb0fbb2";"15";"15";"5dc9ba6dd826b08e9b2eba94b0eaaa4996cd55a89f08badb8f42f872b1c39cb3"
"issue13-v5-diagnostic-module-bridge/1";"bridge-e77f802d6f49d6fb37832235";"_anomalies.csv";"wiodr13";"wiodr13";"sea_countries";"labour_force_value.emp.s.mv";"after_country_aggregation";"5";"preserve_all_missing";"";"NA";"wiodr13_v1";"";"";"sea_countries.R";"aggregation.direct";"aggregation.direct";"replace";"run-20260823T211620845Z-e43e6054a0a727e1";"0c535c619116a0b510581d50b372598a805256a85a8f1267c4fdafd65362bb5a";"cd259da2911f0616734ef50ee2719f535704506e7b59bceb5039cb9e2ee5c229";"3b8b125761e2bcf7c6f0e5c7bef1aa00d26d5853d57883a0e0e98fd50b4b71e6";"cc2c86189a06676bcb9f0e05e08033d710a92509";"0cb1142cdadd74bf95272010f5393ebe2af79f47";"run-20260824T045318395Z-868f3a008fb4a8af";"581a44befca61d146e1ca583e79213a618d0bc07fc001dc9565e5e2d0100d4d8";"cd259da2911f0616734ef50ee2719f535704506e7b59bceb5039cb9e2ee5c229";"3b8b125761e2bcf7c6f0e5c7bef1aa00d26d5853d57883a0e0e98fd50b4b71e6";"7d7178150e2b91768f9ba95b86fb0aab84f02bf8";"314e65771523065a36f1e5781cc18977dbb0fbb2";"525";"525";"e77f802d6f49d6fb378322354774f347938f438b58c3f34550c3bf6bed0a1e96"
"issue13-v5-diagnostic-module-bridge/1";"bridge-dd7ee99bbf436654e9daf8b4";"_anomalies.csv";"wiodr13";"wiodr13";"sea_countries";"labour_force_value.emp.s.mv";"after_world_aggregation";"5";"aggregate_available";"";"NA";"wiodr13_v1";"";"";"sea_countries.R";"aggregation.direct";"aggregation.direct";"replace";"run-20260823T211620845Z-e43e6054a0a727e1";"0c535c619116a0b510581d50b372598a805256a85a8f1267c4fdafd65362bb5a";"cd259da2911f0616734ef50ee2719f535704506e7b59bceb5039cb9e2ee5c229";"3b8b125761e2bcf7c6f0e5c7bef1aa00d26d5853d57883a0e0e98fd50b4b71e6";"cc2c86189a06676bcb9f0e05e08033d710a92509";"0cb1142cdadd74bf95272010f5393ebe2af79f47";"run-20260824T045318395Z-868f3a008fb4a8af";"581a44befca61d146e1ca583e79213a618d0bc07fc001dc9565e5e2d0100d4d8";"cd259da2911f0616734ef50ee2719f535704506e7b59bceb5039cb9e2ee5c229";"3b8b125761e2bcf7c6f0e5c7bef1aa00d26d5853d57883a0e0e98fd50b4b71e6";"7d7178150e2b91768f9ba95b86fb0aab84f02bf8";"314e65771523065a36f1e5781cc18977dbb0fbb2";"15";"15";"dd7ee99bbf436654e9daf8b445c6798c53ee7b120c064e39b536db3cb2f674e0"
"issue13-v5-diagnostic-module-bridge/1";"bridge-ef8c15253e62c44a1f7cf7e4";"_anomalies.csv";"wiodr13";"wiodr13";"sea_countries";"labour_force_value.s.mv";"after_country_aggregation";"5";"preserve_all_missing";"";"NA";"wiodr13_v1";"";"";"sea_countries.R";"aggregation.direct";"aggregation.direct";"replace";"run-20260823T211620845Z-e43e6054a0a727e1";"0c535c619116a0b510581d50b372598a805256a85a8f1267c4fdafd65362bb5a";"cd259da2911f0616734ef50ee2719f535704506e7b59bceb5039cb9e2ee5c229";"3b8b125761e2bcf7c6f0e5c7bef1aa00d26d5853d57883a0e0e98fd50b4b71e6";"cc2c86189a06676bcb9f0e05e08033d710a92509";"0cb1142cdadd74bf95272010f5393ebe2af79f47";"run-20260824T045318395Z-868f3a008fb4a8af";"581a44befca61d146e1ca583e79213a618d0bc07fc001dc9565e5e2d0100d4d8";"cd259da2911f0616734ef50ee2719f535704506e7b59bceb5039cb9e2ee5c229";"3b8b125761e2bcf7c6f0e5c7bef1aa00d26d5853d57883a0e0e98fd50b4b71e6";"7d7178150e2b91768f9ba95b86fb0aab84f02bf8";"314e65771523065a36f1e5781cc18977dbb0fbb2";"525";"525";"ef8c15253e62c44a1f7cf7e49ec371e69e8e88ac53b40d1ca951c1c1a3fe7978"
"issue13-v5-diagnostic-module-bridge/1";"bridge-6f7ec05817f44f6bca20e04e";"_anomalies.csv";"wiodr13";"wiodr13";"sea_countries";"labour_force_value.s.mv";"after_world_aggregation";"5";"aggregate_available";"";"NA";"wiodr13_v1";"";"";"sea_countries.R";"aggregation.direct";"aggregation.direct";"replace";"run-20260823T211620845Z-e43e6054a0a727e1";"0c535c619116a0b510581d50b372598a805256a85a8f1267c4fdafd65362bb5a";"cd259da2911f0616734ef50ee2719f535704506e7b59bceb5039cb9e2ee5c229";"3b8b125761e2bcf7c6f0e5c7bef1aa00d26d5853d57883a0e0e98fd50b4b71e6";"cc2c86189a06676bcb9f0e05e08033d710a92509";"0cb1142cdadd74bf95272010f5393ebe2af79f47";"run-20260824T045318395Z-868f3a008fb4a8af";"581a44befca61d146e1ca583e79213a618d0bc07fc001dc9565e5e2d0100d4d8";"cd259da2911f0616734ef50ee2719f535704506e7b59bceb5039cb9e2ee5c229";"3b8b125761e2bcf7c6f0e5c7bef1aa00d26d5853d57883a0e0e98fd50b4b71e6";"7d7178150e2b91768f9ba95b86fb0aab84f02bf8";"314e65771523065a36f1e5781cc18977dbb0fbb2";"15";"15";"6f7ec05817f44f6bca20e04e30fe294f8a00a7f740f6b9bd0d3a017ba304a74a"
"issue13-v5-diagnostic-module-bridge/1";"bridge-d7d9e8d0bdf17b25a014c0cf";"_anomalies.csv";"wiodr13";"wiodr13";"sea_countries";"profit.s.us";"after_country_aggregation";"5";"preserve_all_missing";"";"NA";"wiodr13_v1";"";"";"sea_countries.R";"aggregation.direct";"aggregation.direct";"replace";"run-20260823T211620845Z-e43e6054a0a727e1";"0c535c619116a0b510581d50b372598a805256a85a8f1267c4fdafd65362bb5a";"cd259da2911f0616734ef50ee2719f535704506e7b59bceb5039cb9e2ee5c229";"3b8b125761e2bcf7c6f0e5c7bef1aa00d26d5853d57883a0e0e98fd50b4b71e6";"cc2c86189a06676bcb9f0e05e08033d710a92509";"0cb1142cdadd74bf95272010f5393ebe2af79f47";"run-20260824T045318395Z-868f3a008fb4a8af";"581a44befca61d146e1ca583e79213a618d0bc07fc001dc9565e5e2d0100d4d8";"cd259da2911f0616734ef50ee2719f535704506e7b59bceb5039cb9e2ee5c229";"3b8b125761e2bcf7c6f0e5c7bef1aa00d26d5853d57883a0e0e98fd50b4b71e6";"7d7178150e2b91768f9ba95b86fb0aab84f02bf8";"314e65771523065a36f1e5781cc18977dbb0fbb2";"525";"525";"d7d9e8d0bdf17b25a014c0cf66659493fdb47107c9757752b26e2b30e2c18dfa"
"issue13-v5-diagnostic-module-bridge/1";"bridge-7392c4846e40cc01a01cbe92";"_anomalies.csv";"wiodr13";"wiodr13";"sea_countries";"profit.s.us";"after_world_aggregation";"5";"aggregate_available";"";"NA";"wiodr13_v1";"";"";"sea_countries.R";"aggregation.direct";"aggregation.direct";"replace";"run-20260823T211620845Z-e43e6054a0a727e1";"0c535c619116a0b510581d50b372598a805256a85a8f1267c4fdafd65362bb5a";"cd259da2911f0616734ef50ee2719f535704506e7b59bceb5039cb9e2ee5c229";"3b8b125761e2bcf7c6f0e5c7bef1aa00d26d5853d57883a0e0e98fd50b4b71e6";"cc2c86189a06676bcb9f0e05e08033d710a92509";"0cb1142cdadd74bf95272010f5393ebe2af79f47";"run-20260824T045318395Z-868f3a008fb4a8af";"581a44befca61d146e1ca583e79213a618d0bc07fc001dc9565e5e2d0100d4d8";"cd259da2911f0616734ef50ee2719f535704506e7b59bceb5039cb9e2ee5c229";"3b8b125761e2bcf7c6f0e5c7bef1aa00d26d5853d57883a0e0e98fd50b4b71e6";"7d7178150e2b91768f9ba95b86fb0aab84f02bf8";"314e65771523065a36f1e5781cc18977dbb0fbb2";"15";"15";"7392c4846e40cc01a01cbe92c82ba90c87cabbcbdcb8ce289bb019285528329a"
"issue13-v5-diagnostic-module-bridge/1";"bridge-e46cd6fcda854041f9874eaf";"_anomalies.csv";"wiodr13";"wiodr13";"sea_countries";"surplus_value.emp_p.r.pc.denominator";"after_country_module";"5";"aggregate_available";"";"NA";"wiodr13_v1";"";"";"common/surplus_value.emp_p.r.pc-country.R";"indicator.surplus_value.emp_p.r.pc";"indicator.surplus_value.emp_p.r.pc";"replace";"run-20260823T211620845Z-e43e6054a0a727e1";"0c535c619116a0b510581d50b372598a805256a85a8f1267c4fdafd65362bb5a";"cd259da2911f0616734ef50ee2719f535704506e7b59bceb5039cb9e2ee5c229";"3b8b125761e2bcf7c6f0e5c7bef1aa00d26d5853d57883a0e0e98fd50b4b71e6";"cc2c86189a06676bcb9f0e05e08033d710a92509";"0cb1142cdadd74bf95272010f5393ebe2af79f47";"run-20260824T045318395Z-868f3a008fb4a8af";"581a44befca61d146e1ca583e79213a618d0bc07fc001dc9565e5e2d0100d4d8";"cd259da2911f0616734ef50ee2719f535704506e7b59bceb5039cb9e2ee5c229";"3b8b125761e2bcf7c6f0e5c7bef1aa00d26d5853d57883a0e0e98fd50b4b71e6";"7d7178150e2b91768f9ba95b86fb0aab84f02bf8";"314e65771523065a36f1e5781cc18977dbb0fbb2";"525";"525";"e46cd6fcda854041f9874eafd8087c950780a12894108e261dc9c2046948e3a0"
"issue13-v5-diagnostic-module-bridge/1";"bridge-e3ff83cfc744b56503d26ea4";"_anomalies.csv";"wiodr13";"wiodr13";"sea_countries";"surplus_value.emp_p.r.pc.denominator";"after_country_module";"5";"preserve_all_missing";"";"NA";"wiodr13_v1";"";"";"common/surplus_value.emp_p.r.pc-country.R";"indicator.surplus_value.emp_p.r.pc";"indicator.surplus_value.emp_p.r.pc";"replace";"run-20260823T211620845Z-e43e6054a0a727e1";"0c535c619116a0b510581d50b372598a805256a85a8f1267c4fdafd65362bb5a";"cd259da2911f0616734ef50ee2719f535704506e7b59bceb5039cb9e2ee5c229";"3b8b125761e2bcf7c6f0e5c7bef1aa00d26d5853d57883a0e0e98fd50b4b71e6";"cc2c86189a06676bcb9f0e05e08033d710a92509";"0cb1142cdadd74bf95272010f5393ebe2af79f47";"run-20260824T045318395Z-868f3a008fb4a8af";"581a44befca61d146e1ca583e79213a618d0bc07fc001dc9565e5e2d0100d4d8";"cd259da2911f0616734ef50ee2719f535704506e7b59bceb5039cb9e2ee5c229";"3b8b125761e2bcf7c6f0e5c7bef1aa00d26d5853d57883a0e0e98fd50b4b71e6";"7d7178150e2b91768f9ba95b86fb0aab84f02bf8";"314e65771523065a36f1e5781cc18977dbb0fbb2";"525";"525";"e3ff83cfc744b56503d26ea43a044305607062eecc19aaa7c88ed8ddc830c182"
"issue13-v5-diagnostic-module-bridge/1";"bridge-a9e666b5fc9cd1165a152d8c";"_anomalies.csv";"wiodr13";"wiodr13";"sea_countries";"surplus_value.emp_p.r.pc.numerator";"after_country_module";"5";"aggregate_available";"";"NA";"wiodr13_v1";"";"";"common/surplus_value.emp_p.r.pc-country.R";"indicator.surplus_value.emp_p.r.pc";"indicator.surplus_value.emp_p.r.pc";"replace";"run-20260823T211620845Z-e43e6054a0a727e1";"0c535c619116a0b510581d50b372598a805256a85a8f1267c4fdafd65362bb5a";"cd259da2911f0616734ef50ee2719f535704506e7b59bceb5039cb9e2ee5c229";"3b8b125761e2bcf7c6f0e5c7bef1aa00d26d5853d57883a0e0e98fd50b4b71e6";"cc2c86189a06676bcb9f0e05e08033d710a92509";"0cb1142cdadd74bf95272010f5393ebe2af79f47";"run-20260824T045318395Z-868f3a008fb4a8af";"581a44befca61d146e1ca583e79213a618d0bc07fc001dc9565e5e2d0100d4d8";"cd259da2911f0616734ef50ee2719f535704506e7b59bceb5039cb9e2ee5c229";"3b8b125761e2bcf7c6f0e5c7bef1aa00d26d5853d57883a0e0e98fd50b4b71e6";"7d7178150e2b91768f9ba95b86fb0aab84f02bf8";"314e65771523065a36f1e5781cc18977dbb0fbb2";"525";"525";"a9e666b5fc9cd1165a152d8c116e62bdd086aed4ea61e047335478d2ec5ca70d"
"issue13-v5-diagnostic-module-bridge/1";"bridge-7db86d63b5f27c91572ffac4";"_anomalies.csv";"wiodr13";"wiodr13";"sea_countries";"surplus_value.emp_p.r.pc.numerator";"after_country_module";"5";"preserve_all_missing";"";"NA";"wiodr13_v1";"";"";"common/surplus_value.emp_p.r.pc-country.R";"indicator.surplus_value.emp_p.r.pc";"indicator.surplus_value.emp_p.r.pc";"replace";"run-20260823T211620845Z-e43e6054a0a727e1";"0c535c619116a0b510581d50b372598a805256a85a8f1267c4fdafd65362bb5a";"cd259da2911f0616734ef50ee2719f535704506e7b59bceb5039cb9e2ee5c229";"3b8b125761e2bcf7c6f0e5c7bef1aa00d26d5853d57883a0e0e98fd50b4b71e6";"cc2c86189a06676bcb9f0e05e08033d710a92509";"0cb1142cdadd74bf95272010f5393ebe2af79f47";"run-20260824T045318395Z-868f3a008fb4a8af";"581a44befca61d146e1ca583e79213a618d0bc07fc001dc9565e5e2d0100d4d8";"cd259da2911f0616734ef50ee2719f535704506e7b59bceb5039cb9e2ee5c229";"3b8b125761e2bcf7c6f0e5c7bef1aa00d26d5853d57883a0e0e98fd50b4b71e6";"7d7178150e2b91768f9ba95b86fb0aab84f02bf8";"314e65771523065a36f1e5781cc18977dbb0fbb2";"525";"525";"7db86d63b5f27c91572ffac43d7be3db3ff7d6f985671ba257c45d4b4d45c793"
"issue13-v5-diagnostic-module-bridge/1";"bridge-4753f605c69849c5fa45ee09";"_anomalies.csv";"wiodr13";"wiodr13";"sea_countries";"surplus_value.empe_hs.r.pc.denominator";"after_country_module";"5";"aggregate_available";"";"NA";"wiodr13_v1";"";"";"wiodr13/surplus_value.empe_hs.r.pc-country.R";"indicator.surplus_value.empe_hs.r.pc";"indicator.surplus_value.empe_hs.r.pc";"replace";"run-20260823T211620845Z-e43e6054a0a727e1";"0c535c619116a0b510581d50b372598a805256a85a8f1267c4fdafd65362bb5a";"cd259da2911f0616734ef50ee2719f535704506e7b59bceb5039cb9e2ee5c229";"3b8b125761e2bcf7c6f0e5c7bef1aa00d26d5853d57883a0e0e98fd50b4b71e6";"cc2c86189a06676bcb9f0e05e08033d710a92509";"0cb1142cdadd74bf95272010f5393ebe2af79f47";"run-20260824T045318395Z-868f3a008fb4a8af";"581a44befca61d146e1ca583e79213a618d0bc07fc001dc9565e5e2d0100d4d8";"cd259da2911f0616734ef50ee2719f535704506e7b59bceb5039cb9e2ee5c229";"3b8b125761e2bcf7c6f0e5c7bef1aa00d26d5853d57883a0e0e98fd50b4b71e6";"7d7178150e2b91768f9ba95b86fb0aab84f02bf8";"314e65771523065a36f1e5781cc18977dbb0fbb2";"525";"525";"4753f605c69849c5fa45ee09c3353c49fd521d097f72711c36895492ec9ab828"
"issue13-v5-diagnostic-module-bridge/1";"bridge-a23244c671a186aa46b41ad1";"_anomalies.csv";"wiodr13";"wiodr13";"sea_countries";"surplus_value.empe_hs.r.pc.denominator";"after_country_module";"5";"preserve_all_missing";"";"NA";"wiodr13_v1";"";"";"wiodr13/surplus_value.empe_hs.r.pc-country.R";"indicator.surplus_value.empe_hs.r.pc";"indicator.surplus_value.empe_hs.r.pc";"replace";"run-20260823T211620845Z-e43e6054a0a727e1";"0c535c619116a0b510581d50b372598a805256a85a8f1267c4fdafd65362bb5a";"cd259da2911f0616734ef50ee2719f535704506e7b59bceb5039cb9e2ee5c229";"3b8b125761e2bcf7c6f0e5c7bef1aa00d26d5853d57883a0e0e98fd50b4b71e6";"cc2c86189a06676bcb9f0e05e08033d710a92509";"0cb1142cdadd74bf95272010f5393ebe2af79f47";"run-20260824T045318395Z-868f3a008fb4a8af";"581a44befca61d146e1ca583e79213a618d0bc07fc001dc9565e5e2d0100d4d8";"cd259da2911f0616734ef50ee2719f535704506e7b59bceb5039cb9e2ee5c229";"3b8b125761e2bcf7c6f0e5c7bef1aa00d26d5853d57883a0e0e98fd50b4b71e6";"7d7178150e2b91768f9ba95b86fb0aab84f02bf8";"314e65771523065a36f1e5781cc18977dbb0fbb2";"525";"525";"a23244c671a186aa46b41ad128fda1fee3ee2e78b07c9a547c1811c03073a7f1"
"issue13-v5-diagnostic-module-bridge/1";"bridge-cbeb48ab1af9974367accf02";"_anomalies.csv";"wiodr13";"wiodr13";"sea_countries";"surplus_value.empe_hs.r.pc.numerator";"after_country_module";"5";"aggregate_available";"";"NA";"wiodr13_v1";"";"";"wiodr13/surplus_value.empe_hs.r.pc-country.R";"indicator.surplus_value.empe_hs.r.pc";"indicator.surplus_value.empe_hs.r.pc";"replace";"run-20260823T211620845Z-e43e6054a0a727e1";"0c535c619116a0b510581d50b372598a805256a85a8f1267c4fdafd65362bb5a";"cd259da2911f0616734ef50ee2719f535704506e7b59bceb5039cb9e2ee5c229";"3b8b125761e2bcf7c6f0e5c7bef1aa00d26d5853d57883a0e0e98fd50b4b71e6";"cc2c86189a06676bcb9f0e05e08033d710a92509";"0cb1142cdadd74bf95272010f5393ebe2af79f47";"run-20260824T045318395Z-868f3a008fb4a8af";"581a44befca61d146e1ca583e79213a618d0bc07fc001dc9565e5e2d0100d4d8";"cd259da2911f0616734ef50ee2719f535704506e7b59bceb5039cb9e2ee5c229";"3b8b125761e2bcf7c6f0e5c7bef1aa00d26d5853d57883a0e0e98fd50b4b71e6";"7d7178150e2b91768f9ba95b86fb0aab84f02bf8";"314e65771523065a36f1e5781cc18977dbb0fbb2";"525";"525";"cbeb48ab1af9974367accf02ce3b5eeaa609a8b0ae845a1526baeccbf99af8e3"
"issue13-v5-diagnostic-module-bridge/1";"bridge-1f35f988a9cc84272adb0b2f";"_anomalies.csv";"wiodr13";"wiodr13";"sea_countries";"surplus_value.empe_hs.r.pc.numerator";"after_country_module";"5";"preserve_all_missing";"";"NA";"wiodr13_v1";"";"";"wiodr13/surplus_value.empe_hs.r.pc-country.R";"indicator.surplus_value.empe_hs.r.pc";"indicator.surplus_value.empe_hs.r.pc";"replace";"run-20260823T211620845Z-e43e6054a0a727e1";"0c535c619116a0b510581d50b372598a805256a85a8f1267c4fdafd65362bb5a";"cd259da2911f0616734ef50ee2719f535704506e7b59bceb5039cb9e2ee5c229";"3b8b125761e2bcf7c6f0e5c7bef1aa00d26d5853d57883a0e0e98fd50b4b71e6";"cc2c86189a06676bcb9f0e05e08033d710a92509";"0cb1142cdadd74bf95272010f5393ebe2af79f47";"run-20260824T045318395Z-868f3a008fb4a8af";"581a44befca61d146e1ca583e79213a618d0bc07fc001dc9565e5e2d0100d4d8";"cd259da2911f0616734ef50ee2719f535704506e7b59bceb5039cb9e2ee5c229";"3b8b125761e2bcf7c6f0e5c7bef1aa00d26d5853d57883a0e0e98fd50b4b71e6";"7d7178150e2b91768f9ba95b86fb0aab84f02bf8";"314e65771523065a36f1e5781cc18977dbb0fbb2";"525";"525";"1f35f988a9cc84272adb0b2f932cb499b8b697006c5ef755d8097fa64268af98"
"issue13-v5-diagnostic-module-bridge/1";"bridge-334bfac794cea893fd65777e";"_anomalies.csv";"wiodr13";"wiodr13";"sea_countries";"surplus_value.empe_ls.r.pc.denominator";"after_country_module";"5";"aggregate_available";"";"NA";"wiodr13_v1";"";"";"wiodr13/surplus_value.empe_ls.r.pc-country.R";"indicator.surplus_value.empe_ls.r.pc";"indicator.surplus_value.empe_ls.r.pc";"replace";"run-20260823T211620845Z-e43e6054a0a727e1";"0c535c619116a0b510581d50b372598a805256a85a8f1267c4fdafd65362bb5a";"cd259da2911f0616734ef50ee2719f535704506e7b59bceb5039cb9e2ee5c229";"3b8b125761e2bcf7c6f0e5c7bef1aa00d26d5853d57883a0e0e98fd50b4b71e6";"cc2c86189a06676bcb9f0e05e08033d710a92509";"0cb1142cdadd74bf95272010f5393ebe2af79f47";"run-20260824T045318395Z-868f3a008fb4a8af";"581a44befca61d146e1ca583e79213a618d0bc07fc001dc9565e5e2d0100d4d8";"cd259da2911f0616734ef50ee2719f535704506e7b59bceb5039cb9e2ee5c229";"3b8b125761e2bcf7c6f0e5c7bef1aa00d26d5853d57883a0e0e98fd50b4b71e6";"7d7178150e2b91768f9ba95b86fb0aab84f02bf8";"314e65771523065a36f1e5781cc18977dbb0fbb2";"525";"525";"334bfac794cea893fd65777e3f1b17993e9f8c2cf46709e90504e5e8ec8c09b9"
"issue13-v5-diagnostic-module-bridge/1";"bridge-22830ea2f3b1ab4c85795c17";"_anomalies.csv";"wiodr13";"wiodr13";"sea_countries";"surplus_value.empe_ls.r.pc.denominator";"after_country_module";"5";"preserve_all_missing";"";"NA";"wiodr13_v1";"";"";"wiodr13/surplus_value.empe_ls.r.pc-country.R";"indicator.surplus_value.empe_ls.r.pc";"indicator.surplus_value.empe_ls.r.pc";"replace";"run-20260823T211620845Z-e43e6054a0a727e1";"0c535c619116a0b510581d50b372598a805256a85a8f1267c4fdafd65362bb5a";"cd259da2911f0616734ef50ee2719f535704506e7b59bceb5039cb9e2ee5c229";"3b8b125761e2bcf7c6f0e5c7bef1aa00d26d5853d57883a0e0e98fd50b4b71e6";"cc2c86189a06676bcb9f0e05e08033d710a92509";"0cb1142cdadd74bf95272010f5393ebe2af79f47";"run-20260824T045318395Z-868f3a008fb4a8af";"581a44befca61d146e1ca583e79213a618d0bc07fc001dc9565e5e2d0100d4d8";"cd259da2911f0616734ef50ee2719f535704506e7b59bceb5039cb9e2ee5c229";"3b8b125761e2bcf7c6f0e5c7bef1aa00d26d5853d57883a0e0e98fd50b4b71e6";"7d7178150e2b91768f9ba95b86fb0aab84f02bf8";"314e65771523065a36f1e5781cc18977dbb0fbb2";"525";"525";"22830ea2f3b1ab4c85795c1743587d49bba2c54de78bc1fec838e736ecefa360"
"issue13-v5-diagnostic-module-bridge/1";"bridge-feec5015fb2cf2b62c82e08b";"_anomalies.csv";"wiodr13";"wiodr13";"sea_countries";"surplus_value.empe_ls.r.pc.numerator";"after_country_module";"5";"aggregate_available";"";"NA";"wiodr13_v1";"";"";"wiodr13/surplus_value.empe_ls.r.pc-country.R";"indicator.surplus_value.empe_ls.r.pc";"indicator.surplus_value.empe_ls.r.pc";"replace";"run-20260823T211620845Z-e43e6054a0a727e1";"0c535c619116a0b510581d50b372598a805256a85a8f1267c4fdafd65362bb5a";"cd259da2911f0616734ef50ee2719f535704506e7b59bceb5039cb9e2ee5c229";"3b8b125761e2bcf7c6f0e5c7bef1aa00d26d5853d57883a0e0e98fd50b4b71e6";"cc2c86189a06676bcb9f0e05e08033d710a92509";"0cb1142cdadd74bf95272010f5393ebe2af79f47";"run-20260824T045318395Z-868f3a008fb4a8af";"581a44befca61d146e1ca583e79213a618d0bc07fc001dc9565e5e2d0100d4d8";"cd259da2911f0616734ef50ee2719f535704506e7b59bceb5039cb9e2ee5c229";"3b8b125761e2bcf7c6f0e5c7bef1aa00d26d5853d57883a0e0e98fd50b4b71e6";"7d7178150e2b91768f9ba95b86fb0aab84f02bf8";"314e65771523065a36f1e5781cc18977dbb0fbb2";"525";"525";"feec5015fb2cf2b62c82e08b316599fa977be0e3d84a40aa8faed788710c0cff"
"issue13-v5-diagnostic-module-bridge/1";"bridge-97ffc58017841d5ec6b94e13";"_anomalies.csv";"wiodr13";"wiodr13";"sea_countries";"surplus_value.empe_ls.r.pc.numerator";"after_country_module";"5";"preserve_all_missing";"";"NA";"wiodr13_v1";"";"";"wiodr13/surplus_value.empe_ls.r.pc-country.R";"indicator.surplus_value.empe_ls.r.pc";"indicator.surplus_value.empe_ls.r.pc";"replace";"run-20260823T211620845Z-e43e6054a0a727e1";"0c535c619116a0b510581d50b372598a805256a85a8f1267c4fdafd65362bb5a";"cd259da2911f0616734ef50ee2719f535704506e7b59bceb5039cb9e2ee5c229";"3b8b125761e2bcf7c6f0e5c7bef1aa00d26d5853d57883a0e0e98fd50b4b71e6";"cc2c86189a06676bcb9f0e05e08033d710a92509";"0cb1142cdadd74bf95272010f5393ebe2af79f47";"run-20260824T045318395Z-868f3a008fb4a8af";"581a44befca61d146e1ca583e79213a618d0bc07fc001dc9565e5e2d0100d4d8";"cd259da2911f0616734ef50ee2719f535704506e7b59bceb5039cb9e2ee5c229";"3b8b125761e2bcf7c6f0e5c7bef1aa00d26d5853d57883a0e0e98fd50b4b71e6";"7d7178150e2b91768f9ba95b86fb0aab84f02bf8";"314e65771523065a36f1e5781cc18977dbb0fbb2";"525";"525";"97ffc58017841d5ec6b94e1339b6711844261a581cd9d090f92aa7411b3bc695"
"issue13-v5-diagnostic-module-bridge/1";"bridge-82903dec7cfbfeb5ae94c1a8";"_anomalies.csv";"wiodr13";"wiodr13";"sea_countries";"surplus_value.empe_ms.r.pc.denominator";"after_country_module";"5";"aggregate_available";"";"NA";"wiodr13_v1";"";"";"wiodr13/surplus_value.empe_ms.r.pc-country.R";"indicator.surplus_value.empe_ms.r.pc";"indicator.surplus_value.empe_ms.r.pc";"replace";"run-20260823T211620845Z-e43e6054a0a727e1";"0c535c619116a0b510581d50b372598a805256a85a8f1267c4fdafd65362bb5a";"cd259da2911f0616734ef50ee2719f535704506e7b59bceb5039cb9e2ee5c229";"3b8b125761e2bcf7c6f0e5c7bef1aa00d26d5853d57883a0e0e98fd50b4b71e6";"cc2c86189a06676bcb9f0e05e08033d710a92509";"0cb1142cdadd74bf95272010f5393ebe2af79f47";"run-20260824T045318395Z-868f3a008fb4a8af";"581a44befca61d146e1ca583e79213a618d0bc07fc001dc9565e5e2d0100d4d8";"cd259da2911f0616734ef50ee2719f535704506e7b59bceb5039cb9e2ee5c229";"3b8b125761e2bcf7c6f0e5c7bef1aa00d26d5853d57883a0e0e98fd50b4b71e6";"7d7178150e2b91768f9ba95b86fb0aab84f02bf8";"314e65771523065a36f1e5781cc18977dbb0fbb2";"525";"525";"82903dec7cfbfeb5ae94c1a871cd5007295ae4e4f01f045a6fd701e60686ef53"
"issue13-v5-diagnostic-module-bridge/1";"bridge-57e67b11d591435a3e99aea9";"_anomalies.csv";"wiodr13";"wiodr13";"sea_countries";"surplus_value.empe_ms.r.pc.denominator";"after_country_module";"5";"preserve_all_missing";"";"NA";"wiodr13_v1";"";"";"wiodr13/surplus_value.empe_ms.r.pc-country.R";"indicator.surplus_value.empe_ms.r.pc";"indicator.surplus_value.empe_ms.r.pc";"replace";"run-20260823T211620845Z-e43e6054a0a727e1";"0c535c619116a0b510581d50b372598a805256a85a8f1267c4fdafd65362bb5a";"cd259da2911f0616734ef50ee2719f535704506e7b59bceb5039cb9e2ee5c229";"3b8b125761e2bcf7c6f0e5c7bef1aa00d26d5853d57883a0e0e98fd50b4b71e6";"cc2c86189a06676bcb9f0e05e08033d710a92509";"0cb1142cdadd74bf95272010f5393ebe2af79f47";"run-20260824T045318395Z-868f3a008fb4a8af";"581a44befca61d146e1ca583e79213a618d0bc07fc001dc9565e5e2d0100d4d8";"cd259da2911f0616734ef50ee2719f535704506e7b59bceb5039cb9e2ee5c229";"3b8b125761e2bcf7c6f0e5c7bef1aa00d26d5853d57883a0e0e98fd50b4b71e6";"7d7178150e2b91768f9ba95b86fb0aab84f02bf8";"314e65771523065a36f1e5781cc18977dbb0fbb2";"525";"525";"57e67b11d591435a3e99aea963a2c570fc5cab8d9c9215a276105e5447b2a7cc"
"issue13-v5-diagnostic-module-bridge/1";"bridge-1fa07cc1f5731fa5048ff787";"_anomalies.csv";"wiodr13";"wiodr13";"sea_countries";"surplus_value.empe_ms.r.pc.numerator";"after_country_module";"5";"aggregate_available";"";"NA";"wiodr13_v1";"";"";"wiodr13/surplus_value.empe_ms.r.pc-country.R";"indicator.surplus_value.empe_ms.r.pc";"indicator.surplus_value.empe_ms.r.pc";"replace";"run-20260823T211620845Z-e43e6054a0a727e1";"0c535c619116a0b510581d50b372598a805256a85a8f1267c4fdafd65362bb5a";"cd259da2911f0616734ef50ee2719f535704506e7b59bceb5039cb9e2ee5c229";"3b8b125761e2bcf7c6f0e5c7bef1aa00d26d5853d57883a0e0e98fd50b4b71e6";"cc2c86189a06676bcb9f0e05e08033d710a92509";"0cb1142cdadd74bf95272010f5393ebe2af79f47";"run-20260824T045318395Z-868f3a008fb4a8af";"581a44befca61d146e1ca583e79213a618d0bc07fc001dc9565e5e2d0100d4d8";"cd259da2911f0616734ef50ee2719f535704506e7b59bceb5039cb9e2ee5c229";"3b8b125761e2bcf7c6f0e5c7bef1aa00d26d5853d57883a0e0e98fd50b4b71e6";"7d7178150e2b91768f9ba95b86fb0aab84f02bf8";"314e65771523065a36f1e5781cc18977dbb0fbb2";"525";"525";"1fa07cc1f5731fa5048ff787fae49dc77071d47e5feb4cffa73869324f7a89eb"
"issue13-v5-diagnostic-module-bridge/1";"bridge-c0508083dd91f1602be3f7e7";"_anomalies.csv";"wiodr13";"wiodr13";"sea_countries";"surplus_value.empe_ms.r.pc.numerator";"after_country_module";"5";"preserve_all_missing";"";"NA";"wiodr13_v1";"";"";"wiodr13/surplus_value.empe_ms.r.pc-country.R";"indicator.surplus_value.empe_ms.r.pc";"indicator.surplus_value.empe_ms.r.pc";"replace";"run-20260823T211620845Z-e43e6054a0a727e1";"0c535c619116a0b510581d50b372598a805256a85a8f1267c4fdafd65362bb5a";"cd259da2911f0616734ef50ee2719f535704506e7b59bceb5039cb9e2ee5c229";"3b8b125761e2bcf7c6f0e5c7bef1aa00d26d5853d57883a0e0e98fd50b4b71e6";"cc2c86189a06676bcb9f0e05e08033d710a92509";"0cb1142cdadd74bf95272010f5393ebe2af79f47";"run-20260824T045318395Z-868f3a008fb4a8af";"581a44befca61d146e1ca583e79213a618d0bc07fc001dc9565e5e2d0100d4d8";"cd259da2911f0616734ef50ee2719f535704506e7b59bceb5039cb9e2ee5c229";"3b8b125761e2bcf7c6f0e5c7bef1aa00d26d5853d57883a0e0e98fd50b4b71e6";"7d7178150e2b91768f9ba95b86fb0aab84f02bf8";"314e65771523065a36f1e5781cc18977dbb0fbb2";"525";"525";"c0508083dd91f1602be3f7e783e49e3e3ac5d91308f7b0f782bc69e2360be323"
"issue13-v5-diagnostic-module-bridge/1";"bridge-5020f9f043336c7d09c05966";"_anomalies.csv";"wiodr13";"wiodr13";"sea_countries";"surplus_value.empe_p.r.pc.denominator";"after_country_module";"5";"aggregate_available";"";"NA";"wiodr13_v1";"";"";"common/surplus_value.empe_p.r.pc-country.R";"indicator.surplus_value.empe_p.r.pc";"indicator.surplus_value.empe_p.r.pc";"replace";"run-20260823T211620845Z-e43e6054a0a727e1";"0c535c619116a0b510581d50b372598a805256a85a8f1267c4fdafd65362bb5a";"cd259da2911f0616734ef50ee2719f535704506e7b59bceb5039cb9e2ee5c229";"3b8b125761e2bcf7c6f0e5c7bef1aa00d26d5853d57883a0e0e98fd50b4b71e6";"cc2c86189a06676bcb9f0e05e08033d710a92509";"0cb1142cdadd74bf95272010f5393ebe2af79f47";"run-20260824T045318395Z-868f3a008fb4a8af";"581a44befca61d146e1ca583e79213a618d0bc07fc001dc9565e5e2d0100d4d8";"cd259da2911f0616734ef50ee2719f535704506e7b59bceb5039cb9e2ee5c229";"3b8b125761e2bcf7c6f0e5c7bef1aa00d26d5853d57883a0e0e98fd50b4b71e6";"7d7178150e2b91768f9ba95b86fb0aab84f02bf8";"314e65771523065a36f1e5781cc18977dbb0fbb2";"525";"525";"5020f9f043336c7d09c0596670571119becdad5d745fbd08529a5268435870ab"
"issue13-v5-diagnostic-module-bridge/1";"bridge-146e5cd9ef3387c406eb1313";"_anomalies.csv";"wiodr13";"wiodr13";"sea_countries";"surplus_value.empe_p.r.pc.denominator";"after_country_module";"5";"preserve_all_missing";"";"NA";"wiodr13_v1";"";"";"common/surplus_value.empe_p.r.pc-country.R";"indicator.surplus_value.empe_p.r.pc";"indicator.surplus_value.empe_p.r.pc";"replace";"run-20260823T211620845Z-e43e6054a0a727e1";"0c535c619116a0b510581d50b372598a805256a85a8f1267c4fdafd65362bb5a";"cd259da2911f0616734ef50ee2719f535704506e7b59bceb5039cb9e2ee5c229";"3b8b125761e2bcf7c6f0e5c7bef1aa00d26d5853d57883a0e0e98fd50b4b71e6";"cc2c86189a06676bcb9f0e05e08033d710a92509";"0cb1142cdadd74bf95272010f5393ebe2af79f47";"run-20260824T045318395Z-868f3a008fb4a8af";"581a44befca61d146e1ca583e79213a618d0bc07fc001dc9565e5e2d0100d4d8";"cd259da2911f0616734ef50ee2719f535704506e7b59bceb5039cb9e2ee5c229";"3b8b125761e2bcf7c6f0e5c7bef1aa00d26d5853d57883a0e0e98fd50b4b71e6";"7d7178150e2b91768f9ba95b86fb0aab84f02bf8";"314e65771523065a36f1e5781cc18977dbb0fbb2";"525";"525";"146e5cd9ef3387c406eb13132629cd29fac921309370299b7860bfb45bad2517"
"issue13-v5-diagnostic-module-bridge/1";"bridge-b93377d81eeca516f1925588";"_anomalies.csv";"wiodr13";"wiodr13";"sea_countries";"surplus_value.empe_p.r.pc.numerator";"after_country_module";"5";"aggregate_available";"";"NA";"wiodr13_v1";"";"";"common/surplus_value.empe_p.r.pc-country.R";"indicator.surplus_value.empe_p.r.pc";"indicator.surplus_value.empe_p.r.pc";"replace";"run-20260823T211620845Z-e43e6054a0a727e1";"0c535c619116a0b510581d50b372598a805256a85a8f1267c4fdafd65362bb5a";"cd259da2911f0616734ef50ee2719f535704506e7b59bceb5039cb9e2ee5c229";"3b8b125761e2bcf7c6f0e5c7bef1aa00d26d5853d57883a0e0e98fd50b4b71e6";"cc2c86189a06676bcb9f0e05e08033d710a92509";"0cb1142cdadd74bf95272010f5393ebe2af79f47";"run-20260824T045318395Z-868f3a008fb4a8af";"581a44befca61d146e1ca583e79213a618d0bc07fc001dc9565e5e2d0100d4d8";"cd259da2911f0616734ef50ee2719f535704506e7b59bceb5039cb9e2ee5c229";"3b8b125761e2bcf7c6f0e5c7bef1aa00d26d5853d57883a0e0e98fd50b4b71e6";"7d7178150e2b91768f9ba95b86fb0aab84f02bf8";"314e65771523065a36f1e5781cc18977dbb0fbb2";"525";"525";"b93377d81eeca516f19255880f71b5bc17ebbbb1fcf8e195c7249ec9aba6fda1"
"issue13-v5-diagnostic-module-bridge/1";"bridge-a0b10d69ea84fb06d9451f7a";"_anomalies.csv";"wiodr13";"wiodr13";"sea_countries";"surplus_value.empe_p.r.pc.numerator";"after_country_module";"5";"preserve_all_missing";"";"NA";"wiodr13_v1";"";"";"common/surplus_value.empe_p.r.pc-country.R";"indicator.surplus_value.empe_p.r.pc";"indicator.surplus_value.empe_p.r.pc";"replace";"run-20260823T211620845Z-e43e6054a0a727e1";"0c535c619116a0b510581d50b372598a805256a85a8f1267c4fdafd65362bb5a";"cd259da2911f0616734ef50ee2719f535704506e7b59bceb5039cb9e2ee5c229";"3b8b125761e2bcf7c6f0e5c7bef1aa00d26d5853d57883a0e0e98fd50b4b71e6";"cc2c86189a06676bcb9f0e05e08033d710a92509";"0cb1142cdadd74bf95272010f5393ebe2af79f47";"run-20260824T045318395Z-868f3a008fb4a8af";"581a44befca61d146e1ca583e79213a618d0bc07fc001dc9565e5e2d0100d4d8";"cd259da2911f0616734ef50ee2719f535704506e7b59bceb5039cb9e2ee5c229";"3b8b125761e2bcf7c6f0e5c7bef1aa00d26d5853d57883a0e0e98fd50b4b71e6";"7d7178150e2b91768f9ba95b86fb0aab84f02bf8";"314e65771523065a36f1e5781cc18977dbb0fbb2";"525";"525";"a0b10d69ea84fb06d9451f7a5d9745351b1ccfc4510a3294f9218fec702ba8f1"
"issue13-v5-diagnostic-module-bridge/1";"bridge-1e0a09aa44947e0eac222f04";"_anomalies.csv";"wiodr13";"wiodr13";"sea_sectors";"abstract_labour.emp.m.mv";"after_stage_5";"5";"mark_not_applicable";"";"Inf";"wiodr13_v1";"";"";"common/abstract_labour.emp.m.mv.R";"indicator.abstract_labour.emp.m.mv";"indicator.abstract_labour.emp.m.mv";"replace";"run-20260823T211620845Z-e43e6054a0a727e1";"0c535c619116a0b510581d50b372598a805256a85a8f1267c4fdafd65362bb5a";"cd259da2911f0616734ef50ee2719f535704506e7b59bceb5039cb9e2ee5c229";"3b8b125761e2bcf7c6f0e5c7bef1aa00d26d5853d57883a0e0e98fd50b4b71e6";"cc2c86189a06676bcb9f0e05e08033d710a92509";"0cb1142cdadd74bf95272010f5393ebe2af79f47";"run-20260824T045318395Z-868f3a008fb4a8af";"581a44befca61d146e1ca583e79213a618d0bc07fc001dc9565e5e2d0100d4d8";"cd259da2911f0616734ef50ee2719f535704506e7b59bceb5039cb9e2ee5c229";"3b8b125761e2bcf7c6f0e5c7bef1aa00d26d5853d57883a0e0e98fd50b4b71e6";"7d7178150e2b91768f9ba95b86fb0aab84f02bf8";"314e65771523065a36f1e5781cc18977dbb0fbb2";"2";"2";"1e0a09aa44947e0eac222f0451599217f07d5de553905b5bbbcc3c41bdde1fe2"
"issue13-v5-diagnostic-module-bridge/1";"bridge-8dc39f04e19cbc95dc2c55ba";"_anomalies.csv";"wiodr13";"wiodr13";"sea_sectors";"abstract_labour.emp.m.mv";"after_stage_5";"5";"mark_not_applicable";"";"NaN";"wiodr13_v1";"";"";"common/abstract_labour.emp.m.mv.R";"indicator.abstract_labour.emp.m.mv";"indicator.abstract_labour.emp.m.mv";"replace";"run-20260823T211620845Z-e43e6054a0a727e1";"0c535c619116a0b510581d50b372598a805256a85a8f1267c4fdafd65362bb5a";"cd259da2911f0616734ef50ee2719f535704506e7b59bceb5039cb9e2ee5c229";"3b8b125761e2bcf7c6f0e5c7bef1aa00d26d5853d57883a0e0e98fd50b4b71e6";"cc2c86189a06676bcb9f0e05e08033d710a92509";"0cb1142cdadd74bf95272010f5393ebe2af79f47";"run-20260824T045318395Z-868f3a008fb4a8af";"581a44befca61d146e1ca583e79213a618d0bc07fc001dc9565e5e2d0100d4d8";"cd259da2911f0616734ef50ee2719f535704506e7b59bceb5039cb9e2ee5c229";"3b8b125761e2bcf7c6f0e5c7bef1aa00d26d5853d57883a0e0e98fd50b4b71e6";"7d7178150e2b91768f9ba95b86fb0aab84f02bf8";"314e65771523065a36f1e5781cc18977dbb0fbb2";"264";"264";"8dc39f04e19cbc95dc2c55ba668f070ff89c7b0fe9e128b19b49f43c30c854a2"
"issue13-v5-diagnostic-module-bridge/1";"bridge-ad95f81e48b2e0b82c32ba35";"_anomalies.csv";"wiodr13";"wiodr13";"sea_sectors";"abstract_labour.empe.m.mv";"after_stage_5";"5";"mark_not_applicable";"";"NaN";"wiodr13_v1";"";"";"common/abstract_labour.empe.m.mv.R";"indicator.abstract_labour.empe.m.mv";"indicator.abstract_labour.empe.m.mv";"replace";"run-20260823T211620845Z-e43e6054a0a727e1";"0c535c619116a0b510581d50b372598a805256a85a8f1267c4fdafd65362bb5a";"cd259da2911f0616734ef50ee2719f535704506e7b59bceb5039cb9e2ee5c229";"3b8b125761e2bcf7c6f0e5c7bef1aa00d26d5853d57883a0e0e98fd50b4b71e6";"cc2c86189a06676bcb9f0e05e08033d710a92509";"0cb1142cdadd74bf95272010f5393ebe2af79f47";"run-20260824T045318395Z-868f3a008fb4a8af";"581a44befca61d146e1ca583e79213a618d0bc07fc001dc9565e5e2d0100d4d8";"cd259da2911f0616734ef50ee2719f535704506e7b59bceb5039cb9e2ee5c229";"3b8b125761e2bcf7c6f0e5c7bef1aa00d26d5853d57883a0e0e98fd50b4b71e6";"7d7178150e2b91768f9ba95b86fb0aab84f02bf8";"314e65771523065a36f1e5781cc18977dbb0fbb2";"266";"266";"ad95f81e48b2e0b82c32ba3561994f70163bd7713e09292f30e446e08b0988e5"
"issue13-v5-diagnostic-module-bridge/1";"bridge-25208d04ec027973076b630a";"_anomalies.csv";"wiodr13";"wiodr13";"sea_sectors";"appropriated_profit.r.pc";"after_stage_5";"5";"mark_not_applicable";"";"-Inf";"wiodr13_v1";"";"";"common/appropriated_profit.r.pc.R";"indicator.appropriated_profit.r.pc";"indicator.appropriated_profit.r.pc";"replace";"run-20260823T211620845Z-e43e6054a0a727e1";"0c535c619116a0b510581d50b372598a805256a85a8f1267c4fdafd65362bb5a";"cd259da2911f0616734ef50ee2719f535704506e7b59bceb5039cb9e2ee5c229";"3b8b125761e2bcf7c6f0e5c7bef1aa00d26d5853d57883a0e0e98fd50b4b71e6";"cc2c86189a06676bcb9f0e05e08033d710a92509";"0cb1142cdadd74bf95272010f5393ebe2af79f47";"run-20260824T045318395Z-868f3a008fb4a8af";"581a44befca61d146e1ca583e79213a618d0bc07fc001dc9565e5e2d0100d4d8";"cd259da2911f0616734ef50ee2719f535704506e7b59bceb5039cb9e2ee5c229";"3b8b125761e2bcf7c6f0e5c7bef1aa00d26d5853d57883a0e0e98fd50b4b71e6";"7d7178150e2b91768f9ba95b86fb0aab84f02bf8";"314e65771523065a36f1e5781cc18977dbb0fbb2";"62";"62";"25208d04ec027973076b630ae568d01455db290c8debd202762760afc9844317"
"issue13-v5-diagnostic-module-bridge/1";"bridge-383906b13d89cbff10727e84";"_anomalies.csv";"wiodr13";"wiodr13";"sea_sectors";"appropriated_profit.r.pc";"after_stage_5";"5";"mark_not_applicable";"";"Inf";"wiodr13_v1";"";"";"common/appropriated_profit.r.pc.R";"indicator.appropriated_profit.r.pc";"indicator.appropriated_profit.r.pc";"replace";"run-20260823T211620845Z-e43e6054a0a727e1";"0c535c619116a0b510581d50b372598a805256a85a8f1267c4fdafd65362bb5a";"cd259da2911f0616734ef50ee2719f535704506e7b59bceb5039cb9e2ee5c229";"3b8b125761e2bcf7c6f0e5c7bef1aa00d26d5853d57883a0e0e98fd50b4b71e6";"cc2c86189a06676bcb9f0e05e08033d710a92509";"0cb1142cdadd74bf95272010f5393ebe2af79f47";"run-20260824T045318395Z-868f3a008fb4a8af";"581a44befca61d146e1ca583e79213a618d0bc07fc001dc9565e5e2d0100d4d8";"cd259da2911f0616734ef50ee2719f535704506e7b59bceb5039cb9e2ee5c229";"3b8b125761e2bcf7c6f0e5c7bef1aa00d26d5853d57883a0e0e98fd50b4b71e6";"7d7178150e2b91768f9ba95b86fb0aab84f02bf8";"314e65771523065a36f1e5781cc18977dbb0fbb2";"958";"958";"383906b13d89cbff10727e841bcd542efd3458a31342434c8a015344b1d3ddcc"
"issue13-v5-diagnostic-module-bridge/1";"bridge-04c5dcf2f35d0070e90ee4ad";"_anomalies.csv";"wiodr13";"wiodr13";"sea_sectors";"appropriated_profit.r.pc";"after_stage_5";"5";"mark_not_applicable";"";"NaN";"wiodr13_v1";"";"";"common/appropriated_profit.r.pc.R";"indicator.appropriated_profit.r.pc";"indicator.appropriated_profit.r.pc";"replace";"run-20260823T211620845Z-e43e6054a0a727e1";"0c535c619116a0b510581d50b372598a805256a85a8f1267c4fdafd65362bb5a";"cd259da2911f0616734ef50ee2719f535704506e7b59bceb5039cb9e2ee5c229";"3b8b125761e2bcf7c6f0e5c7bef1aa00d26d5853d57883a0e0e98fd50b4b71e6";"cc2c86189a06676bcb9f0e05e08033d710a92509";"0cb1142cdadd74bf95272010f5393ebe2af79f47";"run-20260824T045318395Z-868f3a008fb4a8af";"581a44befca61d146e1ca583e79213a618d0bc07fc001dc9565e5e2d0100d4d8";"cd259da2911f0616734ef50ee2719f535704506e7b59bceb5039cb9e2ee5c229";"3b8b125761e2bcf7c6f0e5c7bef1aa00d26d5853d57883a0e0e98fd50b4b71e6";"7d7178150e2b91768f9ba95b86fb0aab84f02bf8";"314e65771523065a36f1e5781cc18977dbb0fbb2";"589";"589";"04c5dcf2f35d0070e90ee4ad8eb7a60b01f86d3edac301dc204f108e3cfef84b"
"issue13-v5-diagnostic-module-bridge/1";"bridge-87d2494a7485a76ea4778365";"_anomalies.csv";"wiodr13";"wiodr13";"sea_sectors";"go_price.r.id";"after_price_normalization";"4";"mark_not_applicable";"";"NaN";"wiodr13_v1";"";"";"wiodr13/normalize_price_indices.R";"indicator.price_index.normalize";"indicator.price_index.normalize";"preserve";"run-20260823T211620845Z-e43e6054a0a727e1";"0c535c619116a0b510581d50b372598a805256a85a8f1267c4fdafd65362bb5a";"cd259da2911f0616734ef50ee2719f535704506e7b59bceb5039cb9e2ee5c229";"3b8b125761e2bcf7c6f0e5c7bef1aa00d26d5853d57883a0e0e98fd50b4b71e6";"cc2c86189a06676bcb9f0e05e08033d710a92509";"0cb1142cdadd74bf95272010f5393ebe2af79f47";"run-20260824T045318395Z-868f3a008fb4a8af";"581a44befca61d146e1ca583e79213a618d0bc07fc001dc9565e5e2d0100d4d8";"cd259da2911f0616734ef50ee2719f535704506e7b59bceb5039cb9e2ee5c229";"3b8b125761e2bcf7c6f0e5c7bef1aa00d26d5853d57883a0e0e98fd50b4b71e6";"7d7178150e2b91768f9ba95b86fb0aab84f02bf8";"314e65771523065a36f1e5781cc18977dbb0fbb2";"240";"240";"87d2494a7485a76ea47783656fc9515d6883fa560bf9761a6608806371570f66"
"issue13-v5-diagnostic-module-bridge/1";"bridge-10e4d36b065106965da3774f";"_anomalies.csv";"wiodr13";"wiodr13";"sea_sectors";"labour_force_value.emp.m.mv";"after_stage_5";"5";"mark_not_applicable";"";"Inf";"wiodr13_v1";"";"";"common/labour_force_value.emp.m.mv.R";"indicator.labour_force_value.emp.m.mv";"indicator.labour_force_value.emp.m.mv";"replace";"run-20260823T211620845Z-e43e6054a0a727e1";"0c535c619116a0b510581d50b372598a805256a85a8f1267c4fdafd65362bb5a";"cd259da2911f0616734ef50ee2719f535704506e7b59bceb5039cb9e2ee5c229";"3b8b125761e2bcf7c6f0e5c7bef1aa00d26d5853d57883a0e0e98fd50b4b71e6";"cc2c86189a06676bcb9f0e05e08033d710a92509";"0cb1142cdadd74bf95272010f5393ebe2af79f47";"run-20260824T045318395Z-868f3a008fb4a8af";"581a44befca61d146e1ca583e79213a618d0bc07fc001dc9565e5e2d0100d4d8";"cd259da2911f0616734ef50ee2719f535704506e7b59bceb5039cb9e2ee5c229";"3b8b125761e2bcf7c6f0e5c7bef1aa00d26d5853d57883a0e0e98fd50b4b71e6";"7d7178150e2b91768f9ba95b86fb0aab84f02bf8";"314e65771523065a36f1e5781cc18977dbb0fbb2";"2";"2";"10e4d36b065106965da3774f071874e78189906afe81b5a26b7c06f838741d9e"
"issue13-v5-diagnostic-module-bridge/1";"bridge-5c6b7f9a1753581e40cad860";"_anomalies.csv";"wiodr13";"wiodr13";"sea_sectors";"labour_force_value.emp.m.mv";"after_stage_5";"5";"mark_not_applicable";"";"NaN";"wiodr13_v1";"";"";"common/labour_force_value.emp.m.mv.R";"indicator.labour_force_value.emp.m.mv";"indicator.labour_force_value.emp.m.mv";"replace";"run-20260823T211620845Z-e43e6054a0a727e1";"0c535c619116a0b510581d50b372598a805256a85a8f1267c4fdafd65362bb5a";"cd259da2911f0616734ef50ee2719f535704506e7b59bceb5039cb9e2ee5c229";"3b8b125761e2bcf7c6f0e5c7bef1aa00d26d5853d57883a0e0e98fd50b4b71e6";"cc2c86189a06676bcb9f0e05e08033d710a92509";"0cb1142cdadd74bf95272010f5393ebe2af79f47";"run-20260824T045318395Z-868f3a008fb4a8af";"581a44befca61d146e1ca583e79213a618d0bc07fc001dc9565e5e2d0100d4d8";"cd259da2911f0616734ef50ee2719f535704506e7b59bceb5039cb9e2ee5c229";"3b8b125761e2bcf7c6f0e5c7bef1aa00d26d5853d57883a0e0e98fd50b4b71e6";"7d7178150e2b91768f9ba95b86fb0aab84f02bf8";"314e65771523065a36f1e5781cc18977dbb0fbb2";"264";"264";"5c6b7f9a1753581e40cad860dd8093088e975817ce019c92b287f21899b7f847"
"issue13-v5-diagnostic-module-bridge/1";"bridge-023ab3bb02ea7bfba002172a";"_anomalies.csv";"wiodr13";"wiodr13";"sea_sectors";"labour_force_value.m.mv";"after_stage_5";"5";"mark_not_applicable";"";"Inf";"wiodr13_v1";"";"";"common/labour_force_value.m.mv.R";"indicator.labour_force_value.m.mv";"indicator.labour_force_value.m.mv";"replace";"run-20260823T211620845Z-e43e6054a0a727e1";"0c535c619116a0b510581d50b372598a805256a85a8f1267c4fdafd65362bb5a";"cd259da2911f0616734ef50ee2719f535704506e7b59bceb5039cb9e2ee5c229";"3b8b125761e2bcf7c6f0e5c7bef1aa00d26d5853d57883a0e0e98fd50b4b71e6";"cc2c86189a06676bcb9f0e05e08033d710a92509";"0cb1142cdadd74bf95272010f5393ebe2af79f47";"run-20260824T045318395Z-868f3a008fb4a8af";"581a44befca61d146e1ca583e79213a618d0bc07fc001dc9565e5e2d0100d4d8";"cd259da2911f0616734ef50ee2719f535704506e7b59bceb5039cb9e2ee5c229";"3b8b125761e2bcf7c6f0e5c7bef1aa00d26d5853d57883a0e0e98fd50b4b71e6";"7d7178150e2b91768f9ba95b86fb0aab84f02bf8";"314e65771523065a36f1e5781cc18977dbb0fbb2";"4";"4";"023ab3bb02ea7bfba002172a75c5588bce0a68eacd512444cf784172ed6989c8"
"issue13-v5-diagnostic-module-bridge/1";"bridge-e52be56d277cd354538d1f36";"_anomalies.csv";"wiodr13";"wiodr13";"sea_sectors";"labour_force_value.m.mv";"after_stage_5";"5";"mark_not_applicable";"";"NaN";"wiodr13_v1";"";"";"common/labour_force_value.m.mv.R";"indicator.labour_force_value.m.mv";"indicator.labour_force_value.m.mv";"replace";"run-20260823T211620845Z-e43e6054a0a727e1";"0c535c619116a0b510581d50b372598a805256a85a8f1267c4fdafd65362bb5a";"cd259da2911f0616734ef50ee2719f535704506e7b59bceb5039cb9e2ee5c229";"3b8b125761e2bcf7c6f0e5c7bef1aa00d26d5853d57883a0e0e98fd50b4b71e6";"cc2c86189a06676bcb9f0e05e08033d710a92509";"0cb1142cdadd74bf95272010f5393ebe2af79f47";"run-20260824T045318395Z-868f3a008fb4a8af";"581a44befca61d146e1ca583e79213a618d0bc07fc001dc9565e5e2d0100d4d8";"cd259da2911f0616734ef50ee2719f535704506e7b59bceb5039cb9e2ee5c229";"3b8b125761e2bcf7c6f0e5c7bef1aa00d26d5853d57883a0e0e98fd50b4b71e6";"7d7178150e2b91768f9ba95b86fb0aab84f02bf8";"314e65771523065a36f1e5781cc18977dbb0fbb2";"262";"262";"e52be56d277cd354538d1f3677c060f95599d127a08b7a414b9e5f6eab589ca7"
"issue13-v5-diagnostic-module-bridge/1";"bridge-36e906144788bd3335a0a5c1";"_anomalies.csv";"wiodr13";"wiodr13";"sea_sectors";"labour_requirements";"after_matrices";"3";"replace_both_zero_with_zero";"";"NaN";"wiodr13_v1";"";"";"transformation.R";"matrix.transformation";"matrix.transformation";"replace";"run-20260823T211620845Z-e43e6054a0a727e1";"0c535c619116a0b510581d50b372598a805256a85a8f1267c4fdafd65362bb5a";"cd259da2911f0616734ef50ee2719f535704506e7b59bceb5039cb9e2ee5c229";"3b8b125761e2bcf7c6f0e5c7bef1aa00d26d5853d57883a0e0e98fd50b4b71e6";"cc2c86189a06676bcb9f0e05e08033d710a92509";"0cb1142cdadd74bf95272010f5393ebe2af79f47";"run-20260824T045318395Z-868f3a008fb4a8af";"581a44befca61d146e1ca583e79213a618d0bc07fc001dc9565e5e2d0100d4d8";"cd259da2911f0616734ef50ee2719f535704506e7b59bceb5039cb9e2ee5c229";"3b8b125761e2bcf7c6f0e5c7bef1aa00d26d5853d57883a0e0e98fd50b4b71e6";"7d7178150e2b91768f9ba95b86fb0aab84f02bf8";"314e65771523065a36f1e5781cc18977dbb0fbb2";"277";"277";"36e906144788bd3335a0a5c110c9e56a27790e4e110a2797851c370b02e24aec"
"issue13-v5-diagnostic-module-bridge/1";"bridge-14b730a88c4380de6cce5d11";"_anomalies.csv";"wiodr13";"wiodr13";"sea_sectors";"surplus_value.emp.r.pc";"after_stage_5";"5";"mark_not_applicable";"";"Inf";"wiodr13_v1";"";"";"common/surplus_value.emp.r.pc.R";"indicator.surplus_value.emp.r.pc";"indicator.surplus_value.emp.r.pc";"replace";"run-20260823T211620845Z-e43e6054a0a727e1";"0c535c619116a0b510581d50b372598a805256a85a8f1267c4fdafd65362bb5a";"cd259da2911f0616734ef50ee2719f535704506e7b59bceb5039cb9e2ee5c229";"3b8b125761e2bcf7c6f0e5c7bef1aa00d26d5853d57883a0e0e98fd50b4b71e6";"cc2c86189a06676bcb9f0e05e08033d710a92509";"0cb1142cdadd74bf95272010f5393ebe2af79f47";"run-20260824T045318395Z-868f3a008fb4a8af";"581a44befca61d146e1ca583e79213a618d0bc07fc001dc9565e5e2d0100d4d8";"cd259da2911f0616734ef50ee2719f535704506e7b59bceb5039cb9e2ee5c229";"3b8b125761e2bcf7c6f0e5c7bef1aa00d26d5853d57883a0e0e98fd50b4b71e6";"7d7178150e2b91768f9ba95b86fb0aab84f02bf8";"314e65771523065a36f1e5781cc18977dbb0fbb2";"23";"23";"14b730a88c4380de6cce5d1160664eb031afc72b6237767cb8dc78978b653602"
"issue13-v5-diagnostic-module-bridge/1";"bridge-05f8808669a5ba47f933e75f";"_anomalies.csv";"wiodr13";"wiodr13";"sea_sectors";"surplus_value.emp.r.pc";"after_stage_5";"5";"mark_not_applicable";"";"NaN";"wiodr13_v1";"";"";"common/surplus_value.emp.r.pc.R";"indicator.surplus_value.emp.r.pc";"indicator.surplus_value.emp.r.pc";"replace";"run-20260823T211620845Z-e43e6054a0a727e1";"0c535c619116a0b510581d50b372598a805256a85a8f1267c4fdafd65362bb5a";"cd259da2911f0616734ef50ee2719f535704506e7b59bceb5039cb9e2ee5c229";"3b8b125761e2bcf7c6f0e5c7bef1aa00d26d5853d57883a0e0e98fd50b4b71e6";"cc2c86189a06676bcb9f0e05e08033d710a92509";"0cb1142cdadd74bf95272010f5393ebe2af79f47";"run-20260824T045318395Z-868f3a008fb4a8af";"581a44befca61d146e1ca583e79213a618d0bc07fc001dc9565e5e2d0100d4d8";"cd259da2911f0616734ef50ee2719f535704506e7b59bceb5039cb9e2ee5c229";"3b8b125761e2bcf7c6f0e5c7bef1aa00d26d5853d57883a0e0e98fd50b4b71e6";"7d7178150e2b91768f9ba95b86fb0aab84f02bf8";"314e65771523065a36f1e5781cc18977dbb0fbb2";"264";"264";"05f8808669a5ba47f933e75f31bf0ca50778867f5795baff884696d98caf7dc5"
"issue13-v5-diagnostic-module-bridge/1";"bridge-e2d47cbf907cc32183aa1f1a";"_anomalies.csv";"wiodr13";"wiodr13";"sea_sectors";"surplus_value.empe.r.pc";"after_stage_5";"5";"mark_not_applicable";"";"Inf";"wiodr13_v1";"";"";"common/surplus_value.empe.r.pc.R";"indicator.surplus_value.empe.r.pc";"indicator.surplus_value.empe.r.pc";"replace";"run-20260823T211620845Z-e43e6054a0a727e1";"0c535c619116a0b510581d50b372598a805256a85a8f1267c4fdafd65362bb5a";"cd259da2911f0616734ef50ee2719f535704506e7b59bceb5039cb9e2ee5c229";"3b8b125761e2bcf7c6f0e5c7bef1aa00d26d5853d57883a0e0e98fd50b4b71e6";"cc2c86189a06676bcb9f0e05e08033d710a92509";"0cb1142cdadd74bf95272010f5393ebe2af79f47";"run-20260824T045318395Z-868f3a008fb4a8af";"581a44befca61d146e1ca583e79213a618d0bc07fc001dc9565e5e2d0100d4d8";"cd259da2911f0616734ef50ee2719f535704506e7b59bceb5039cb9e2ee5c229";"3b8b125761e2bcf7c6f0e5c7bef1aa00d26d5853d57883a0e0e98fd50b4b71e6";"7d7178150e2b91768f9ba95b86fb0aab84f02bf8";"314e65771523065a36f1e5781cc18977dbb0fbb2";"31";"31";"e2d47cbf907cc32183aa1f1afb3bc5b90bf166685702024ebab018e53f5afa3a"
"issue13-v5-diagnostic-module-bridge/1";"bridge-fa9605ed3a787e3e961b5071";"_anomalies.csv";"wiodr13";"wiodr13";"sea_sectors";"surplus_value.empe.r.pc";"after_stage_5";"5";"mark_not_applicable";"";"NaN";"wiodr13_v1";"";"";"common/surplus_value.empe.r.pc.R";"indicator.surplus_value.empe.r.pc";"indicator.surplus_value.empe.r.pc";"replace";"run-20260823T211620845Z-e43e6054a0a727e1";"0c535c619116a0b510581d50b372598a805256a85a8f1267c4fdafd65362bb5a";"cd259da2911f0616734ef50ee2719f535704506e7b59bceb5039cb9e2ee5c229";"3b8b125761e2bcf7c6f0e5c7bef1aa00d26d5853d57883a0e0e98fd50b4b71e6";"cc2c86189a06676bcb9f0e05e08033d710a92509";"0cb1142cdadd74bf95272010f5393ebe2af79f47";"run-20260824T045318395Z-868f3a008fb4a8af";"581a44befca61d146e1ca583e79213a618d0bc07fc001dc9565e5e2d0100d4d8";"cd259da2911f0616734ef50ee2719f535704506e7b59bceb5039cb9e2ee5c229";"3b8b125761e2bcf7c6f0e5c7bef1aa00d26d5853d57883a0e0e98fd50b4b71e6";"7d7178150e2b91768f9ba95b86fb0aab84f02bf8";"314e65771523065a36f1e5781cc18977dbb0fbb2";"262";"262";"fa9605ed3a787e3e961b5071c5cadb2688dc4b134da78abe553b82bab1358892"
"issue13-v5-diagnostic-module-bridge/1";"bridge-939681cf825b7c8ce48f8a2c";"_anomalies.csv";"wiodr13";"wiodr13";"sea_sectors";"surplus_value.empe_hs.r.pc";"after_stage_5";"5";"mark_not_applicable";"";"Inf";"wiodr13_v1";"";"";"wiodr13/surplus_value.empe_hs.r.pc.R";"indicator.surplus_value.empe_hs.r.pc";"indicator.surplus_value.empe_hs.r.pc";"replace";"run-20260823T211620845Z-e43e6054a0a727e1";"0c535c619116a0b510581d50b372598a805256a85a8f1267c4fdafd65362bb5a";"cd259da2911f0616734ef50ee2719f535704506e7b59bceb5039cb9e2ee5c229";"3b8b125761e2bcf7c6f0e5c7bef1aa00d26d5853d57883a0e0e98fd50b4b71e6";"cc2c86189a06676bcb9f0e05e08033d710a92509";"0cb1142cdadd74bf95272010f5393ebe2af79f47";"run-20260824T045318395Z-868f3a008fb4a8af";"581a44befca61d146e1ca583e79213a618d0bc07fc001dc9565e5e2d0100d4d8";"cd259da2911f0616734ef50ee2719f535704506e7b59bceb5039cb9e2ee5c229";"3b8b125761e2bcf7c6f0e5c7bef1aa00d26d5853d57883a0e0e98fd50b4b71e6";"7d7178150e2b91768f9ba95b86fb0aab84f02bf8";"314e65771523065a36f1e5781cc18977dbb0fbb2";"31";"31";"939681cf825b7c8ce48f8a2c9e061a2e2bc20b6d7d3a595236cdf92843277c44"
"issue13-v5-diagnostic-module-bridge/1";"bridge-e6e85d76e2a014220fcef086";"_anomalies.csv";"wiodr13";"wiodr13";"sea_sectors";"surplus_value.empe_hs.r.pc";"after_stage_5";"5";"mark_not_applicable";"";"NaN";"wiodr13_v1";"";"";"wiodr13/surplus_value.empe_hs.r.pc.R";"indicator.surplus_value.empe_hs.r.pc";"indicator.surplus_value.empe_hs.r.pc";"replace";"run-20260823T211620845Z-e43e6054a0a727e1";"0c535c619116a0b510581d50b372598a805256a85a8f1267c4fdafd65362bb5a";"cd259da2911f0616734ef50ee2719f535704506e7b59bceb5039cb9e2ee5c229";"3b8b125761e2bcf7c6f0e5c7bef1aa00d26d5853d57883a0e0e98fd50b4b71e6";"cc2c86189a06676bcb9f0e05e08033d710a92509";"0cb1142cdadd74bf95272010f5393ebe2af79f47";"run-20260824T045318395Z-868f3a008fb4a8af";"581a44befca61d146e1ca583e79213a618d0bc07fc001dc9565e5e2d0100d4d8";"cd259da2911f0616734ef50ee2719f535704506e7b59bceb5039cb9e2ee5c229";"3b8b125761e2bcf7c6f0e5c7bef1aa00d26d5853d57883a0e0e98fd50b4b71e6";"7d7178150e2b91768f9ba95b86fb0aab84f02bf8";"314e65771523065a36f1e5781cc18977dbb0fbb2";"277";"277";"e6e85d76e2a014220fcef08621df7392a8f8af8e3058004f3e24ae4226cbf779"
"issue13-v5-diagnostic-module-bridge/1";"bridge-99443b81c5a4fe2f081c882f";"_anomalies.csv";"wiodr13";"wiodr13";"sea_sectors";"surplus_value.empe_ls.r.pc";"after_stage_5";"5";"mark_not_applicable";"";"Inf";"wiodr13_v1";"";"";"wiodr13/surplus_value.empe_ls.r.pc.R";"indicator.surplus_value.empe_ls.r.pc";"indicator.surplus_value.empe_ls.r.pc";"replace";"run-20260823T211620845Z-e43e6054a0a727e1";"0c535c619116a0b510581d50b372598a805256a85a8f1267c4fdafd65362bb5a";"cd259da2911f0616734ef50ee2719f535704506e7b59bceb5039cb9e2ee5c229";"3b8b125761e2bcf7c6f0e5c7bef1aa00d26d5853d57883a0e0e98fd50b4b71e6";"cc2c86189a06676bcb9f0e05e08033d710a92509";"0cb1142cdadd74bf95272010f5393ebe2af79f47";"run-20260824T045318395Z-868f3a008fb4a8af";"581a44befca61d146e1ca583e79213a618d0bc07fc001dc9565e5e2d0100d4d8";"cd259da2911f0616734ef50ee2719f535704506e7b59bceb5039cb9e2ee5c229";"3b8b125761e2bcf7c6f0e5c7bef1aa00d26d5853d57883a0e0e98fd50b4b71e6";"7d7178150e2b91768f9ba95b86fb0aab84f02bf8";"314e65771523065a36f1e5781cc18977dbb0fbb2";"31";"31";"99443b81c5a4fe2f081c882ff9b306a9f1f2861bd20ca7c5ac7eaf2d419d8da0"
"issue13-v5-diagnostic-module-bridge/1";"bridge-22a43af9c124c60a618ff675";"_anomalies.csv";"wiodr13";"wiodr13";"sea_sectors";"surplus_value.empe_ls.r.pc";"after_stage_5";"5";"mark_not_applicable";"";"NaN";"wiodr13_v1";"";"";"wiodr13/surplus_value.empe_ls.r.pc.R";"indicator.surplus_value.empe_ls.r.pc";"indicator.surplus_value.empe_ls.r.pc";"replace";"run-20260823T211620845Z-e43e6054a0a727e1";"0c535c619116a0b510581d50b372598a805256a85a8f1267c4fdafd65362bb5a";"cd259da2911f0616734ef50ee2719f535704506e7b59bceb5039cb9e2ee5c229";"3b8b125761e2bcf7c6f0e5c7bef1aa00d26d5853d57883a0e0e98fd50b4b71e6";"cc2c86189a06676bcb9f0e05e08033d710a92509";"0cb1142cdadd74bf95272010f5393ebe2af79f47";"run-20260824T045318395Z-868f3a008fb4a8af";"581a44befca61d146e1ca583e79213a618d0bc07fc001dc9565e5e2d0100d4d8";"cd259da2911f0616734ef50ee2719f535704506e7b59bceb5039cb9e2ee5c229";"3b8b125761e2bcf7c6f0e5c7bef1aa00d26d5853d57883a0e0e98fd50b4b71e6";"7d7178150e2b91768f9ba95b86fb0aab84f02bf8";"314e65771523065a36f1e5781cc18977dbb0fbb2";"262";"262";"22a43af9c124c60a618ff675f2aac3418270e38f3851a98beb58d35e801ef2b9"
"issue13-v5-diagnostic-module-bridge/1";"bridge-b93ee8d2a29f725b2e9524eb";"_anomalies.csv";"wiodr13";"wiodr13";"sea_sectors";"surplus_value.empe_ms.r.pc";"after_stage_5";"5";"mark_not_applicable";"";"Inf";"wiodr13_v1";"";"";"wiodr13/surplus_value.empe_ms.r.pc.R";"indicator.surplus_value.empe_ms.r.pc";"indicator.surplus_value.empe_ms.r.pc";"replace";"run-20260823T211620845Z-e43e6054a0a727e1";"0c535c619116a0b510581d50b372598a805256a85a8f1267c4fdafd65362bb5a";"cd259da2911f0616734ef50ee2719f535704506e7b59bceb5039cb9e2ee5c229";"3b8b125761e2bcf7c6f0e5c7bef1aa00d26d5853d57883a0e0e98fd50b4b71e6";"cc2c86189a06676bcb9f0e05e08033d710a92509";"0cb1142cdadd74bf95272010f5393ebe2af79f47";"run-20260824T045318395Z-868f3a008fb4a8af";"581a44befca61d146e1ca583e79213a618d0bc07fc001dc9565e5e2d0100d4d8";"cd259da2911f0616734ef50ee2719f535704506e7b59bceb5039cb9e2ee5c229";"3b8b125761e2bcf7c6f0e5c7bef1aa00d26d5853d57883a0e0e98fd50b4b71e6";"7d7178150e2b91768f9ba95b86fb0aab84f02bf8";"314e65771523065a36f1e5781cc18977dbb0fbb2";"31";"31";"b93ee8d2a29f725b2e9524eb71e070e5815c66d11d6aca5213293b1b0b4d7179"
"issue13-v5-diagnostic-module-bridge/1";"bridge-4bdb51f879e9c8e05aa9b29b";"_anomalies.csv";"wiodr13";"wiodr13";"sea_sectors";"surplus_value.empe_ms.r.pc";"after_stage_5";"5";"mark_not_applicable";"";"NaN";"wiodr13_v1";"";"";"wiodr13/surplus_value.empe_ms.r.pc.R";"indicator.surplus_value.empe_ms.r.pc";"indicator.surplus_value.empe_ms.r.pc";"replace";"run-20260823T211620845Z-e43e6054a0a727e1";"0c535c619116a0b510581d50b372598a805256a85a8f1267c4fdafd65362bb5a";"cd259da2911f0616734ef50ee2719f535704506e7b59bceb5039cb9e2ee5c229";"3b8b125761e2bcf7c6f0e5c7bef1aa00d26d5853d57883a0e0e98fd50b4b71e6";"cc2c86189a06676bcb9f0e05e08033d710a92509";"0cb1142cdadd74bf95272010f5393ebe2af79f47";"run-20260824T045318395Z-868f3a008fb4a8af";"581a44befca61d146e1ca583e79213a618d0bc07fc001dc9565e5e2d0100d4d8";"cd259da2911f0616734ef50ee2719f535704506e7b59bceb5039cb9e2ee5c229";"3b8b125761e2bcf7c6f0e5c7bef1aa00d26d5853d57883a0e0e98fd50b4b71e6";"7d7178150e2b91768f9ba95b86fb0aab84f02bf8";"314e65771523065a36f1e5781cc18977dbb0fbb2";"262";"262";"4bdb51f879e9c8e05aa9b29b7cb416bac99f0b799b1c9b85eae2f2638fc3e872"
"issue13-v5-diagnostic-module-bridge/1";"bridge-c054a4b40913cf1d32af122c";"_anomalies.csv";"wiodr13";"wiodr13";"sea_sectors";"trade_transfers.p.m.pc";"after_stage_5";"5";"mark_not_applicable";"";"-Inf";"wiodr13_v1";"";"";"common/trade_transfers.p.m.pc.R";"indicator.trade_transfers.p.m.pc";"indicator.trade_transfers.p.m.pc";"replace";"run-20260823T211620845Z-e43e6054a0a727e1";"0c535c619116a0b510581d50b372598a805256a85a8f1267c4fdafd65362bb5a";"cd259da2911f0616734ef50ee2719f535704506e7b59bceb5039cb9e2ee5c229";"3b8b125761e2bcf7c6f0e5c7bef1aa00d26d5853d57883a0e0e98fd50b4b71e6";"cc2c86189a06676bcb9f0e05e08033d710a92509";"0cb1142cdadd74bf95272010f5393ebe2af79f47";"run-20260824T045318395Z-868f3a008fb4a8af";"581a44befca61d146e1ca583e79213a618d0bc07fc001dc9565e5e2d0100d4d8";"cd259da2911f0616734ef50ee2719f535704506e7b59bceb5039cb9e2ee5c229";"3b8b125761e2bcf7c6f0e5c7bef1aa00d26d5853d57883a0e0e98fd50b4b71e6";"7d7178150e2b91768f9ba95b86fb0aab84f02bf8";"314e65771523065a36f1e5781cc18977dbb0fbb2";"38";"38";"c054a4b40913cf1d32af122c303a7cdbebec95f5aa11f9240a1f9e8303ad359f"
"issue13-v5-diagnostic-module-bridge/1";"bridge-69a580bf8f33fea82b7b7d57";"_anomalies.csv";"wiodr13";"wiodr13";"sea_sectors";"trade_transfers.p.m.pc";"after_stage_5";"5";"mark_not_applicable";"";"Inf";"wiodr13_v1";"";"";"common/trade_transfers.p.m.pc.R";"indicator.trade_transfers.p.m.pc";"indicator.trade_transfers.p.m.pc";"replace";"run-20260823T211620845Z-e43e6054a0a727e1";"0c535c619116a0b510581d50b372598a805256a85a8f1267c4fdafd65362bb5a";"cd259da2911f0616734ef50ee2719f535704506e7b59bceb5039cb9e2ee5c229";"3b8b125761e2bcf7c6f0e5c7bef1aa00d26d5853d57883a0e0e98fd50b4b71e6";"cc2c86189a06676bcb9f0e05e08033d710a92509";"0cb1142cdadd74bf95272010f5393ebe2af79f47";"run-20260824T045318395Z-868f3a008fb4a8af";"581a44befca61d146e1ca583e79213a618d0bc07fc001dc9565e5e2d0100d4d8";"cd259da2911f0616734ef50ee2719f535704506e7b59bceb5039cb9e2ee5c229";"3b8b125761e2bcf7c6f0e5c7bef1aa00d26d5853d57883a0e0e98fd50b4b71e6";"7d7178150e2b91768f9ba95b86fb0aab84f02bf8";"314e65771523065a36f1e5781cc18977dbb0fbb2";"1";"1";"69a580bf8f33fea82b7b7d5797c1641d879e5c38c172e275aa6e74154f8651f5"
"issue13-v5-diagnostic-module-bridge/1";"bridge-db89dcb581c6d0fa928009d6";"_anomalies.csv";"wiodr13";"wiodr13";"sea_sectors";"trade_transfers.p.m.pc";"after_stage_5";"5";"mark_not_applicable";"";"NaN";"wiodr13_v1";"";"";"common/trade_transfers.p.m.pc.R";"indicator.trade_transfers.p.m.pc";"indicator.trade_transfers.p.m.pc";"replace";"run-20260823T211620845Z-e43e6054a0a727e1";"0c535c619116a0b510581d50b372598a805256a85a8f1267c4fdafd65362bb5a";"cd259da2911f0616734ef50ee2719f535704506e7b59bceb5039cb9e2ee5c229";"3b8b125761e2bcf7c6f0e5c7bef1aa00d26d5853d57883a0e0e98fd50b4b71e6";"cc2c86189a06676bcb9f0e05e08033d710a92509";"0cb1142cdadd74bf95272010f5393ebe2af79f47";"run-20260824T045318395Z-868f3a008fb4a8af";"581a44befca61d146e1ca583e79213a618d0bc07fc001dc9565e5e2d0100d4d8";"cd259da2911f0616734ef50ee2719f535704506e7b59bceb5039cb9e2ee5c229";"3b8b125761e2bcf7c6f0e5c7bef1aa00d26d5853d57883a0e0e98fd50b4b71e6";"7d7178150e2b91768f9ba95b86fb0aab84f02bf8";"314e65771523065a36f1e5781cc18977dbb0fbb2";"6150";"6150";"db89dcb581c6d0fa928009d6e1cbfa305f0666b4c6489f822ebbe06ba501c912"
"issue13-v5-diagnostic-module-bridge/1";"bridge-dda81a192d569cc251b8a487";"_anomalies.csv";"wiodr13v09";"wiodr13";"sea_countries";"abstract_labour.empe.s.mv";"after_country_aggregation";"5";"preserve_all_missing";"";"NA";"wiodr13_v1";"";"";"sea_countries.R";"aggregation.direct";"aggregation.direct";"replace";"run-20260827T181731728Z-19df62f4c430d322";"56bc6568ff815900dfff7b264ed042cb0ac2e02ea4b077a2317f341a4f723d39";"c0d046b99664a616f685b29442a39106f37b5c7fb296d4dcac49b7e638b5f4e7";"3b8b125761e2bcf7c6f0e5c7bef1aa00d26d5853d57883a0e0e98fd50b4b71e6";"e2f4d6dae9a6d35c966b305fabac52e489faa3e7";"7da19c4f2913e857040ba228280f404b0e54eaab";"run-20260824T044829707Z-70ee0bb3b963effc";"2b2ae30b5321fefe22e42f3f65137817019a88c61a1ff99ca6c71139f43683bf";"c0d046b99664a616f685b29442a39106f37b5c7fb296d4dcac49b7e638b5f4e7";"3b8b125761e2bcf7c6f0e5c7bef1aa00d26d5853d57883a0e0e98fd50b4b71e6";"7d7178150e2b91768f9ba95b86fb0aab84f02bf8";"314e65771523065a36f1e5781cc18977dbb0fbb2";"525";"525";"dda81a192d569cc251b8a487e15b500b20667e66d68a13d3825caa6b7dcfa844"
"issue13-v5-diagnostic-module-bridge/1";"bridge-c214db2a0a254b1c36605272";"_anomalies.csv";"wiodr13v09";"wiodr13";"sea_countries";"abstract_labour.empe.s.mv";"after_world_aggregation";"5";"aggregate_available";"";"NA";"wiodr13_v1";"";"";"sea_countries.R";"aggregation.direct";"aggregation.direct";"replace";"run-20260827T181731728Z-19df62f4c430d322";"56bc6568ff815900dfff7b264ed042cb0ac2e02ea4b077a2317f341a4f723d39";"c0d046b99664a616f685b29442a39106f37b5c7fb296d4dcac49b7e638b5f4e7";"3b8b125761e2bcf7c6f0e5c7bef1aa00d26d5853d57883a0e0e98fd50b4b71e6";"e2f4d6dae9a6d35c966b305fabac52e489faa3e7";"7da19c4f2913e857040ba228280f404b0e54eaab";"run-20260824T044829707Z-70ee0bb3b963effc";"2b2ae30b5321fefe22e42f3f65137817019a88c61a1ff99ca6c71139f43683bf";"c0d046b99664a616f685b29442a39106f37b5c7fb296d4dcac49b7e638b5f4e7";"3b8b125761e2bcf7c6f0e5c7bef1aa00d26d5853d57883a0e0e98fd50b4b71e6";"7d7178150e2b91768f9ba95b86fb0aab84f02bf8";"314e65771523065a36f1e5781cc18977dbb0fbb2";"15";"15";"c214db2a0a254b1c366052722e6f07603ee2222594931c8b76c5cd2bb8c37892"
"issue13-v5-diagnostic-module-bridge/1";"bridge-b7d770ed0a0ce18c409d5cdf";"_anomalies.csv";"wiodr13v09";"wiodr13";"sea_countries";"appropriated_profit.r.pc";"after_country_module";"5";"mark_not_applicable";"";"Inf";"wiodr13_v1";"";"";"common/appropriated_profit.r.pc-country.R";"indicator.appropriated_profit.r.pc";"indicator.appropriated_profit.r.pc";"replace";"run-20260827T181731728Z-19df62f4c430d322";"56bc6568ff815900dfff7b264ed042cb0ac2e02ea4b077a2317f341a4f723d39";"c0d046b99664a616f685b29442a39106f37b5c7fb296d4dcac49b7e638b5f4e7";"3b8b125761e2bcf7c6f0e5c7bef1aa00d26d5853d57883a0e0e98fd50b4b71e6";"e2f4d6dae9a6d35c966b305fabac52e489faa3e7";"7da19c4f2913e857040ba228280f404b0e54eaab";"run-20260824T044829707Z-70ee0bb3b963effc";"2b2ae30b5321fefe22e42f3f65137817019a88c61a1ff99ca6c71139f43683bf";"c0d046b99664a616f685b29442a39106f37b5c7fb296d4dcac49b7e638b5f4e7";"3b8b125761e2bcf7c6f0e5c7bef1aa00d26d5853d57883a0e0e98fd50b4b71e6";"7d7178150e2b91768f9ba95b86fb0aab84f02bf8";"314e65771523065a36f1e5781cc18977dbb0fbb2";"30";"30";"b7d770ed0a0ce18c409d5cdf529606abf636fc149a9086ac33bb05aee8b556e1"
"issue13-v5-diagnostic-module-bridge/1";"bridge-9d5e5892e640961a76ca1e02";"_anomalies.csv";"wiodr13v09";"wiodr13";"sea_countries";"compensation.emp.s.cu";"after_country_aggregation";"5";"preserve_all_missing";"";"NA";"wiodr13_v1";"";"";"sea_countries.R";"aggregation.direct";"aggregation.direct";"replace";"run-20260827T181731728Z-19df62f4c430d322";"56bc6568ff815900dfff7b264ed042cb0ac2e02ea4b077a2317f341a4f723d39";"c0d046b99664a616f685b29442a39106f37b5c7fb296d4dcac49b7e638b5f4e7";"3b8b125761e2bcf7c6f0e5c7bef1aa00d26d5853d57883a0e0e98fd50b4b71e6";"e2f4d6dae9a6d35c966b305fabac52e489faa3e7";"7da19c4f2913e857040ba228280f404b0e54eaab";"run-20260824T044829707Z-70ee0bb3b963effc";"2b2ae30b5321fefe22e42f3f65137817019a88c61a1ff99ca6c71139f43683bf";"c0d046b99664a616f685b29442a39106f37b5c7fb296d4dcac49b7e638b5f4e7";"3b8b125761e2bcf7c6f0e5c7bef1aa00d26d5853d57883a0e0e98fd50b4b71e6";"7d7178150e2b91768f9ba95b86fb0aab84f02bf8";"314e65771523065a36f1e5781cc18977dbb0fbb2";"525";"525";"9d5e5892e640961a76ca1e021f59208f0d07ee6a87b6199436e4688aa62870b7"
"issue13-v5-diagnostic-module-bridge/1";"bridge-65bc79607525b20d56d53356";"_anomalies.csv";"wiodr13v09";"wiodr13";"sea_countries";"compensation.emp.s.cu";"after_world_aggregation";"5";"aggregate_available";"";"NA";"wiodr13_v1";"";"";"sea_countries.R";"aggregation.direct";"aggregation.direct";"replace";"run-20260827T181731728Z-19df62f4c430d322";"56bc6568ff815900dfff7b264ed042cb0ac2e02ea4b077a2317f341a4f723d39";"c0d046b99664a616f685b29442a39106f37b5c7fb296d4dcac49b7e638b5f4e7";"3b8b125761e2bcf7c6f0e5c7bef1aa00d26d5853d57883a0e0e98fd50b4b71e6";"e2f4d6dae9a6d35c966b305fabac52e489faa3e7";"7da19c4f2913e857040ba228280f404b0e54eaab";"run-20260824T044829707Z-70ee0bb3b963effc";"2b2ae30b5321fefe22e42f3f65137817019a88c61a1ff99ca6c71139f43683bf";"c0d046b99664a616f685b29442a39106f37b5c7fb296d4dcac49b7e638b5f4e7";"3b8b125761e2bcf7c6f0e5c7bef1aa00d26d5853d57883a0e0e98fd50b4b71e6";"7d7178150e2b91768f9ba95b86fb0aab84f02bf8";"314e65771523065a36f1e5781cc18977dbb0fbb2";"15";"15";"65bc79607525b20d56d533563d3340c26b562e29af65942d2c9cf0da3974670c"
"issue13-v5-diagnostic-module-bridge/1";"bridge-8a59e18c271c77c85c7e22fb";"_anomalies.csv";"wiodr13v09";"wiodr13";"sea_countries";"compensation.emp.s.us";"after_country_aggregation";"5";"preserve_all_missing";"";"NA";"wiodr13_v1";"";"";"sea_countries.R";"aggregation.direct";"aggregation.direct";"replace";"run-20260827T181731728Z-19df62f4c430d322";"56bc6568ff815900dfff7b264ed042cb0ac2e02ea4b077a2317f341a4f723d39";"c0d046b99664a616f685b29442a39106f37b5c7fb296d4dcac49b7e638b5f4e7";"3b8b125761e2bcf7c6f0e5c7bef1aa00d26d5853d57883a0e0e98fd50b4b71e6";"e2f4d6dae9a6d35c966b305fabac52e489faa3e7";"7da19c4f2913e857040ba228280f404b0e54eaab";"run-20260824T044829707Z-70ee0bb3b963effc";"2b2ae30b5321fefe22e42f3f65137817019a88c61a1ff99ca6c71139f43683bf";"c0d046b99664a616f685b29442a39106f37b5c7fb296d4dcac49b7e638b5f4e7";"3b8b125761e2bcf7c6f0e5c7bef1aa00d26d5853d57883a0e0e98fd50b4b71e6";"7d7178150e2b91768f9ba95b86fb0aab84f02bf8";"314e65771523065a36f1e5781cc18977dbb0fbb2";"525";"525";"8a59e18c271c77c85c7e22fb7253ea8ca324676c43e32745fbeb6401df632a7e"
"issue13-v5-diagnostic-module-bridge/1";"bridge-9b89e3ab158bad9a7024ab00";"_anomalies.csv";"wiodr13v09";"wiodr13";"sea_countries";"compensation.emp.s.us";"after_world_aggregation";"5";"aggregate_available";"";"NA";"wiodr13_v1";"";"";"sea_countries.R";"aggregation.direct";"aggregation.direct";"replace";"run-20260827T181731728Z-19df62f4c430d322";"56bc6568ff815900dfff7b264ed042cb0ac2e02ea4b077a2317f341a4f723d39";"c0d046b99664a616f685b29442a39106f37b5c7fb296d4dcac49b7e638b5f4e7";"3b8b125761e2bcf7c6f0e5c7bef1aa00d26d5853d57883a0e0e98fd50b4b71e6";"e2f4d6dae9a6d35c966b305fabac52e489faa3e7";"7da19c4f2913e857040ba228280f404b0e54eaab";"run-20260824T044829707Z-70ee0bb3b963effc";"2b2ae30b5321fefe22e42f3f65137817019a88c61a1ff99ca6c71139f43683bf";"c0d046b99664a616f685b29442a39106f37b5c7fb296d4dcac49b7e638b5f4e7";"3b8b125761e2bcf7c6f0e5c7bef1aa00d26d5853d57883a0e0e98fd50b4b71e6";"7d7178150e2b91768f9ba95b86fb0aab84f02bf8";"314e65771523065a36f1e5781cc18977dbb0fbb2";"15";"15";"9b89e3ab158bad9a7024ab004d033f6489f57cf6925c1d61be73759a40e8d69f"
"issue13-v5-diagnostic-module-bridge/1";"bridge-9b1fe5430c5f5ea695b1a497";"_anomalies.csv";"wiodr13v09";"wiodr13";"sea_countries";"compensation.empe.s.cu";"after_country_aggregation";"5";"preserve_all_missing";"";"NA";"wiodr13_v1";"";"";"sea_countries.R";"aggregation.direct";"aggregation.direct";"replace";"run-20260827T181731728Z-19df62f4c430d322";"56bc6568ff815900dfff7b264ed042cb0ac2e02ea4b077a2317f341a4f723d39";"c0d046b99664a616f685b29442a39106f37b5c7fb296d4dcac49b7e638b5f4e7";"3b8b125761e2bcf7c6f0e5c7bef1aa00d26d5853d57883a0e0e98fd50b4b71e6";"e2f4d6dae9a6d35c966b305fabac52e489faa3e7";"7da19c4f2913e857040ba228280f404b0e54eaab";"run-20260824T044829707Z-70ee0bb3b963effc";"2b2ae30b5321fefe22e42f3f65137817019a88c61a1ff99ca6c71139f43683bf";"c0d046b99664a616f685b29442a39106f37b5c7fb296d4dcac49b7e638b5f4e7";"3b8b125761e2bcf7c6f0e5c7bef1aa00d26d5853d57883a0e0e98fd50b4b71e6";"7d7178150e2b91768f9ba95b86fb0aab84f02bf8";"314e65771523065a36f1e5781cc18977dbb0fbb2";"525";"525";"9b1fe5430c5f5ea695b1a49784437cc8102253932e5be6ddec57f274b790fbf7"
"issue13-v5-diagnostic-module-bridge/1";"bridge-3063bf22d9ca342524789bfd";"_anomalies.csv";"wiodr13v09";"wiodr13";"sea_countries";"compensation.empe.s.cu";"after_world_aggregation";"5";"aggregate_available";"";"NA";"wiodr13_v1";"";"";"sea_countries.R";"aggregation.direct";"aggregation.direct";"replace";"run-20260827T181731728Z-19df62f4c430d322";"56bc6568ff815900dfff7b264ed042cb0ac2e02ea4b077a2317f341a4f723d39";"c0d046b99664a616f685b29442a39106f37b5c7fb296d4dcac49b7e638b5f4e7";"3b8b125761e2bcf7c6f0e5c7bef1aa00d26d5853d57883a0e0e98fd50b4b71e6";"e2f4d6dae9a6d35c966b305fabac52e489faa3e7";"7da19c4f2913e857040ba228280f404b0e54eaab";"run-20260824T044829707Z-70ee0bb3b963effc";"2b2ae30b5321fefe22e42f3f65137817019a88c61a1ff99ca6c71139f43683bf";"c0d046b99664a616f685b29442a39106f37b5c7fb296d4dcac49b7e638b5f4e7";"3b8b125761e2bcf7c6f0e5c7bef1aa00d26d5853d57883a0e0e98fd50b4b71e6";"7d7178150e2b91768f9ba95b86fb0aab84f02bf8";"314e65771523065a36f1e5781cc18977dbb0fbb2";"15";"15";"3063bf22d9ca342524789bfd9d030f994345921d57a1a49db4af34084c549298"
"issue13-v5-diagnostic-module-bridge/1";"bridge-b6f59eacd5d6a37c4099d194";"_anomalies.csv";"wiodr13v09";"wiodr13";"sea_countries";"compensation.empe.s.us";"after_country_aggregation";"5";"preserve_all_missing";"";"NA";"wiodr13_v1";"";"";"sea_countries.R";"aggregation.direct";"aggregation.direct";"replace";"run-20260827T181731728Z-19df62f4c430d322";"56bc6568ff815900dfff7b264ed042cb0ac2e02ea4b077a2317f341a4f723d39";"c0d046b99664a616f685b29442a39106f37b5c7fb296d4dcac49b7e638b5f4e7";"3b8b125761e2bcf7c6f0e5c7bef1aa00d26d5853d57883a0e0e98fd50b4b71e6";"e2f4d6dae9a6d35c966b305fabac52e489faa3e7";"7da19c4f2913e857040ba228280f404b0e54eaab";"run-20260824T044829707Z-70ee0bb3b963effc";"2b2ae30b5321fefe22e42f3f65137817019a88c61a1ff99ca6c71139f43683bf";"c0d046b99664a616f685b29442a39106f37b5c7fb296d4dcac49b7e638b5f4e7";"3b8b125761e2bcf7c6f0e5c7bef1aa00d26d5853d57883a0e0e98fd50b4b71e6";"7d7178150e2b91768f9ba95b86fb0aab84f02bf8";"314e65771523065a36f1e5781cc18977dbb0fbb2";"525";"525";"b6f59eacd5d6a37c4099d194e908697fd8921bb1625b578509752e07e7af5b55"
"issue13-v5-diagnostic-module-bridge/1";"bridge-2c06ddaca6b2b5573eb4032f";"_anomalies.csv";"wiodr13v09";"wiodr13";"sea_countries";"compensation.empe.s.us";"after_world_aggregation";"5";"aggregate_available";"";"NA";"wiodr13_v1";"";"";"sea_countries.R";"aggregation.direct";"aggregation.direct";"replace";"run-20260827T181731728Z-19df62f4c430d322";"56bc6568ff815900dfff7b264ed042cb0ac2e02ea4b077a2317f341a4f723d39";"c0d046b99664a616f685b29442a39106f37b5c7fb296d4dcac49b7e638b5f4e7";"3b8b125761e2bcf7c6f0e5c7bef1aa00d26d5853d57883a0e0e98fd50b4b71e6";"e2f4d6dae9a6d35c966b305fabac52e489faa3e7";"7da19c4f2913e857040ba228280f404b0e54eaab";"run-20260824T044829707Z-70ee0bb3b963effc";"2b2ae30b5321fefe22e42f3f65137817019a88c61a1ff99ca6c71139f43683bf";"c0d046b99664a616f685b29442a39106f37b5c7fb296d4dcac49b7e638b5f4e7";"3b8b125761e2bcf7c6f0e5c7bef1aa00d26d5853d57883a0e0e98fd50b4b71e6";"7d7178150e2b91768f9ba95b86fb0aab84f02bf8";"314e65771523065a36f1e5781cc18977dbb0fbb2";"15";"15";"2c06ddaca6b2b5573eb4032f2151e077810119d18915bc86a5493d017b488192"
"issue13-v5-diagnostic-module-bridge/1";"bridge-54e231a16c4ecdade20586f8";"_anomalies.csv";"wiodr13v09";"wiodr13";"sea_countries";"compensation.empe_hs.r.pc";"after_country_aggregation";"5";"preserve_all_missing";"";"NA";"wiodr13_v1";"";"";"sea_countries.R";"aggregation.direct";"aggregation.direct";"replace";"run-20260827T181731728Z-19df62f4c430d322";"56bc6568ff815900dfff7b264ed042cb0ac2e02ea4b077a2317f341a4f723d39";"c0d046b99664a616f685b29442a39106f37b5c7fb296d4dcac49b7e638b5f4e7";"3b8b125761e2bcf7c6f0e5c7bef1aa00d26d5853d57883a0e0e98fd50b4b71e6";"e2f4d6dae9a6d35c966b305fabac52e489faa3e7";"7da19c4f2913e857040ba228280f404b0e54eaab";"run-20260824T044829707Z-70ee0bb3b963effc";"2b2ae30b5321fefe22e42f3f65137817019a88c61a1ff99ca6c71139f43683bf";"c0d046b99664a616f685b29442a39106f37b5c7fb296d4dcac49b7e638b5f4e7";"3b8b125761e2bcf7c6f0e5c7bef1aa00d26d5853d57883a0e0e98fd50b4b71e6";"7d7178150e2b91768f9ba95b86fb0aab84f02bf8";"314e65771523065a36f1e5781cc18977dbb0fbb2";"525";"525";"54e231a16c4ecdade20586f8c3ecce3c8d01927c6087cde54fd6610cf7da1ba3"
"issue13-v5-diagnostic-module-bridge/1";"bridge-841c890a212f8d5e621890c6";"_anomalies.csv";"wiodr13v09";"wiodr13";"sea_countries";"compensation.empe_hs.r.pc";"after_world_aggregation";"5";"aggregate_available";"";"NA";"wiodr13_v1";"";"";"sea_countries.R";"aggregation.direct";"aggregation.direct";"replace";"run-20260827T181731728Z-19df62f4c430d322";"56bc6568ff815900dfff7b264ed042cb0ac2e02ea4b077a2317f341a4f723d39";"c0d046b99664a616f685b29442a39106f37b5c7fb296d4dcac49b7e638b5f4e7";"3b8b125761e2bcf7c6f0e5c7bef1aa00d26d5853d57883a0e0e98fd50b4b71e6";"e2f4d6dae9a6d35c966b305fabac52e489faa3e7";"7da19c4f2913e857040ba228280f404b0e54eaab";"run-20260824T044829707Z-70ee0bb3b963effc";"2b2ae30b5321fefe22e42f3f65137817019a88c61a1ff99ca6c71139f43683bf";"c0d046b99664a616f685b29442a39106f37b5c7fb296d4dcac49b7e638b5f4e7";"3b8b125761e2bcf7c6f0e5c7bef1aa00d26d5853d57883a0e0e98fd50b4b71e6";"7d7178150e2b91768f9ba95b86fb0aab84f02bf8";"314e65771523065a36f1e5781cc18977dbb0fbb2";"15";"15";"841c890a212f8d5e621890c6938881e31a309380f225e293811ecf37ee28838d"
"issue13-v5-diagnostic-module-bridge/1";"bridge-552b704757490f5b5dca2dff";"_anomalies.csv";"wiodr13v09";"wiodr13";"sea_countries";"compensation.empe_ls.r.pc";"after_country_aggregation";"5";"preserve_all_missing";"";"NA";"wiodr13_v1";"";"";"sea_countries.R";"aggregation.direct";"aggregation.direct";"replace";"run-20260827T181731728Z-19df62f4c430d322";"56bc6568ff815900dfff7b264ed042cb0ac2e02ea4b077a2317f341a4f723d39";"c0d046b99664a616f685b29442a39106f37b5c7fb296d4dcac49b7e638b5f4e7";"3b8b125761e2bcf7c6f0e5c7bef1aa00d26d5853d57883a0e0e98fd50b4b71e6";"e2f4d6dae9a6d35c966b305fabac52e489faa3e7";"7da19c4f2913e857040ba228280f404b0e54eaab";"run-20260824T044829707Z-70ee0bb3b963effc";"2b2ae30b5321fefe22e42f3f65137817019a88c61a1ff99ca6c71139f43683bf";"c0d046b99664a616f685b29442a39106f37b5c7fb296d4dcac49b7e638b5f4e7";"3b8b125761e2bcf7c6f0e5c7bef1aa00d26d5853d57883a0e0e98fd50b4b71e6";"7d7178150e2b91768f9ba95b86fb0aab84f02bf8";"314e65771523065a36f1e5781cc18977dbb0fbb2";"525";"525";"552b704757490f5b5dca2dff0336c6e4e286c08229fd42c657ec8256597e5e32"
"issue13-v5-diagnostic-module-bridge/1";"bridge-80e483d501ea8723f92f2f26";"_anomalies.csv";"wiodr13v09";"wiodr13";"sea_countries";"compensation.empe_ls.r.pc";"after_world_aggregation";"5";"aggregate_available";"";"NA";"wiodr13_v1";"";"";"sea_countries.R";"aggregation.direct";"aggregation.direct";"replace";"run-20260827T181731728Z-19df62f4c430d322";"56bc6568ff815900dfff7b264ed042cb0ac2e02ea4b077a2317f341a4f723d39";"c0d046b99664a616f685b29442a39106f37b5c7fb296d4dcac49b7e638b5f4e7";"3b8b125761e2bcf7c6f0e5c7bef1aa00d26d5853d57883a0e0e98fd50b4b71e6";"e2f4d6dae9a6d35c966b305fabac52e489faa3e7";"7da19c4f2913e857040ba228280f404b0e54eaab";"run-20260824T044829707Z-70ee0bb3b963effc";"2b2ae30b5321fefe22e42f3f65137817019a88c61a1ff99ca6c71139f43683bf";"c0d046b99664a616f685b29442a39106f37b5c7fb296d4dcac49b7e638b5f4e7";"3b8b125761e2bcf7c6f0e5c7bef1aa00d26d5853d57883a0e0e98fd50b4b71e6";"7d7178150e2b91768f9ba95b86fb0aab84f02bf8";"314e65771523065a36f1e5781cc18977dbb0fbb2";"15";"15";"80e483d501ea8723f92f2f264b0c93d5b9f08fabc9e8584e007a0da8672e0199"
"issue13-v5-diagnostic-module-bridge/1";"bridge-8b8422b090b25e5c0f648751";"_anomalies.csv";"wiodr13v09";"wiodr13";"sea_countries";"compensation.empe_ms.r.pc";"after_country_aggregation";"5";"preserve_all_missing";"";"NA";"wiodr13_v1";"";"";"sea_countries.R";"aggregation.direct";"aggregation.direct";"replace";"run-20260827T181731728Z-19df62f4c430d322";"56bc6568ff815900dfff7b264ed042cb0ac2e02ea4b077a2317f341a4f723d39";"c0d046b99664a616f685b29442a39106f37b5c7fb296d4dcac49b7e638b5f4e7";"3b8b125761e2bcf7c6f0e5c7bef1aa00d26d5853d57883a0e0e98fd50b4b71e6";"e2f4d6dae9a6d35c966b305fabac52e489faa3e7";"7da19c4f2913e857040ba228280f404b0e54eaab";"run-20260824T044829707Z-70ee0bb3b963effc";"2b2ae30b5321fefe22e42f3f65137817019a88c61a1ff99ca6c71139f43683bf";"c0d046b99664a616f685b29442a39106f37b5c7fb296d4dcac49b7e638b5f4e7";"3b8b125761e2bcf7c6f0e5c7bef1aa00d26d5853d57883a0e0e98fd50b4b71e6";"7d7178150e2b91768f9ba95b86fb0aab84f02bf8";"314e65771523065a36f1e5781cc18977dbb0fbb2";"525";"525";"8b8422b090b25e5c0f648751ded20905bd634e94d3becd0000c6bcda9e3758ec"
"issue13-v5-diagnostic-module-bridge/1";"bridge-e437fcbbfbd5f3ba84f261c0";"_anomalies.csv";"wiodr13v09";"wiodr13";"sea_countries";"compensation.empe_ms.r.pc";"after_world_aggregation";"5";"aggregate_available";"";"NA";"wiodr13_v1";"";"";"sea_countries.R";"aggregation.direct";"aggregation.direct";"replace";"run-20260827T181731728Z-19df62f4c430d322";"56bc6568ff815900dfff7b264ed042cb0ac2e02ea4b077a2317f341a4f723d39";"c0d046b99664a616f685b29442a39106f37b5c7fb296d4dcac49b7e638b5f4e7";"3b8b125761e2bcf7c6f0e5c7bef1aa00d26d5853d57883a0e0e98fd50b4b71e6";"e2f4d6dae9a6d35c966b305fabac52e489faa3e7";"7da19c4f2913e857040ba228280f404b0e54eaab";"run-20260824T044829707Z-70ee0bb3b963effc";"2b2ae30b5321fefe22e42f3f65137817019a88c61a1ff99ca6c71139f43683bf";"c0d046b99664a616f685b29442a39106f37b5c7fb296d4dcac49b7e638b5f4e7";"3b8b125761e2bcf7c6f0e5c7bef1aa00d26d5853d57883a0e0e98fd50b4b71e6";"7d7178150e2b91768f9ba95b86fb0aab84f02bf8";"314e65771523065a36f1e5781cc18977dbb0fbb2";"15";"15";"e437fcbbfbd5f3ba84f261c0376ecd87defd53c7c5b33396b04f40f779a06419"
"issue13-v5-diagnostic-module-bridge/1";"bridge-01801f73b0280fb0d7d7cc85";"_anomalies.csv";"wiodr13v09";"wiodr13";"sea_countries";"empe.s.un";"after_country_aggregation";"5";"preserve_all_missing";"";"NA";"wiodr13_v1";"";"";"sea_countries.R";"aggregation.direct";"aggregation.direct";"replace";"run-20260827T181731728Z-19df62f4c430d322";"56bc6568ff815900dfff7b264ed042cb0ac2e02ea4b077a2317f341a4f723d39";"c0d046b99664a616f685b29442a39106f37b5c7fb296d4dcac49b7e638b5f4e7";"3b8b125761e2bcf7c6f0e5c7bef1aa00d26d5853d57883a0e0e98fd50b4b71e6";"e2f4d6dae9a6d35c966b305fabac52e489faa3e7";"7da19c4f2913e857040ba228280f404b0e54eaab";"run-20260824T044829707Z-70ee0bb3b963effc";"2b2ae30b5321fefe22e42f3f65137817019a88c61a1ff99ca6c71139f43683bf";"c0d046b99664a616f685b29442a39106f37b5c7fb296d4dcac49b7e638b5f4e7";"3b8b125761e2bcf7c6f0e5c7bef1aa00d26d5853d57883a0e0e98fd50b4b71e6";"7d7178150e2b91768f9ba95b86fb0aab84f02bf8";"314e65771523065a36f1e5781cc18977dbb0fbb2";"525";"525";"01801f73b0280fb0d7d7cc857730d654a235657e862d69d72e972a6bf9818af3"
"issue13-v5-diagnostic-module-bridge/1";"bridge-e691498d3a855175036a495c";"_anomalies.csv";"wiodr13v09";"wiodr13";"sea_countries";"empe.s.un";"after_world_aggregation";"5";"aggregate_available";"";"NA";"wiodr13_v1";"";"";"sea_countries.R";"aggregation.direct";"aggregation.direct";"replace";"run-20260827T181731728Z-19df62f4c430d322";"56bc6568ff815900dfff7b264ed042cb0ac2e02ea4b077a2317f341a4f723d39";"c0d046b99664a616f685b29442a39106f37b5c7fb296d4dcac49b7e638b5f4e7";"3b8b125761e2bcf7c6f0e5c7bef1aa00d26d5853d57883a0e0e98fd50b4b71e6";"e2f4d6dae9a6d35c966b305fabac52e489faa3e7";"7da19c4f2913e857040ba228280f404b0e54eaab";"run-20260824T044829707Z-70ee0bb3b963effc";"2b2ae30b5321fefe22e42f3f65137817019a88c61a1ff99ca6c71139f43683bf";"c0d046b99664a616f685b29442a39106f37b5c7fb296d4dcac49b7e638b5f4e7";"3b8b125761e2bcf7c6f0e5c7bef1aa00d26d5853d57883a0e0e98fd50b4b71e6";"7d7178150e2b91768f9ba95b86fb0aab84f02bf8";"314e65771523065a36f1e5781cc18977dbb0fbb2";"15";"15";"e691498d3a855175036a495c69f34388601c6cdffe6d7c193f53d966d241bba4"
"issue13-v5-diagnostic-module-bridge/1";"bridge-936c36a3dcf2b621481089e0";"_anomalies.csv";"wiodr13v09";"wiodr13";"sea_countries";"exchange.r.us";"after_country_aggregation";"5";"preserve_all_missing";"";"NA";"wiodr13_v1";"";"";"sea_countries.R";"aggregation.direct";"aggregation.direct";"replace";"run-20260827T181731728Z-19df62f4c430d322";"56bc6568ff815900dfff7b264ed042cb0ac2e02ea4b077a2317f341a4f723d39";"c0d046b99664a616f685b29442a39106f37b5c7fb296d4dcac49b7e638b5f4e7";"3b8b125761e2bcf7c6f0e5c7bef1aa00d26d5853d57883a0e0e98fd50b4b71e6";"e2f4d6dae9a6d35c966b305fabac52e489faa3e7";"7da19c4f2913e857040ba228280f404b0e54eaab";"run-20260824T044829707Z-70ee0bb3b963effc";"2b2ae30b5321fefe22e42f3f65137817019a88c61a1ff99ca6c71139f43683bf";"c0d046b99664a616f685b29442a39106f37b5c7fb296d4dcac49b7e638b5f4e7";"3b8b125761e2bcf7c6f0e5c7bef1aa00d26d5853d57883a0e0e98fd50b4b71e6";"7d7178150e2b91768f9ba95b86fb0aab84f02bf8";"314e65771523065a36f1e5781cc18977dbb0fbb2";"525";"525";"936c36a3dcf2b621481089e0791a37bacd6a050d27bfd072ae68efd08e6fb93e"
"issue13-v5-diagnostic-module-bridge/1";"bridge-2b0faa5bfdad8cf396fc8040";"_anomalies.csv";"wiodr13v09";"wiodr13";"sea_countries";"exchange.r.us";"after_world_aggregation";"5";"aggregate_available";"";"NA";"wiodr13_v1";"";"";"sea_countries.R";"aggregation.direct";"aggregation.direct";"replace";"run-20260827T181731728Z-19df62f4c430d322";"56bc6568ff815900dfff7b264ed042cb0ac2e02ea4b077a2317f341a4f723d39";"c0d046b99664a616f685b29442a39106f37b5c7fb296d4dcac49b7e638b5f4e7";"3b8b125761e2bcf7c6f0e5c7bef1aa00d26d5853d57883a0e0e98fd50b4b71e6";"e2f4d6dae9a6d35c966b305fabac52e489faa3e7";"7da19c4f2913e857040ba228280f404b0e54eaab";"run-20260824T044829707Z-70ee0bb3b963effc";"2b2ae30b5321fefe22e42f3f65137817019a88c61a1ff99ca6c71139f43683bf";"c0d046b99664a616f685b29442a39106f37b5c7fb296d4dcac49b7e638b5f4e7";"3b8b125761e2bcf7c6f0e5c7bef1aa00d26d5853d57883a0e0e98fd50b4b71e6";"7d7178150e2b91768f9ba95b86fb0aab84f02bf8";"314e65771523065a36f1e5781cc18977dbb0fbb2";"15";"15";"2b0faa5bfdad8cf396fc80402e4a2bc53f8f44095f1ba7ffc5530dbafe00e450"
"issue13-v5-diagnostic-module-bridge/1";"bridge-b0536deec1c4938b46e0c723";"_anomalies.csv";"wiodr13v09";"wiodr13";"sea_countries";"go_price.r.id";"after_country_aggregation";"5";"aggregate_available";"";"NA";"wiodr13_v1";"";"";"sea_countries.R";"aggregation.direct";"aggregation.direct";"replace";"run-20260827T181731728Z-19df62f4c430d322";"56bc6568ff815900dfff7b264ed042cb0ac2e02ea4b077a2317f341a4f723d39";"c0d046b99664a616f685b29442a39106f37b5c7fb296d4dcac49b7e638b5f4e7";"3b8b125761e2bcf7c6f0e5c7bef1aa00d26d5853d57883a0e0e98fd50b4b71e6";"e2f4d6dae9a6d35c966b305fabac52e489faa3e7";"7da19c4f2913e857040ba228280f404b0e54eaab";"run-20260824T044829707Z-70ee0bb3b963effc";"2b2ae30b5321fefe22e42f3f65137817019a88c61a1ff99ca6c71139f43683bf";"c0d046b99664a616f685b29442a39106f37b5c7fb296d4dcac49b7e638b5f4e7";"3b8b125761e2bcf7c6f0e5c7bef1aa00d26d5853d57883a0e0e98fd50b4b71e6";"7d7178150e2b91768f9ba95b86fb0aab84f02bf8";"314e65771523065a36f1e5781cc18977dbb0fbb2";"240";"240";"b0536deec1c4938b46e0c723fe658b017a23f1cfec171b2af5670ea7168b730a"
"issue13-v5-diagnostic-module-bridge/1";"bridge-dff2b692b83e9ba52c0c4d9b";"_anomalies.csv";"wiodr13v09";"wiodr13";"sea_countries";"hours_worked.empe.s.hr";"after_country_aggregation";"5";"preserve_all_missing";"";"NA";"wiodr13_v1";"";"";"sea_countries.R";"aggregation.direct";"aggregation.direct";"replace";"run-20260827T181731728Z-19df62f4c430d322";"56bc6568ff815900dfff7b264ed042cb0ac2e02ea4b077a2317f341a4f723d39";"c0d046b99664a616f685b29442a39106f37b5c7fb296d4dcac49b7e638b5f4e7";"3b8b125761e2bcf7c6f0e5c7bef1aa00d26d5853d57883a0e0e98fd50b4b71e6";"e2f4d6dae9a6d35c966b305fabac52e489faa3e7";"7da19c4f2913e857040ba228280f404b0e54eaab";"run-20260824T044829707Z-70ee0bb3b963effc";"2b2ae30b5321fefe22e42f3f65137817019a88c61a1ff99ca6c71139f43683bf";"c0d046b99664a616f685b29442a39106f37b5c7fb296d4dcac49b7e638b5f4e7";"3b8b125761e2bcf7c6f0e5c7bef1aa00d26d5853d57883a0e0e98fd50b4b71e6";"7d7178150e2b91768f9ba95b86fb0aab84f02bf8";"314e65771523065a36f1e5781cc18977dbb0fbb2";"525";"525";"dff2b692b83e9ba52c0c4d9b51a4b2d76d8bd8422e4c8bedf44d181b1f8c4353"
"issue13-v5-diagnostic-module-bridge/1";"bridge-ad55d762a521668faff09b5d";"_anomalies.csv";"wiodr13v09";"wiodr13";"sea_countries";"hours_worked.empe.s.hr";"after_world_aggregation";"5";"aggregate_available";"";"NA";"wiodr13_v1";"";"";"sea_countries.R";"aggregation.direct";"aggregation.direct";"replace";"run-20260827T181731728Z-19df62f4c430d322";"56bc6568ff815900dfff7b264ed042cb0ac2e02ea4b077a2317f341a4f723d39";"c0d046b99664a616f685b29442a39106f37b5c7fb296d4dcac49b7e638b5f4e7";"3b8b125761e2bcf7c6f0e5c7bef1aa00d26d5853d57883a0e0e98fd50b4b71e6";"e2f4d6dae9a6d35c966b305fabac52e489faa3e7";"7da19c4f2913e857040ba228280f404b0e54eaab";"run-20260824T044829707Z-70ee0bb3b963effc";"2b2ae30b5321fefe22e42f3f65137817019a88c61a1ff99ca6c71139f43683bf";"c0d046b99664a616f685b29442a39106f37b5c7fb296d4dcac49b7e638b5f4e7";"3b8b125761e2bcf7c6f0e5c7bef1aa00d26d5853d57883a0e0e98fd50b4b71e6";"7d7178150e2b91768f9ba95b86fb0aab84f02bf8";"314e65771523065a36f1e5781cc18977dbb0fbb2";"15";"15";"ad55d762a521668faff09b5db314956cf238e82d78f72e8b162b5ebd35eb7684"
"issue13-v5-diagnostic-module-bridge/1";"bridge-0645f44a2c47c90ab4302c09";"_anomalies.csv";"wiodr13v09";"wiodr13";"sea_countries";"hours_worked.empe_hs.r.pc";"after_country_aggregation";"5";"preserve_all_missing";"";"NA";"wiodr13_v1";"";"";"sea_countries.R";"aggregation.direct";"aggregation.direct";"replace";"run-20260827T181731728Z-19df62f4c430d322";"56bc6568ff815900dfff7b264ed042cb0ac2e02ea4b077a2317f341a4f723d39";"c0d046b99664a616f685b29442a39106f37b5c7fb296d4dcac49b7e638b5f4e7";"3b8b125761e2bcf7c6f0e5c7bef1aa00d26d5853d57883a0e0e98fd50b4b71e6";"e2f4d6dae9a6d35c966b305fabac52e489faa3e7";"7da19c4f2913e857040ba228280f404b0e54eaab";"run-20260824T044829707Z-70ee0bb3b963effc";"2b2ae30b5321fefe22e42f3f65137817019a88c61a1ff99ca6c71139f43683bf";"c0d046b99664a616f685b29442a39106f37b5c7fb296d4dcac49b7e638b5f4e7";"3b8b125761e2bcf7c6f0e5c7bef1aa00d26d5853d57883a0e0e98fd50b4b71e6";"7d7178150e2b91768f9ba95b86fb0aab84f02bf8";"314e65771523065a36f1e5781cc18977dbb0fbb2";"525";"525";"0645f44a2c47c90ab4302c0905571df6609b5bfe31cd1785401feff7a9692b1d"
"issue13-v5-diagnostic-module-bridge/1";"bridge-6197775af3c72973af4b974b";"_anomalies.csv";"wiodr13v09";"wiodr13";"sea_countries";"hours_worked.empe_hs.r.pc";"after_world_aggregation";"5";"aggregate_available";"";"NA";"wiodr13_v1";"";"";"sea_countries.R";"aggregation.direct";"aggregation.direct";"replace";"run-20260827T181731728Z-19df62f4c430d322";"56bc6568ff815900dfff7b264ed042cb0ac2e02ea4b077a2317f341a4f723d39";"c0d046b99664a616f685b29442a39106f37b5c7fb296d4dcac49b7e638b5f4e7";"3b8b125761e2bcf7c6f0e5c7bef1aa00d26d5853d57883a0e0e98fd50b4b71e6";"e2f4d6dae9a6d35c966b305fabac52e489faa3e7";"7da19c4f2913e857040ba228280f404b0e54eaab";"run-20260824T044829707Z-70ee0bb3b963effc";"2b2ae30b5321fefe22e42f3f65137817019a88c61a1ff99ca6c71139f43683bf";"c0d046b99664a616f685b29442a39106f37b5c7fb296d4dcac49b7e638b5f4e7";"3b8b125761e2bcf7c6f0e5c7bef1aa00d26d5853d57883a0e0e98fd50b4b71e6";"7d7178150e2b91768f9ba95b86fb0aab84f02bf8";"314e65771523065a36f1e5781cc18977dbb0fbb2";"15";"15";"6197775af3c72973af4b974bbd909f5c7e534101fa6cbeded4d2ba103bfc1032"
"issue13-v5-diagnostic-module-bridge/1";"bridge-ad48a83c87729b6a100290f9";"_anomalies.csv";"wiodr13v09";"wiodr13";"sea_countries";"hours_worked.empe_ls.r.pc";"after_country_aggregation";"5";"preserve_all_missing";"";"NA";"wiodr13_v1";"";"";"sea_countries.R";"aggregation.direct";"aggregation.direct";"replace";"run-20260827T181731728Z-19df62f4c430d322";"56bc6568ff815900dfff7b264ed042cb0ac2e02ea4b077a2317f341a4f723d39";"c0d046b99664a616f685b29442a39106f37b5c7fb296d4dcac49b7e638b5f4e7";"3b8b125761e2bcf7c6f0e5c7bef1aa00d26d5853d57883a0e0e98fd50b4b71e6";"e2f4d6dae9a6d35c966b305fabac52e489faa3e7";"7da19c4f2913e857040ba228280f404b0e54eaab";"run-20260824T044829707Z-70ee0bb3b963effc";"2b2ae30b5321fefe22e42f3f65137817019a88c61a1ff99ca6c71139f43683bf";"c0d046b99664a616f685b29442a39106f37b5c7fb296d4dcac49b7e638b5f4e7";"3b8b125761e2bcf7c6f0e5c7bef1aa00d26d5853d57883a0e0e98fd50b4b71e6";"7d7178150e2b91768f9ba95b86fb0aab84f02bf8";"314e65771523065a36f1e5781cc18977dbb0fbb2";"525";"525";"ad48a83c87729b6a100290f94e6d37df5e80a041976770450305685c561941b1"
"issue13-v5-diagnostic-module-bridge/1";"bridge-8bbcd5c156692f4dcd3e04b5";"_anomalies.csv";"wiodr13v09";"wiodr13";"sea_countries";"hours_worked.empe_ls.r.pc";"after_world_aggregation";"5";"aggregate_available";"";"NA";"wiodr13_v1";"";"";"sea_countries.R";"aggregation.direct";"aggregation.direct";"replace";"run-20260827T181731728Z-19df62f4c430d322";"56bc6568ff815900dfff7b264ed042cb0ac2e02ea4b077a2317f341a4f723d39";"c0d046b99664a616f685b29442a39106f37b5c7fb296d4dcac49b7e638b5f4e7";"3b8b125761e2bcf7c6f0e5c7bef1aa00d26d5853d57883a0e0e98fd50b4b71e6";"e2f4d6dae9a6d35c966b305fabac52e489faa3e7";"7da19c4f2913e857040ba228280f404b0e54eaab";"run-20260824T044829707Z-70ee0bb3b963effc";"2b2ae30b5321fefe22e42f3f65137817019a88c61a1ff99ca6c71139f43683bf";"c0d046b99664a616f685b29442a39106f37b5c7fb296d4dcac49b7e638b5f4e7";"3b8b125761e2bcf7c6f0e5c7bef1aa00d26d5853d57883a0e0e98fd50b4b71e6";"7d7178150e2b91768f9ba95b86fb0aab84f02bf8";"314e65771523065a36f1e5781cc18977dbb0fbb2";"15";"15";"8bbcd5c156692f4dcd3e04b55e9c60f2640ebfe63cc1d5e5c686e71aeec443ce"
"issue13-v5-diagnostic-module-bridge/1";"bridge-ebc82e035e2ae49e18f3eaaf";"_anomalies.csv";"wiodr13v09";"wiodr13";"sea_countries";"hours_worked.empe_ms.r.pc";"after_country_aggregation";"5";"preserve_all_missing";"";"NA";"wiodr13_v1";"";"";"sea_countries.R";"aggregation.direct";"aggregation.direct";"replace";"run-20260827T181731728Z-19df62f4c430d322";"56bc6568ff815900dfff7b264ed042cb0ac2e02ea4b077a2317f341a4f723d39";"c0d046b99664a616f685b29442a39106f37b5c7fb296d4dcac49b7e638b5f4e7";"3b8b125761e2bcf7c6f0e5c7bef1aa00d26d5853d57883a0e0e98fd50b4b71e6";"e2f4d6dae9a6d35c966b305fabac52e489faa3e7";"7da19c4f2913e857040ba228280f404b0e54eaab";"run-20260824T044829707Z-70ee0bb3b963effc";"2b2ae30b5321fefe22e42f3f65137817019a88c61a1ff99ca6c71139f43683bf";"c0d046b99664a616f685b29442a39106f37b5c7fb296d4dcac49b7e638b5f4e7";"3b8b125761e2bcf7c6f0e5c7bef1aa00d26d5853d57883a0e0e98fd50b4b71e6";"7d7178150e2b91768f9ba95b86fb0aab84f02bf8";"314e65771523065a36f1e5781cc18977dbb0fbb2";"525";"525";"ebc82e035e2ae49e18f3eaaf2def73ebc9e85af0e76f304d73c10103b2c471d9"
"issue13-v5-diagnostic-module-bridge/1";"bridge-bd7828675f65b1a4b7d2ec8c";"_anomalies.csv";"wiodr13v09";"wiodr13";"sea_countries";"hours_worked.empe_ms.r.pc";"after_world_aggregation";"5";"aggregate_available";"";"NA";"wiodr13_v1";"";"";"sea_countries.R";"aggregation.direct";"aggregation.direct";"replace";"run-20260827T181731728Z-19df62f4c430d322";"56bc6568ff815900dfff7b264ed042cb0ac2e02ea4b077a2317f341a4f723d39";"c0d046b99664a616f685b29442a39106f37b5c7fb296d4dcac49b7e638b5f4e7";"3b8b125761e2bcf7c6f0e5c7bef1aa00d26d5853d57883a0e0e98fd50b4b71e6";"e2f4d6dae9a6d35c966b305fabac52e489faa3e7";"7da19c4f2913e857040ba228280f404b0e54eaab";"run-20260824T044829707Z-70ee0bb3b963effc";"2b2ae30b5321fefe22e42f3f65137817019a88c61a1ff99ca6c71139f43683bf";"c0d046b99664a616f685b29442a39106f37b5c7fb296d4dcac49b7e638b5f4e7";"3b8b125761e2bcf7c6f0e5c7bef1aa00d26d5853d57883a0e0e98fd50b4b71e6";"7d7178150e2b91768f9ba95b86fb0aab84f02bf8";"314e65771523065a36f1e5781cc18977dbb0fbb2";"15";"15";"bd7828675f65b1a4b7d2ec8cdbaaf3d89f9f255e2646c080e09ffc3a4f2c1a4c"
"issue13-v5-diagnostic-module-bridge/1";"bridge-5cca079ee527740ad1f75e82";"_anomalies.csv";"wiodr13v09";"wiodr13";"sea_countries";"labour_force_value.emp.s.mv";"after_country_aggregation";"5";"preserve_all_missing";"";"NA";"wiodr13_v1";"";"";"sea_countries.R";"aggregation.direct";"aggregation.direct";"replace";"run-20260827T181731728Z-19df62f4c430d322";"56bc6568ff815900dfff7b264ed042cb0ac2e02ea4b077a2317f341a4f723d39";"c0d046b99664a616f685b29442a39106f37b5c7fb296d4dcac49b7e638b5f4e7";"3b8b125761e2bcf7c6f0e5c7bef1aa00d26d5853d57883a0e0e98fd50b4b71e6";"e2f4d6dae9a6d35c966b305fabac52e489faa3e7";"7da19c4f2913e857040ba228280f404b0e54eaab";"run-20260824T044829707Z-70ee0bb3b963effc";"2b2ae30b5321fefe22e42f3f65137817019a88c61a1ff99ca6c71139f43683bf";"c0d046b99664a616f685b29442a39106f37b5c7fb296d4dcac49b7e638b5f4e7";"3b8b125761e2bcf7c6f0e5c7bef1aa00d26d5853d57883a0e0e98fd50b4b71e6";"7d7178150e2b91768f9ba95b86fb0aab84f02bf8";"314e65771523065a36f1e5781cc18977dbb0fbb2";"525";"525";"5cca079ee527740ad1f75e82695644ae567efa3d860513655d7ee056a317db4d"
"issue13-v5-diagnostic-module-bridge/1";"bridge-8fa17008068df94d3ed3099c";"_anomalies.csv";"wiodr13v09";"wiodr13";"sea_countries";"labour_force_value.emp.s.mv";"after_world_aggregation";"5";"aggregate_available";"";"NA";"wiodr13_v1";"";"";"sea_countries.R";"aggregation.direct";"aggregation.direct";"replace";"run-20260827T181731728Z-19df62f4c430d322";"56bc6568ff815900dfff7b264ed042cb0ac2e02ea4b077a2317f341a4f723d39";"c0d046b99664a616f685b29442a39106f37b5c7fb296d4dcac49b7e638b5f4e7";"3b8b125761e2bcf7c6f0e5c7bef1aa00d26d5853d57883a0e0e98fd50b4b71e6";"e2f4d6dae9a6d35c966b305fabac52e489faa3e7";"7da19c4f2913e857040ba228280f404b0e54eaab";"run-20260824T044829707Z-70ee0bb3b963effc";"2b2ae30b5321fefe22e42f3f65137817019a88c61a1ff99ca6c71139f43683bf";"c0d046b99664a616f685b29442a39106f37b5c7fb296d4dcac49b7e638b5f4e7";"3b8b125761e2bcf7c6f0e5c7bef1aa00d26d5853d57883a0e0e98fd50b4b71e6";"7d7178150e2b91768f9ba95b86fb0aab84f02bf8";"314e65771523065a36f1e5781cc18977dbb0fbb2";"15";"15";"8fa17008068df94d3ed3099c9dfa2e6d391553d0b0767596d6703a4becdf2a28"
"issue13-v5-diagnostic-module-bridge/1";"bridge-9d9c222c4eeee5499bdc4814";"_anomalies.csv";"wiodr13v09";"wiodr13";"sea_countries";"labour_force_value.s.mv";"after_country_aggregation";"5";"preserve_all_missing";"";"NA";"wiodr13_v1";"";"";"sea_countries.R";"aggregation.direct";"aggregation.direct";"replace";"run-20260827T181731728Z-19df62f4c430d322";"56bc6568ff815900dfff7b264ed042cb0ac2e02ea4b077a2317f341a4f723d39";"c0d046b99664a616f685b29442a39106f37b5c7fb296d4dcac49b7e638b5f4e7";"3b8b125761e2bcf7c6f0e5c7bef1aa00d26d5853d57883a0e0e98fd50b4b71e6";"e2f4d6dae9a6d35c966b305fabac52e489faa3e7";"7da19c4f2913e857040ba228280f404b0e54eaab";"run-20260824T044829707Z-70ee0bb3b963effc";"2b2ae30b5321fefe22e42f3f65137817019a88c61a1ff99ca6c71139f43683bf";"c0d046b99664a616f685b29442a39106f37b5c7fb296d4dcac49b7e638b5f4e7";"3b8b125761e2bcf7c6f0e5c7bef1aa00d26d5853d57883a0e0e98fd50b4b71e6";"7d7178150e2b91768f9ba95b86fb0aab84f02bf8";"314e65771523065a36f1e5781cc18977dbb0fbb2";"525";"525";"9d9c222c4eeee5499bdc481424f7d131435b1ea6d1d0cc42d17b11ea296f80a0"
"issue13-v5-diagnostic-module-bridge/1";"bridge-0bf5e21f68d29424bee04e19";"_anomalies.csv";"wiodr13v09";"wiodr13";"sea_countries";"labour_force_value.s.mv";"after_world_aggregation";"5";"aggregate_available";"";"NA";"wiodr13_v1";"";"";"sea_countries.R";"aggregation.direct";"aggregation.direct";"replace";"run-20260827T181731728Z-19df62f4c430d322";"56bc6568ff815900dfff7b264ed042cb0ac2e02ea4b077a2317f341a4f723d39";"c0d046b99664a616f685b29442a39106f37b5c7fb296d4dcac49b7e638b5f4e7";"3b8b125761e2bcf7c6f0e5c7bef1aa00d26d5853d57883a0e0e98fd50b4b71e6";"e2f4d6dae9a6d35c966b305fabac52e489faa3e7";"7da19c4f2913e857040ba228280f404b0e54eaab";"run-20260824T044829707Z-70ee0bb3b963effc";"2b2ae30b5321fefe22e42f3f65137817019a88c61a1ff99ca6c71139f43683bf";"c0d046b99664a616f685b29442a39106f37b5c7fb296d4dcac49b7e638b5f4e7";"3b8b125761e2bcf7c6f0e5c7bef1aa00d26d5853d57883a0e0e98fd50b4b71e6";"7d7178150e2b91768f9ba95b86fb0aab84f02bf8";"314e65771523065a36f1e5781cc18977dbb0fbb2";"15";"15";"0bf5e21f68d29424bee04e19551c8317984de7c148d7070f2ba7a8853b4f3932"
"issue13-v5-diagnostic-module-bridge/1";"bridge-46de4478909591b471baa118";"_anomalies.csv";"wiodr13v09";"wiodr13";"sea_countries";"profit.s.us";"after_country_aggregation";"5";"preserve_all_missing";"";"NA";"wiodr13_v1";"";"";"sea_countries.R";"aggregation.direct";"aggregation.direct";"replace";"run-20260827T181731728Z-19df62f4c430d322";"56bc6568ff815900dfff7b264ed042cb0ac2e02ea4b077a2317f341a4f723d39";"c0d046b99664a616f685b29442a39106f37b5c7fb296d4dcac49b7e638b5f4e7";"3b8b125761e2bcf7c6f0e5c7bef1aa00d26d5853d57883a0e0e98fd50b4b71e6";"e2f4d6dae9a6d35c966b305fabac52e489faa3e7";"7da19c4f2913e857040ba228280f404b0e54eaab";"run-20260824T044829707Z-70ee0bb3b963effc";"2b2ae30b5321fefe22e42f3f65137817019a88c61a1ff99ca6c71139f43683bf";"c0d046b99664a616f685b29442a39106f37b5c7fb296d4dcac49b7e638b5f4e7";"3b8b125761e2bcf7c6f0e5c7bef1aa00d26d5853d57883a0e0e98fd50b4b71e6";"7d7178150e2b91768f9ba95b86fb0aab84f02bf8";"314e65771523065a36f1e5781cc18977dbb0fbb2";"525";"525";"46de4478909591b471baa118eb6ceeac5cbbf083c68fc57250e36b6bd2a48282"
"issue13-v5-diagnostic-module-bridge/1";"bridge-8441633837846af98c98266c";"_anomalies.csv";"wiodr13v09";"wiodr13";"sea_countries";"profit.s.us";"after_world_aggregation";"5";"aggregate_available";"";"NA";"wiodr13_v1";"";"";"sea_countries.R";"aggregation.direct";"aggregation.direct";"replace";"run-20260827T181731728Z-19df62f4c430d322";"56bc6568ff815900dfff7b264ed042cb0ac2e02ea4b077a2317f341a4f723d39";"c0d046b99664a616f685b29442a39106f37b5c7fb296d4dcac49b7e638b5f4e7";"3b8b125761e2bcf7c6f0e5c7bef1aa00d26d5853d57883a0e0e98fd50b4b71e6";"e2f4d6dae9a6d35c966b305fabac52e489faa3e7";"7da19c4f2913e857040ba228280f404b0e54eaab";"run-20260824T044829707Z-70ee0bb3b963effc";"2b2ae30b5321fefe22e42f3f65137817019a88c61a1ff99ca6c71139f43683bf";"c0d046b99664a616f685b29442a39106f37b5c7fb296d4dcac49b7e638b5f4e7";"3b8b125761e2bcf7c6f0e5c7bef1aa00d26d5853d57883a0e0e98fd50b4b71e6";"7d7178150e2b91768f9ba95b86fb0aab84f02bf8";"314e65771523065a36f1e5781cc18977dbb0fbb2";"15";"15";"8441633837846af98c98266cd077791f271e5c7d8b2a7077c2aae2a1c9e95963"
"issue13-v5-diagnostic-module-bridge/1";"bridge-787a691eda7a9e338f54f1ee";"_anomalies.csv";"wiodr13v09";"wiodr13";"sea_countries";"surplus_value.emp_p.r.pc.denominator";"after_country_module";"5";"aggregate_available";"";"NA";"wiodr13_v1";"";"";"common/surplus_value.emp_p.r.pc-country.R";"indicator.surplus_value.emp_p.r.pc";"indicator.surplus_value.emp_p.r.pc";"replace";"run-20260827T181731728Z-19df62f4c430d322";"56bc6568ff815900dfff7b264ed042cb0ac2e02ea4b077a2317f341a4f723d39";"c0d046b99664a616f685b29442a39106f37b5c7fb296d4dcac49b7e638b5f4e7";"3b8b125761e2bcf7c6f0e5c7bef1aa00d26d5853d57883a0e0e98fd50b4b71e6";"e2f4d6dae9a6d35c966b305fabac52e489faa3e7";"7da19c4f2913e857040ba228280f404b0e54eaab";"run-20260824T044829707Z-70ee0bb3b963effc";"2b2ae30b5321fefe22e42f3f65137817019a88c61a1ff99ca6c71139f43683bf";"c0d046b99664a616f685b29442a39106f37b5c7fb296d4dcac49b7e638b5f4e7";"3b8b125761e2bcf7c6f0e5c7bef1aa00d26d5853d57883a0e0e98fd50b4b71e6";"7d7178150e2b91768f9ba95b86fb0aab84f02bf8";"314e65771523065a36f1e5781cc18977dbb0fbb2";"525";"525";"787a691eda7a9e338f54f1eea7766e4e4e762d6701130070fb3c083b7e4558b4"
"issue13-v5-diagnostic-module-bridge/1";"bridge-170ca61466d490400c264d59";"_anomalies.csv";"wiodr13v09";"wiodr13";"sea_countries";"surplus_value.emp_p.r.pc.denominator";"after_country_module";"5";"preserve_all_missing";"";"NA";"wiodr13_v1";"";"";"common/surplus_value.emp_p.r.pc-country.R";"indicator.surplus_value.emp_p.r.pc";"indicator.surplus_value.emp_p.r.pc";"replace";"run-20260827T181731728Z-19df62f4c430d322";"56bc6568ff815900dfff7b264ed042cb0ac2e02ea4b077a2317f341a4f723d39";"c0d046b99664a616f685b29442a39106f37b5c7fb296d4dcac49b7e638b5f4e7";"3b8b125761e2bcf7c6f0e5c7bef1aa00d26d5853d57883a0e0e98fd50b4b71e6";"e2f4d6dae9a6d35c966b305fabac52e489faa3e7";"7da19c4f2913e857040ba228280f404b0e54eaab";"run-20260824T044829707Z-70ee0bb3b963effc";"2b2ae30b5321fefe22e42f3f65137817019a88c61a1ff99ca6c71139f43683bf";"c0d046b99664a616f685b29442a39106f37b5c7fb296d4dcac49b7e638b5f4e7";"3b8b125761e2bcf7c6f0e5c7bef1aa00d26d5853d57883a0e0e98fd50b4b71e6";"7d7178150e2b91768f9ba95b86fb0aab84f02bf8";"314e65771523065a36f1e5781cc18977dbb0fbb2";"525";"525";"170ca61466d490400c264d5937da4c167751b7ae6bf5c61634cf98f246d586b1"
"issue13-v5-diagnostic-module-bridge/1";"bridge-f815ad685b73513895ce3128";"_anomalies.csv";"wiodr13v09";"wiodr13";"sea_countries";"surplus_value.emp_p.r.pc.numerator";"after_country_module";"5";"aggregate_available";"";"NA";"wiodr13_v1";"";"";"common/surplus_value.emp_p.r.pc-country.R";"indicator.surplus_value.emp_p.r.pc";"indicator.surplus_value.emp_p.r.pc";"replace";"run-20260827T181731728Z-19df62f4c430d322";"56bc6568ff815900dfff7b264ed042cb0ac2e02ea4b077a2317f341a4f723d39";"c0d046b99664a616f685b29442a39106f37b5c7fb296d4dcac49b7e638b5f4e7";"3b8b125761e2bcf7c6f0e5c7bef1aa00d26d5853d57883a0e0e98fd50b4b71e6";"e2f4d6dae9a6d35c966b305fabac52e489faa3e7";"7da19c4f2913e857040ba228280f404b0e54eaab";"run-20260824T044829707Z-70ee0bb3b963effc";"2b2ae30b5321fefe22e42f3f65137817019a88c61a1ff99ca6c71139f43683bf";"c0d046b99664a616f685b29442a39106f37b5c7fb296d4dcac49b7e638b5f4e7";"3b8b125761e2bcf7c6f0e5c7bef1aa00d26d5853d57883a0e0e98fd50b4b71e6";"7d7178150e2b91768f9ba95b86fb0aab84f02bf8";"314e65771523065a36f1e5781cc18977dbb0fbb2";"525";"525";"f815ad685b73513895ce31287d940b18b4e04b914b4b26429056bc82e1663965"
"issue13-v5-diagnostic-module-bridge/1";"bridge-88d97d05506ed0e0772c71aa";"_anomalies.csv";"wiodr13v09";"wiodr13";"sea_countries";"surplus_value.emp_p.r.pc.numerator";"after_country_module";"5";"preserve_all_missing";"";"NA";"wiodr13_v1";"";"";"common/surplus_value.emp_p.r.pc-country.R";"indicator.surplus_value.emp_p.r.pc";"indicator.surplus_value.emp_p.r.pc";"replace";"run-20260827T181731728Z-19df62f4c430d322";"56bc6568ff815900dfff7b264ed042cb0ac2e02ea4b077a2317f341a4f723d39";"c0d046b99664a616f685b29442a39106f37b5c7fb296d4dcac49b7e638b5f4e7";"3b8b125761e2bcf7c6f0e5c7bef1aa00d26d5853d57883a0e0e98fd50b4b71e6";"e2f4d6dae9a6d35c966b305fabac52e489faa3e7";"7da19c4f2913e857040ba228280f404b0e54eaab";"run-20260824T044829707Z-70ee0bb3b963effc";"2b2ae30b5321fefe22e42f3f65137817019a88c61a1ff99ca6c71139f43683bf";"c0d046b99664a616f685b29442a39106f37b5c7fb296d4dcac49b7e638b5f4e7";"3b8b125761e2bcf7c6f0e5c7bef1aa00d26d5853d57883a0e0e98fd50b4b71e6";"7d7178150e2b91768f9ba95b86fb0aab84f02bf8";"314e65771523065a36f1e5781cc18977dbb0fbb2";"525";"525";"88d97d05506ed0e0772c71aa3236aee44de86ae6be176f0e9fd843af8c6aabc4"
"issue13-v5-diagnostic-module-bridge/1";"bridge-dbafb7d80ee3689831398459";"_anomalies.csv";"wiodr13v09";"wiodr13";"sea_countries";"surplus_value.empe_hs.r.pc.denominator";"after_country_module";"5";"aggregate_available";"";"NA";"wiodr13_v1";"";"";"wiodr13/surplus_value.empe_hs.r.pc-country.R";"indicator.surplus_value.empe_hs.r.pc";"indicator.surplus_value.empe_hs.r.pc";"replace";"run-20260827T181731728Z-19df62f4c430d322";"56bc6568ff815900dfff7b264ed042cb0ac2e02ea4b077a2317f341a4f723d39";"c0d046b99664a616f685b29442a39106f37b5c7fb296d4dcac49b7e638b5f4e7";"3b8b125761e2bcf7c6f0e5c7bef1aa00d26d5853d57883a0e0e98fd50b4b71e6";"e2f4d6dae9a6d35c966b305fabac52e489faa3e7";"7da19c4f2913e857040ba228280f404b0e54eaab";"run-20260824T044829707Z-70ee0bb3b963effc";"2b2ae30b5321fefe22e42f3f65137817019a88c61a1ff99ca6c71139f43683bf";"c0d046b99664a616f685b29442a39106f37b5c7fb296d4dcac49b7e638b5f4e7";"3b8b125761e2bcf7c6f0e5c7bef1aa00d26d5853d57883a0e0e98fd50b4b71e6";"7d7178150e2b91768f9ba95b86fb0aab84f02bf8";"314e65771523065a36f1e5781cc18977dbb0fbb2";"525";"525";"dbafb7d80ee368983139845914cc9f63b26f8de944c7aee849519c4d397da367"
"issue13-v5-diagnostic-module-bridge/1";"bridge-f9ec65a052c23e3ddcd554ee";"_anomalies.csv";"wiodr13v09";"wiodr13";"sea_countries";"surplus_value.empe_hs.r.pc.denominator";"after_country_module";"5";"preserve_all_missing";"";"NA";"wiodr13_v1";"";"";"wiodr13/surplus_value.empe_hs.r.pc-country.R";"indicator.surplus_value.empe_hs.r.pc";"indicator.surplus_value.empe_hs.r.pc";"replace";"run-20260827T181731728Z-19df62f4c430d322";"56bc6568ff815900dfff7b264ed042cb0ac2e02ea4b077a2317f341a4f723d39";"c0d046b99664a616f685b29442a39106f37b5c7fb296d4dcac49b7e638b5f4e7";"3b8b125761e2bcf7c6f0e5c7bef1aa00d26d5853d57883a0e0e98fd50b4b71e6";"e2f4d6dae9a6d35c966b305fabac52e489faa3e7";"7da19c4f2913e857040ba228280f404b0e54eaab";"run-20260824T044829707Z-70ee0bb3b963effc";"2b2ae30b5321fefe22e42f3f65137817019a88c61a1ff99ca6c71139f43683bf";"c0d046b99664a616f685b29442a39106f37b5c7fb296d4dcac49b7e638b5f4e7";"3b8b125761e2bcf7c6f0e5c7bef1aa00d26d5853d57883a0e0e98fd50b4b71e6";"7d7178150e2b91768f9ba95b86fb0aab84f02bf8";"314e65771523065a36f1e5781cc18977dbb0fbb2";"525";"525";"f9ec65a052c23e3ddcd554eed71f727e6674949bcb77f6b88caaa9437eb3d0b3"
"issue13-v5-diagnostic-module-bridge/1";"bridge-8fc64b71f2921d81c4d00e36";"_anomalies.csv";"wiodr13v09";"wiodr13";"sea_countries";"surplus_value.empe_hs.r.pc.numerator";"after_country_module";"5";"aggregate_available";"";"NA";"wiodr13_v1";"";"";"wiodr13/surplus_value.empe_hs.r.pc-country.R";"indicator.surplus_value.empe_hs.r.pc";"indicator.surplus_value.empe_hs.r.pc";"replace";"run-20260827T181731728Z-19df62f4c430d322";"56bc6568ff815900dfff7b264ed042cb0ac2e02ea4b077a2317f341a4f723d39";"c0d046b99664a616f685b29442a39106f37b5c7fb296d4dcac49b7e638b5f4e7";"3b8b125761e2bcf7c6f0e5c7bef1aa00d26d5853d57883a0e0e98fd50b4b71e6";"e2f4d6dae9a6d35c966b305fabac52e489faa3e7";"7da19c4f2913e857040ba228280f404b0e54eaab";"run-20260824T044829707Z-70ee0bb3b963effc";"2b2ae30b5321fefe22e42f3f65137817019a88c61a1ff99ca6c71139f43683bf";"c0d046b99664a616f685b29442a39106f37b5c7fb296d4dcac49b7e638b5f4e7";"3b8b125761e2bcf7c6f0e5c7bef1aa00d26d5853d57883a0e0e98fd50b4b71e6";"7d7178150e2b91768f9ba95b86fb0aab84f02bf8";"314e65771523065a36f1e5781cc18977dbb0fbb2";"525";"525";"8fc64b71f2921d81c4d00e36683dfa2f947d31baf2384a9ac42513598604c79a"
"issue13-v5-diagnostic-module-bridge/1";"bridge-7205a3a2562008beea045849";"_anomalies.csv";"wiodr13v09";"wiodr13";"sea_countries";"surplus_value.empe_hs.r.pc.numerator";"after_country_module";"5";"preserve_all_missing";"";"NA";"wiodr13_v1";"";"";"wiodr13/surplus_value.empe_hs.r.pc-country.R";"indicator.surplus_value.empe_hs.r.pc";"indicator.surplus_value.empe_hs.r.pc";"replace";"run-20260827T181731728Z-19df62f4c430d322";"56bc6568ff815900dfff7b264ed042cb0ac2e02ea4b077a2317f341a4f723d39";"c0d046b99664a616f685b29442a39106f37b5c7fb296d4dcac49b7e638b5f4e7";"3b8b125761e2bcf7c6f0e5c7bef1aa00d26d5853d57883a0e0e98fd50b4b71e6";"e2f4d6dae9a6d35c966b305fabac52e489faa3e7";"7da19c4f2913e857040ba228280f404b0e54eaab";"run-20260824T044829707Z-70ee0bb3b963effc";"2b2ae30b5321fefe22e42f3f65137817019a88c61a1ff99ca6c71139f43683bf";"c0d046b99664a616f685b29442a39106f37b5c7fb296d4dcac49b7e638b5f4e7";"3b8b125761e2bcf7c6f0e5c7bef1aa00d26d5853d57883a0e0e98fd50b4b71e6";"7d7178150e2b91768f9ba95b86fb0aab84f02bf8";"314e65771523065a36f1e5781cc18977dbb0fbb2";"525";"525";"7205a3a2562008beea04584958aaf4b82fe3002d085b79c12b27bab182d12b61"
"issue13-v5-diagnostic-module-bridge/1";"bridge-247874ca66e59c3e8f4afadc";"_anomalies.csv";"wiodr13v09";"wiodr13";"sea_countries";"surplus_value.empe_ls.r.pc.denominator";"after_country_module";"5";"aggregate_available";"";"NA";"wiodr13_v1";"";"";"wiodr13/surplus_value.empe_ls.r.pc-country.R";"indicator.surplus_value.empe_ls.r.pc";"indicator.surplus_value.empe_ls.r.pc";"replace";"run-20260827T181731728Z-19df62f4c430d322";"56bc6568ff815900dfff7b264ed042cb0ac2e02ea4b077a2317f341a4f723d39";"c0d046b99664a616f685b29442a39106f37b5c7fb296d4dcac49b7e638b5f4e7";"3b8b125761e2bcf7c6f0e5c7bef1aa00d26d5853d57883a0e0e98fd50b4b71e6";"e2f4d6dae9a6d35c966b305fabac52e489faa3e7";"7da19c4f2913e857040ba228280f404b0e54eaab";"run-20260824T044829707Z-70ee0bb3b963effc";"2b2ae30b5321fefe22e42f3f65137817019a88c61a1ff99ca6c71139f43683bf";"c0d046b99664a616f685b29442a39106f37b5c7fb296d4dcac49b7e638b5f4e7";"3b8b125761e2bcf7c6f0e5c7bef1aa00d26d5853d57883a0e0e98fd50b4b71e6";"7d7178150e2b91768f9ba95b86fb0aab84f02bf8";"314e65771523065a36f1e5781cc18977dbb0fbb2";"525";"525";"247874ca66e59c3e8f4afadc56f6095058e923d2f3985e1260a9b412db99fe66"
"issue13-v5-diagnostic-module-bridge/1";"bridge-a1501fa96de81469f1dd14b4";"_anomalies.csv";"wiodr13v09";"wiodr13";"sea_countries";"surplus_value.empe_ls.r.pc.denominator";"after_country_module";"5";"preserve_all_missing";"";"NA";"wiodr13_v1";"";"";"wiodr13/surplus_value.empe_ls.r.pc-country.R";"indicator.surplus_value.empe_ls.r.pc";"indicator.surplus_value.empe_ls.r.pc";"replace";"run-20260827T181731728Z-19df62f4c430d322";"56bc6568ff815900dfff7b264ed042cb0ac2e02ea4b077a2317f341a4f723d39";"c0d046b99664a616f685b29442a39106f37b5c7fb296d4dcac49b7e638b5f4e7";"3b8b125761e2bcf7c6f0e5c7bef1aa00d26d5853d57883a0e0e98fd50b4b71e6";"e2f4d6dae9a6d35c966b305fabac52e489faa3e7";"7da19c4f2913e857040ba228280f404b0e54eaab";"run-20260824T044829707Z-70ee0bb3b963effc";"2b2ae30b5321fefe22e42f3f65137817019a88c61a1ff99ca6c71139f43683bf";"c0d046b99664a616f685b29442a39106f37b5c7fb296d4dcac49b7e638b5f4e7";"3b8b125761e2bcf7c6f0e5c7bef1aa00d26d5853d57883a0e0e98fd50b4b71e6";"7d7178150e2b91768f9ba95b86fb0aab84f02bf8";"314e65771523065a36f1e5781cc18977dbb0fbb2";"525";"525";"a1501fa96de81469f1dd14b4b8fc1d4f7933e3c00ace72a188953ba5465a4d60"
"issue13-v5-diagnostic-module-bridge/1";"bridge-2c1cb5bcc30af3f2468a81e5";"_anomalies.csv";"wiodr13v09";"wiodr13";"sea_countries";"surplus_value.empe_ls.r.pc.numerator";"after_country_module";"5";"aggregate_available";"";"NA";"wiodr13_v1";"";"";"wiodr13/surplus_value.empe_ls.r.pc-country.R";"indicator.surplus_value.empe_ls.r.pc";"indicator.surplus_value.empe_ls.r.pc";"replace";"run-20260827T181731728Z-19df62f4c430d322";"56bc6568ff815900dfff7b264ed042cb0ac2e02ea4b077a2317f341a4f723d39";"c0d046b99664a616f685b29442a39106f37b5c7fb296d4dcac49b7e638b5f4e7";"3b8b125761e2bcf7c6f0e5c7bef1aa00d26d5853d57883a0e0e98fd50b4b71e6";"e2f4d6dae9a6d35c966b305fabac52e489faa3e7";"7da19c4f2913e857040ba228280f404b0e54eaab";"run-20260824T044829707Z-70ee0bb3b963effc";"2b2ae30b5321fefe22e42f3f65137817019a88c61a1ff99ca6c71139f43683bf";"c0d046b99664a616f685b29442a39106f37b5c7fb296d4dcac49b7e638b5f4e7";"3b8b125761e2bcf7c6f0e5c7bef1aa00d26d5853d57883a0e0e98fd50b4b71e6";"7d7178150e2b91768f9ba95b86fb0aab84f02bf8";"314e65771523065a36f1e5781cc18977dbb0fbb2";"525";"525";"2c1cb5bcc30af3f2468a81e573cade9fd5994347a10bfd60b27b04cabfcdeff7"
"issue13-v5-diagnostic-module-bridge/1";"bridge-653adb19488b2188840d3a0b";"_anomalies.csv";"wiodr13v09";"wiodr13";"sea_countries";"surplus_value.empe_ls.r.pc.numerator";"after_country_module";"5";"preserve_all_missing";"";"NA";"wiodr13_v1";"";"";"wiodr13/surplus_value.empe_ls.r.pc-country.R";"indicator.surplus_value.empe_ls.r.pc";"indicator.surplus_value.empe_ls.r.pc";"replace";"run-20260827T181731728Z-19df62f4c430d322";"56bc6568ff815900dfff7b264ed042cb0ac2e02ea4b077a2317f341a4f723d39";"c0d046b99664a616f685b29442a39106f37b5c7fb296d4dcac49b7e638b5f4e7";"3b8b125761e2bcf7c6f0e5c7bef1aa00d26d5853d57883a0e0e98fd50b4b71e6";"e2f4d6dae9a6d35c966b305fabac52e489faa3e7";"7da19c4f2913e857040ba228280f404b0e54eaab";"run-20260824T044829707Z-70ee0bb3b963effc";"2b2ae30b5321fefe22e42f3f65137817019a88c61a1ff99ca6c71139f43683bf";"c0d046b99664a616f685b29442a39106f37b5c7fb296d4dcac49b7e638b5f4e7";"3b8b125761e2bcf7c6f0e5c7bef1aa00d26d5853d57883a0e0e98fd50b4b71e6";"7d7178150e2b91768f9ba95b86fb0aab84f02bf8";"314e65771523065a36f1e5781cc18977dbb0fbb2";"525";"525";"653adb19488b2188840d3a0bfbfb86fa2fb2a2c784d3cb352aa9ad13995734b4"
"issue13-v5-diagnostic-module-bridge/1";"bridge-a19d2b564113643923ea2820";"_anomalies.csv";"wiodr13v09";"wiodr13";"sea_countries";"surplus_value.empe_ms.r.pc.denominator";"after_country_module";"5";"aggregate_available";"";"NA";"wiodr13_v1";"";"";"wiodr13/surplus_value.empe_ms.r.pc-country.R";"indicator.surplus_value.empe_ms.r.pc";"indicator.surplus_value.empe_ms.r.pc";"replace";"run-20260827T181731728Z-19df62f4c430d322";"56bc6568ff815900dfff7b264ed042cb0ac2e02ea4b077a2317f341a4f723d39";"c0d046b99664a616f685b29442a39106f37b5c7fb296d4dcac49b7e638b5f4e7";"3b8b125761e2bcf7c6f0e5c7bef1aa00d26d5853d57883a0e0e98fd50b4b71e6";"e2f4d6dae9a6d35c966b305fabac52e489faa3e7";"7da19c4f2913e857040ba228280f404b0e54eaab";"run-20260824T044829707Z-70ee0bb3b963effc";"2b2ae30b5321fefe22e42f3f65137817019a88c61a1ff99ca6c71139f43683bf";"c0d046b99664a616f685b29442a39106f37b5c7fb296d4dcac49b7e638b5f4e7";"3b8b125761e2bcf7c6f0e5c7bef1aa00d26d5853d57883a0e0e98fd50b4b71e6";"7d7178150e2b91768f9ba95b86fb0aab84f02bf8";"314e65771523065a36f1e5781cc18977dbb0fbb2";"525";"525";"a19d2b564113643923ea2820f47642f3719439297fd3ad9a4d96ab3647375f95"
"issue13-v5-diagnostic-module-bridge/1";"bridge-9cbc87acd838bbcac708cb26";"_anomalies.csv";"wiodr13v09";"wiodr13";"sea_countries";"surplus_value.empe_ms.r.pc.denominator";"after_country_module";"5";"preserve_all_missing";"";"NA";"wiodr13_v1";"";"";"wiodr13/surplus_value.empe_ms.r.pc-country.R";"indicator.surplus_value.empe_ms.r.pc";"indicator.surplus_value.empe_ms.r.pc";"replace";"run-20260827T181731728Z-19df62f4c430d322";"56bc6568ff815900dfff7b264ed042cb0ac2e02ea4b077a2317f341a4f723d39";"c0d046b99664a616f685b29442a39106f37b5c7fb296d4dcac49b7e638b5f4e7";"3b8b125761e2bcf7c6f0e5c7bef1aa00d26d5853d57883a0e0e98fd50b4b71e6";"e2f4d6dae9a6d35c966b305fabac52e489faa3e7";"7da19c4f2913e857040ba228280f404b0e54eaab";"run-20260824T044829707Z-70ee0bb3b963effc";"2b2ae30b5321fefe22e42f3f65137817019a88c61a1ff99ca6c71139f43683bf";"c0d046b99664a616f685b29442a39106f37b5c7fb296d4dcac49b7e638b5f4e7";"3b8b125761e2bcf7c6f0e5c7bef1aa00d26d5853d57883a0e0e98fd50b4b71e6";"7d7178150e2b91768f9ba95b86fb0aab84f02bf8";"314e65771523065a36f1e5781cc18977dbb0fbb2";"525";"525";"9cbc87acd838bbcac708cb263e83f89df26d5bd913d7eeee66afd3bafc03aca6"
"issue13-v5-diagnostic-module-bridge/1";"bridge-6cc40ed29eb0ec9ad12583a8";"_anomalies.csv";"wiodr13v09";"wiodr13";"sea_countries";"surplus_value.empe_ms.r.pc.numerator";"after_country_module";"5";"aggregate_available";"";"NA";"wiodr13_v1";"";"";"wiodr13/surplus_value.empe_ms.r.pc-country.R";"indicator.surplus_value.empe_ms.r.pc";"indicator.surplus_value.empe_ms.r.pc";"replace";"run-20260827T181731728Z-19df62f4c430d322";"56bc6568ff815900dfff7b264ed042cb0ac2e02ea4b077a2317f341a4f723d39";"c0d046b99664a616f685b29442a39106f37b5c7fb296d4dcac49b7e638b5f4e7";"3b8b125761e2bcf7c6f0e5c7bef1aa00d26d5853d57883a0e0e98fd50b4b71e6";"e2f4d6dae9a6d35c966b305fabac52e489faa3e7";"7da19c4f2913e857040ba228280f404b0e54eaab";"run-20260824T044829707Z-70ee0bb3b963effc";"2b2ae30b5321fefe22e42f3f65137817019a88c61a1ff99ca6c71139f43683bf";"c0d046b99664a616f685b29442a39106f37b5c7fb296d4dcac49b7e638b5f4e7";"3b8b125761e2bcf7c6f0e5c7bef1aa00d26d5853d57883a0e0e98fd50b4b71e6";"7d7178150e2b91768f9ba95b86fb0aab84f02bf8";"314e65771523065a36f1e5781cc18977dbb0fbb2";"525";"525";"6cc40ed29eb0ec9ad12583a8915e4bb5d013be8b4d76a2c1579a916a49d5033e"
"issue13-v5-diagnostic-module-bridge/1";"bridge-e3fa0348e95a401dcb548267";"_anomalies.csv";"wiodr13v09";"wiodr13";"sea_countries";"surplus_value.empe_ms.r.pc.numerator";"after_country_module";"5";"preserve_all_missing";"";"NA";"wiodr13_v1";"";"";"wiodr13/surplus_value.empe_ms.r.pc-country.R";"indicator.surplus_value.empe_ms.r.pc";"indicator.surplus_value.empe_ms.r.pc";"replace";"run-20260827T181731728Z-19df62f4c430d322";"56bc6568ff815900dfff7b264ed042cb0ac2e02ea4b077a2317f341a4f723d39";"c0d046b99664a616f685b29442a39106f37b5c7fb296d4dcac49b7e638b5f4e7";"3b8b125761e2bcf7c6f0e5c7bef1aa00d26d5853d57883a0e0e98fd50b4b71e6";"e2f4d6dae9a6d35c966b305fabac52e489faa3e7";"7da19c4f2913e857040ba228280f404b0e54eaab";"run-20260824T044829707Z-70ee0bb3b963effc";"2b2ae30b5321fefe22e42f3f65137817019a88c61a1ff99ca6c71139f43683bf";"c0d046b99664a616f685b29442a39106f37b5c7fb296d4dcac49b7e638b5f4e7";"3b8b125761e2bcf7c6f0e5c7bef1aa00d26d5853d57883a0e0e98fd50b4b71e6";"7d7178150e2b91768f9ba95b86fb0aab84f02bf8";"314e65771523065a36f1e5781cc18977dbb0fbb2";"525";"525";"e3fa0348e95a401dcb548267cdbe433601cc1dc7174b5c1aa92db3034215cd51"
"issue13-v5-diagnostic-module-bridge/1";"bridge-6581b312d76a0b0270c3c2bb";"_anomalies.csv";"wiodr13v09";"wiodr13";"sea_countries";"surplus_value.empe_p.r.pc.denominator";"after_country_module";"5";"aggregate_available";"";"NA";"wiodr13_v1";"";"";"common/surplus_value.empe_p.r.pc-country.R";"indicator.surplus_value.empe_p.r.pc";"indicator.surplus_value.empe_p.r.pc";"replace";"run-20260827T181731728Z-19df62f4c430d322";"56bc6568ff815900dfff7b264ed042cb0ac2e02ea4b077a2317f341a4f723d39";"c0d046b99664a616f685b29442a39106f37b5c7fb296d4dcac49b7e638b5f4e7";"3b8b125761e2bcf7c6f0e5c7bef1aa00d26d5853d57883a0e0e98fd50b4b71e6";"e2f4d6dae9a6d35c966b305fabac52e489faa3e7";"7da19c4f2913e857040ba228280f404b0e54eaab";"run-20260824T044829707Z-70ee0bb3b963effc";"2b2ae30b5321fefe22e42f3f65137817019a88c61a1ff99ca6c71139f43683bf";"c0d046b99664a616f685b29442a39106f37b5c7fb296d4dcac49b7e638b5f4e7";"3b8b125761e2bcf7c6f0e5c7bef1aa00d26d5853d57883a0e0e98fd50b4b71e6";"7d7178150e2b91768f9ba95b86fb0aab84f02bf8";"314e65771523065a36f1e5781cc18977dbb0fbb2";"525";"525";"6581b312d76a0b0270c3c2bb8e769bd5b5ca15b8fe6d95f60a52e185e4c4272e"
"issue13-v5-diagnostic-module-bridge/1";"bridge-53dcebe0fe2cc31cf279c7d4";"_anomalies.csv";"wiodr13v09";"wiodr13";"sea_countries";"surplus_value.empe_p.r.pc.denominator";"after_country_module";"5";"preserve_all_missing";"";"NA";"wiodr13_v1";"";"";"common/surplus_value.empe_p.r.pc-country.R";"indicator.surplus_value.empe_p.r.pc";"indicator.surplus_value.empe_p.r.pc";"replace";"run-20260827T181731728Z-19df62f4c430d322";"56bc6568ff815900dfff7b264ed042cb0ac2e02ea4b077a2317f341a4f723d39";"c0d046b99664a616f685b29442a39106f37b5c7fb296d4dcac49b7e638b5f4e7";"3b8b125761e2bcf7c6f0e5c7bef1aa00d26d5853d57883a0e0e98fd50b4b71e6";"e2f4d6dae9a6d35c966b305fabac52e489faa3e7";"7da19c4f2913e857040ba228280f404b0e54eaab";"run-20260824T044829707Z-70ee0bb3b963effc";"2b2ae30b5321fefe22e42f3f65137817019a88c61a1ff99ca6c71139f43683bf";"c0d046b99664a616f685b29442a39106f37b5c7fb296d4dcac49b7e638b5f4e7";"3b8b125761e2bcf7c6f0e5c7bef1aa00d26d5853d57883a0e0e98fd50b4b71e6";"7d7178150e2b91768f9ba95b86fb0aab84f02bf8";"314e65771523065a36f1e5781cc18977dbb0fbb2";"525";"525";"53dcebe0fe2cc31cf279c7d476ae99fdb09b5b2b7711ddbe23a0aef8b0e81ad5"
"issue13-v5-diagnostic-module-bridge/1";"bridge-edaf1a288698c0de88bd93f2";"_anomalies.csv";"wiodr13v09";"wiodr13";"sea_countries";"surplus_value.empe_p.r.pc.numerator";"after_country_module";"5";"aggregate_available";"";"NA";"wiodr13_v1";"";"";"common/surplus_value.empe_p.r.pc-country.R";"indicator.surplus_value.empe_p.r.pc";"indicator.surplus_value.empe_p.r.pc";"replace";"run-20260827T181731728Z-19df62f4c430d322";"56bc6568ff815900dfff7b264ed042cb0ac2e02ea4b077a2317f341a4f723d39";"c0d046b99664a616f685b29442a39106f37b5c7fb296d4dcac49b7e638b5f4e7";"3b8b125761e2bcf7c6f0e5c7bef1aa00d26d5853d57883a0e0e98fd50b4b71e6";"e2f4d6dae9a6d35c966b305fabac52e489faa3e7";"7da19c4f2913e857040ba228280f404b0e54eaab";"run-20260824T044829707Z-70ee0bb3b963effc";"2b2ae30b5321fefe22e42f3f65137817019a88c61a1ff99ca6c71139f43683bf";"c0d046b99664a616f685b29442a39106f37b5c7fb296d4dcac49b7e638b5f4e7";"3b8b125761e2bcf7c6f0e5c7bef1aa00d26d5853d57883a0e0e98fd50b4b71e6";"7d7178150e2b91768f9ba95b86fb0aab84f02bf8";"314e65771523065a36f1e5781cc18977dbb0fbb2";"525";"525";"edaf1a288698c0de88bd93f2427b59d9b3ff39b891093e2bff03c276ad82e2c7"
"issue13-v5-diagnostic-module-bridge/1";"bridge-3301c5dbe02b8151f8464107";"_anomalies.csv";"wiodr13v09";"wiodr13";"sea_countries";"surplus_value.empe_p.r.pc.numerator";"after_country_module";"5";"preserve_all_missing";"";"NA";"wiodr13_v1";"";"";"common/surplus_value.empe_p.r.pc-country.R";"indicator.surplus_value.empe_p.r.pc";"indicator.surplus_value.empe_p.r.pc";"replace";"run-20260827T181731728Z-19df62f4c430d322";"56bc6568ff815900dfff7b264ed042cb0ac2e02ea4b077a2317f341a4f723d39";"c0d046b99664a616f685b29442a39106f37b5c7fb296d4dcac49b7e638b5f4e7";"3b8b125761e2bcf7c6f0e5c7bef1aa00d26d5853d57883a0e0e98fd50b4b71e6";"e2f4d6dae9a6d35c966b305fabac52e489faa3e7";"7da19c4f2913e857040ba228280f404b0e54eaab";"run-20260824T044829707Z-70ee0bb3b963effc";"2b2ae30b5321fefe22e42f3f65137817019a88c61a1ff99ca6c71139f43683bf";"c0d046b99664a616f685b29442a39106f37b5c7fb296d4dcac49b7e638b5f4e7";"3b8b125761e2bcf7c6f0e5c7bef1aa00d26d5853d57883a0e0e98fd50b4b71e6";"7d7178150e2b91768f9ba95b86fb0aab84f02bf8";"314e65771523065a36f1e5781cc18977dbb0fbb2";"525";"525";"3301c5dbe02b8151f8464107c5088b5a91c85d645e81d80db44eb39c43870358"
"issue13-v5-diagnostic-module-bridge/1";"bridge-70b6bc5816dffbe3ffd12d3c";"_anomalies.csv";"wiodr13v09";"wiodr13";"sea_sectors";"abstract_labour.emp.m.mv";"after_stage_5";"5";"mark_not_applicable";"";"Inf";"wiodr13_v1";"";"";"common/abstract_labour.emp.m.mv.R";"indicator.abstract_labour.emp.m.mv";"indicator.abstract_labour.emp.m.mv";"replace";"run-20260827T181731728Z-19df62f4c430d322";"56bc6568ff815900dfff7b264ed042cb0ac2e02ea4b077a2317f341a4f723d39";"c0d046b99664a616f685b29442a39106f37b5c7fb296d4dcac49b7e638b5f4e7";"3b8b125761e2bcf7c6f0e5c7bef1aa00d26d5853d57883a0e0e98fd50b4b71e6";"e2f4d6dae9a6d35c966b305fabac52e489faa3e7";"7da19c4f2913e857040ba228280f404b0e54eaab";"run-20260824T044829707Z-70ee0bb3b963effc";"2b2ae30b5321fefe22e42f3f65137817019a88c61a1ff99ca6c71139f43683bf";"c0d046b99664a616f685b29442a39106f37b5c7fb296d4dcac49b7e638b5f4e7";"3b8b125761e2bcf7c6f0e5c7bef1aa00d26d5853d57883a0e0e98fd50b4b71e6";"7d7178150e2b91768f9ba95b86fb0aab84f02bf8";"314e65771523065a36f1e5781cc18977dbb0fbb2";"2";"2";"70b6bc5816dffbe3ffd12d3c242231f0bb47e8708f718e40c6516418207248c6"
"issue13-v5-diagnostic-module-bridge/1";"bridge-4beab8505a1fbbbdc25ea7f7";"_anomalies.csv";"wiodr13v09";"wiodr13";"sea_sectors";"abstract_labour.emp.m.mv";"after_stage_5";"5";"mark_not_applicable";"";"NaN";"wiodr13_v1";"";"";"common/abstract_labour.emp.m.mv.R";"indicator.abstract_labour.emp.m.mv";"indicator.abstract_labour.emp.m.mv";"replace";"run-20260827T181731728Z-19df62f4c430d322";"56bc6568ff815900dfff7b264ed042cb0ac2e02ea4b077a2317f341a4f723d39";"c0d046b99664a616f685b29442a39106f37b5c7fb296d4dcac49b7e638b5f4e7";"3b8b125761e2bcf7c6f0e5c7bef1aa00d26d5853d57883a0e0e98fd50b4b71e6";"e2f4d6dae9a6d35c966b305fabac52e489faa3e7";"7da19c4f2913e857040ba228280f404b0e54eaab";"run-20260824T044829707Z-70ee0bb3b963effc";"2b2ae30b5321fefe22e42f3f65137817019a88c61a1ff99ca6c71139f43683bf";"c0d046b99664a616f685b29442a39106f37b5c7fb296d4dcac49b7e638b5f4e7";"3b8b125761e2bcf7c6f0e5c7bef1aa00d26d5853d57883a0e0e98fd50b4b71e6";"7d7178150e2b91768f9ba95b86fb0aab84f02bf8";"314e65771523065a36f1e5781cc18977dbb0fbb2";"264";"264";"4beab8505a1fbbbdc25ea7f716da6e18e3b7b6b4f276aaa3675bb18d2ffc855d"
"issue13-v5-diagnostic-module-bridge/1";"bridge-fbb833bc41fadad60d2b86ad";"_anomalies.csv";"wiodr13v09";"wiodr13";"sea_sectors";"abstract_labour.empe.m.mv";"after_stage_5";"5";"mark_not_applicable";"";"NaN";"wiodr13_v1";"";"";"common/abstract_labour.empe.m.mv.R";"indicator.abstract_labour.empe.m.mv";"indicator.abstract_labour.empe.m.mv";"replace";"run-20260827T181731728Z-19df62f4c430d322";"56bc6568ff815900dfff7b264ed042cb0ac2e02ea4b077a2317f341a4f723d39";"c0d046b99664a616f685b29442a39106f37b5c7fb296d4dcac49b7e638b5f4e7";"3b8b125761e2bcf7c6f0e5c7bef1aa00d26d5853d57883a0e0e98fd50b4b71e6";"e2f4d6dae9a6d35c966b305fabac52e489faa3e7";"7da19c4f2913e857040ba228280f404b0e54eaab";"run-20260824T044829707Z-70ee0bb3b963effc";"2b2ae30b5321fefe22e42f3f65137817019a88c61a1ff99ca6c71139f43683bf";"c0d046b99664a616f685b29442a39106f37b5c7fb296d4dcac49b7e638b5f4e7";"3b8b125761e2bcf7c6f0e5c7bef1aa00d26d5853d57883a0e0e98fd50b4b71e6";"7d7178150e2b91768f9ba95b86fb0aab84f02bf8";"314e65771523065a36f1e5781cc18977dbb0fbb2";"266";"266";"fbb833bc41fadad60d2b86ad8ffd589cf2aab7c9cca19e913da3abbf81be596d"
"issue13-v5-diagnostic-module-bridge/1";"bridge-ec5b57215224307e014e4093";"_anomalies.csv";"wiodr13v09";"wiodr13";"sea_sectors";"appropriated_profit.r.pc";"after_stage_5";"5";"mark_not_applicable";"";"-Inf";"wiodr13_v1";"";"";"common/appropriated_profit.r.pc.R";"indicator.appropriated_profit.r.pc";"indicator.appropriated_profit.r.pc";"replace";"run-20260827T181731728Z-19df62f4c430d322";"56bc6568ff815900dfff7b264ed042cb0ac2e02ea4b077a2317f341a4f723d39";"c0d046b99664a616f685b29442a39106f37b5c7fb296d4dcac49b7e638b5f4e7";"3b8b125761e2bcf7c6f0e5c7bef1aa00d26d5853d57883a0e0e98fd50b4b71e6";"e2f4d6dae9a6d35c966b305fabac52e489faa3e7";"7da19c4f2913e857040ba228280f404b0e54eaab";"run-20260824T044829707Z-70ee0bb3b963effc";"2b2ae30b5321fefe22e42f3f65137817019a88c61a1ff99ca6c71139f43683bf";"c0d046b99664a616f685b29442a39106f37b5c7fb296d4dcac49b7e638b5f4e7";"3b8b125761e2bcf7c6f0e5c7bef1aa00d26d5853d57883a0e0e98fd50b4b71e6";"7d7178150e2b91768f9ba95b86fb0aab84f02bf8";"314e65771523065a36f1e5781cc18977dbb0fbb2";"62";"62";"ec5b57215224307e014e4093ddf92127c6dc0f77e9b22fe367c2323325ee7999"
"issue13-v5-diagnostic-module-bridge/1";"bridge-6eb85d5ee89b61504a6f139b";"_anomalies.csv";"wiodr13v09";"wiodr13";"sea_sectors";"appropriated_profit.r.pc";"after_stage_5";"5";"mark_not_applicable";"";"Inf";"wiodr13_v1";"";"";"common/appropriated_profit.r.pc.R";"indicator.appropriated_profit.r.pc";"indicator.appropriated_profit.r.pc";"replace";"run-20260827T181731728Z-19df62f4c430d322";"56bc6568ff815900dfff7b264ed042cb0ac2e02ea4b077a2317f341a4f723d39";"c0d046b99664a616f685b29442a39106f37b5c7fb296d4dcac49b7e638b5f4e7";"3b8b125761e2bcf7c6f0e5c7bef1aa00d26d5853d57883a0e0e98fd50b4b71e6";"e2f4d6dae9a6d35c966b305fabac52e489faa3e7";"7da19c4f2913e857040ba228280f404b0e54eaab";"run-20260824T044829707Z-70ee0bb3b963effc";"2b2ae30b5321fefe22e42f3f65137817019a88c61a1ff99ca6c71139f43683bf";"c0d046b99664a616f685b29442a39106f37b5c7fb296d4dcac49b7e638b5f4e7";"3b8b125761e2bcf7c6f0e5c7bef1aa00d26d5853d57883a0e0e98fd50b4b71e6";"7d7178150e2b91768f9ba95b86fb0aab84f02bf8";"314e65771523065a36f1e5781cc18977dbb0fbb2";"958";"958";"6eb85d5ee89b61504a6f139bf44433fb6c83a0ededa8e9775751e54eca6b1d00"
"issue13-v5-diagnostic-module-bridge/1";"bridge-3f7d168f08263b47e597b4ee";"_anomalies.csv";"wiodr13v09";"wiodr13";"sea_sectors";"appropriated_profit.r.pc";"after_stage_5";"5";"mark_not_applicable";"";"NaN";"wiodr13_v1";"";"";"common/appropriated_profit.r.pc.R";"indicator.appropriated_profit.r.pc";"indicator.appropriated_profit.r.pc";"replace";"run-20260827T181731728Z-19df62f4c430d322";"56bc6568ff815900dfff7b264ed042cb0ac2e02ea4b077a2317f341a4f723d39";"c0d046b99664a616f685b29442a39106f37b5c7fb296d4dcac49b7e638b5f4e7";"3b8b125761e2bcf7c6f0e5c7bef1aa00d26d5853d57883a0e0e98fd50b4b71e6";"e2f4d6dae9a6d35c966b305fabac52e489faa3e7";"7da19c4f2913e857040ba228280f404b0e54eaab";"run-20260824T044829707Z-70ee0bb3b963effc";"2b2ae30b5321fefe22e42f3f65137817019a88c61a1ff99ca6c71139f43683bf";"c0d046b99664a616f685b29442a39106f37b5c7fb296d4dcac49b7e638b5f4e7";"3b8b125761e2bcf7c6f0e5c7bef1aa00d26d5853d57883a0e0e98fd50b4b71e6";"7d7178150e2b91768f9ba95b86fb0aab84f02bf8";"314e65771523065a36f1e5781cc18977dbb0fbb2";"589";"589";"3f7d168f08263b47e597b4ee268cccecd6c45bbcdc274f024738e08512f9dfe9"
"issue13-v5-diagnostic-module-bridge/1";"bridge-218a86b0e7aa329c6e9a8cb9";"_anomalies.csv";"wiodr13v09";"wiodr13";"sea_sectors";"exchange.r.us";"after_stage_1";"1";"replace_invalid_sector_rate_with_country_mean";"";"NaN";"exchange_country_mean_v1";"";"";"wiodr13/exchange.r.us.v09.R";"indicator.exchange.r.us.v09";"indicator.exchange.r.us.v09";"replace";"run-20260827T181731728Z-19df62f4c430d322";"56bc6568ff815900dfff7b264ed042cb0ac2e02ea4b077a2317f341a4f723d39";"c0d046b99664a616f685b29442a39106f37b5c7fb296d4dcac49b7e638b5f4e7";"3b8b125761e2bcf7c6f0e5c7bef1aa00d26d5853d57883a0e0e98fd50b4b71e6";"e2f4d6dae9a6d35c966b305fabac52e489faa3e7";"7da19c4f2913e857040ba228280f404b0e54eaab";"run-20260824T044829707Z-70ee0bb3b963effc";"2b2ae30b5321fefe22e42f3f65137817019a88c61a1ff99ca6c71139f43683bf";"c0d046b99664a616f685b29442a39106f37b5c7fb296d4dcac49b7e638b5f4e7";"3b8b125761e2bcf7c6f0e5c7bef1aa00d26d5853d57883a0e0e98fd50b4b71e6";"7d7178150e2b91768f9ba95b86fb0aab84f02bf8";"314e65771523065a36f1e5781cc18977dbb0fbb2";"279";"279";"218a86b0e7aa329c6e9a8cb9ce39918a43c37890ef7d21ee436fa08dbfb01889"
"issue13-v5-diagnostic-module-bridge/1";"bridge-4a9f3395c7c4fa12fa32bbf3";"_anomalies.csv";"wiodr13v09";"wiodr13";"sea_sectors";"go_price.r.id";"after_price_normalization";"4";"mark_not_applicable";"";"NaN";"wiodr13_v1";"";"";"wiodr13/normalize_price_indices.R";"indicator.price_index.normalize";"indicator.price_index.normalize";"preserve";"run-20260827T181731728Z-19df62f4c430d322";"56bc6568ff815900dfff7b264ed042cb0ac2e02ea4b077a2317f341a4f723d39";"c0d046b99664a616f685b29442a39106f37b5c7fb296d4dcac49b7e638b5f4e7";"3b8b125761e2bcf7c6f0e5c7bef1aa00d26d5853d57883a0e0e98fd50b4b71e6";"e2f4d6dae9a6d35c966b305fabac52e489faa3e7";"7da19c4f2913e857040ba228280f404b0e54eaab";"run-20260824T044829707Z-70ee0bb3b963effc";"2b2ae30b5321fefe22e42f3f65137817019a88c61a1ff99ca6c71139f43683bf";"c0d046b99664a616f685b29442a39106f37b5c7fb296d4dcac49b7e638b5f4e7";"3b8b125761e2bcf7c6f0e5c7bef1aa00d26d5853d57883a0e0e98fd50b4b71e6";"7d7178150e2b91768f9ba95b86fb0aab84f02bf8";"314e65771523065a36f1e5781cc18977dbb0fbb2";"240";"240";"4a9f3395c7c4fa12fa32bbf3cc9c811063b1760fb5da5f4f9a3f60dc7f49f4c5"
"issue13-v5-diagnostic-module-bridge/1";"bridge-d1a08df998752f8b3ab20316";"_anomalies.csv";"wiodr13v09";"wiodr13";"sea_sectors";"labour_force_value.emp.m.mv";"after_stage_5";"5";"mark_not_applicable";"";"Inf";"wiodr13_v1";"";"";"common/labour_force_value.emp.m.mv.R";"indicator.labour_force_value.emp.m.mv";"indicator.labour_force_value.emp.m.mv";"replace";"run-20260827T181731728Z-19df62f4c430d322";"56bc6568ff815900dfff7b264ed042cb0ac2e02ea4b077a2317f341a4f723d39";"c0d046b99664a616f685b29442a39106f37b5c7fb296d4dcac49b7e638b5f4e7";"3b8b125761e2bcf7c6f0e5c7bef1aa00d26d5853d57883a0e0e98fd50b4b71e6";"e2f4d6dae9a6d35c966b305fabac52e489faa3e7";"7da19c4f2913e857040ba228280f404b0e54eaab";"run-20260824T044829707Z-70ee0bb3b963effc";"2b2ae30b5321fefe22e42f3f65137817019a88c61a1ff99ca6c71139f43683bf";"c0d046b99664a616f685b29442a39106f37b5c7fb296d4dcac49b7e638b5f4e7";"3b8b125761e2bcf7c6f0e5c7bef1aa00d26d5853d57883a0e0e98fd50b4b71e6";"7d7178150e2b91768f9ba95b86fb0aab84f02bf8";"314e65771523065a36f1e5781cc18977dbb0fbb2";"2";"2";"d1a08df998752f8b3ab203165f200fedfa3c16520ce3e9f7d9d460bbfb19fe48"
"issue13-v5-diagnostic-module-bridge/1";"bridge-508b75a86d2eb8b8a621aaed";"_anomalies.csv";"wiodr13v09";"wiodr13";"sea_sectors";"labour_force_value.emp.m.mv";"after_stage_5";"5";"mark_not_applicable";"";"NaN";"wiodr13_v1";"";"";"common/labour_force_value.emp.m.mv.R";"indicator.labour_force_value.emp.m.mv";"indicator.labour_force_value.emp.m.mv";"replace";"run-20260827T181731728Z-19df62f4c430d322";"56bc6568ff815900dfff7b264ed042cb0ac2e02ea4b077a2317f341a4f723d39";"c0d046b99664a616f685b29442a39106f37b5c7fb296d4dcac49b7e638b5f4e7";"3b8b125761e2bcf7c6f0e5c7bef1aa00d26d5853d57883a0e0e98fd50b4b71e6";"e2f4d6dae9a6d35c966b305fabac52e489faa3e7";"7da19c4f2913e857040ba228280f404b0e54eaab";"run-20260824T044829707Z-70ee0bb3b963effc";"2b2ae30b5321fefe22e42f3f65137817019a88c61a1ff99ca6c71139f43683bf";"c0d046b99664a616f685b29442a39106f37b5c7fb296d4dcac49b7e638b5f4e7";"3b8b125761e2bcf7c6f0e5c7bef1aa00d26d5853d57883a0e0e98fd50b4b71e6";"7d7178150e2b91768f9ba95b86fb0aab84f02bf8";"314e65771523065a36f1e5781cc18977dbb0fbb2";"264";"264";"508b75a86d2eb8b8a621aaed019c51d50b9f2fbed38faca7c2ed62552d14ee85"
"issue13-v5-diagnostic-module-bridge/1";"bridge-552a3a496659e2eb4812016b";"_anomalies.csv";"wiodr13v09";"wiodr13";"sea_sectors";"labour_force_value.m.mv";"after_stage_5";"5";"mark_not_applicable";"";"Inf";"wiodr13_v1";"";"";"common/labour_force_value.m.mv.R";"indicator.labour_force_value.m.mv";"indicator.labour_force_value.m.mv";"replace";"run-20260827T181731728Z-19df62f4c430d322";"56bc6568ff815900dfff7b264ed042cb0ac2e02ea4b077a2317f341a4f723d39";"c0d046b99664a616f685b29442a39106f37b5c7fb296d4dcac49b7e638b5f4e7";"3b8b125761e2bcf7c6f0e5c7bef1aa00d26d5853d57883a0e0e98fd50b4b71e6";"e2f4d6dae9a6d35c966b305fabac52e489faa3e7";"7da19c4f2913e857040ba228280f404b0e54eaab";"run-20260824T044829707Z-70ee0bb3b963effc";"2b2ae30b5321fefe22e42f3f65137817019a88c61a1ff99ca6c71139f43683bf";"c0d046b99664a616f685b29442a39106f37b5c7fb296d4dcac49b7e638b5f4e7";"3b8b125761e2bcf7c6f0e5c7bef1aa00d26d5853d57883a0e0e98fd50b4b71e6";"7d7178150e2b91768f9ba95b86fb0aab84f02bf8";"314e65771523065a36f1e5781cc18977dbb0fbb2";"4";"4";"552a3a496659e2eb4812016bee1d99ac8d5ce684466b9a89cdc6962ab316bdb4"
"issue13-v5-diagnostic-module-bridge/1";"bridge-dd54ff23cbb1c0da44ab62f9";"_anomalies.csv";"wiodr13v09";"wiodr13";"sea_sectors";"labour_force_value.m.mv";"after_stage_5";"5";"mark_not_applicable";"";"NaN";"wiodr13_v1";"";"";"common/labour_force_value.m.mv.R";"indicator.labour_force_value.m.mv";"indicator.labour_force_value.m.mv";"replace";"run-20260827T181731728Z-19df62f4c430d322";"56bc6568ff815900dfff7b264ed042cb0ac2e02ea4b077a2317f341a4f723d39";"c0d046b99664a616f685b29442a39106f37b5c7fb296d4dcac49b7e638b5f4e7";"3b8b125761e2bcf7c6f0e5c7bef1aa00d26d5853d57883a0e0e98fd50b4b71e6";"e2f4d6dae9a6d35c966b305fabac52e489faa3e7";"7da19c4f2913e857040ba228280f404b0e54eaab";"run-20260824T044829707Z-70ee0bb3b963effc";"2b2ae30b5321fefe22e42f3f65137817019a88c61a1ff99ca6c71139f43683bf";"c0d046b99664a616f685b29442a39106f37b5c7fb296d4dcac49b7e638b5f4e7";"3b8b125761e2bcf7c6f0e5c7bef1aa00d26d5853d57883a0e0e98fd50b4b71e6";"7d7178150e2b91768f9ba95b86fb0aab84f02bf8";"314e65771523065a36f1e5781cc18977dbb0fbb2";"262";"262";"dd54ff23cbb1c0da44ab62f9d764fbc231e7b197c0af3553add8dffd56957c09"
"issue13-v5-diagnostic-module-bridge/1";"bridge-178929914a9d283629f6ba48";"_anomalies.csv";"wiodr13v09";"wiodr13";"sea_sectors";"labour_requirements";"after_matrices";"3";"replace_both_zero_with_zero";"";"NaN";"wiodr13_v1";"";"";"transformation.R";"matrix.transformation";"matrix.transformation";"replace";"run-20260827T181731728Z-19df62f4c430d322";"56bc6568ff815900dfff7b264ed042cb0ac2e02ea4b077a2317f341a4f723d39";"c0d046b99664a616f685b29442a39106f37b5c7fb296d4dcac49b7e638b5f4e7";"3b8b125761e2bcf7c6f0e5c7bef1aa00d26d5853d57883a0e0e98fd50b4b71e6";"e2f4d6dae9a6d35c966b305fabac52e489faa3e7";"7da19c4f2913e857040ba228280f404b0e54eaab";"run-20260824T044829707Z-70ee0bb3b963effc";"2b2ae30b5321fefe22e42f3f65137817019a88c61a1ff99ca6c71139f43683bf";"c0d046b99664a616f685b29442a39106f37b5c7fb296d4dcac49b7e638b5f4e7";"3b8b125761e2bcf7c6f0e5c7bef1aa00d26d5853d57883a0e0e98fd50b4b71e6";"7d7178150e2b91768f9ba95b86fb0aab84f02bf8";"314e65771523065a36f1e5781cc18977dbb0fbb2";"277";"277";"178929914a9d283629f6ba48e562d6c84714e70da5eedcab98fa5ce8694b6072"
"issue13-v5-diagnostic-module-bridge/1";"bridge-b0ac97589c9851763f27eac0";"_anomalies.csv";"wiodr13v09";"wiodr13";"sea_sectors";"surplus_value.emp.r.pc";"after_stage_5";"5";"mark_not_applicable";"";"Inf";"wiodr13_v1";"";"";"common/surplus_value.emp.r.pc.R";"indicator.surplus_value.emp.r.pc";"indicator.surplus_value.emp.r.pc";"replace";"run-20260827T181731728Z-19df62f4c430d322";"56bc6568ff815900dfff7b264ed042cb0ac2e02ea4b077a2317f341a4f723d39";"c0d046b99664a616f685b29442a39106f37b5c7fb296d4dcac49b7e638b5f4e7";"3b8b125761e2bcf7c6f0e5c7bef1aa00d26d5853d57883a0e0e98fd50b4b71e6";"e2f4d6dae9a6d35c966b305fabac52e489faa3e7";"7da19c4f2913e857040ba228280f404b0e54eaab";"run-20260824T044829707Z-70ee0bb3b963effc";"2b2ae30b5321fefe22e42f3f65137817019a88c61a1ff99ca6c71139f43683bf";"c0d046b99664a616f685b29442a39106f37b5c7fb296d4dcac49b7e638b5f4e7";"3b8b125761e2bcf7c6f0e5c7bef1aa00d26d5853d57883a0e0e98fd50b4b71e6";"7d7178150e2b91768f9ba95b86fb0aab84f02bf8";"314e65771523065a36f1e5781cc18977dbb0fbb2";"23";"23";"b0ac97589c9851763f27eac06f76b148090c1d0eee662d6c7224d77ac9983d1d"
"issue13-v5-diagnostic-module-bridge/1";"bridge-1e8113e83d5460e73e47d97a";"_anomalies.csv";"wiodr13v09";"wiodr13";"sea_sectors";"surplus_value.emp.r.pc";"after_stage_5";"5";"mark_not_applicable";"";"NaN";"wiodr13_v1";"";"";"common/surplus_value.emp.r.pc.R";"indicator.surplus_value.emp.r.pc";"indicator.surplus_value.emp.r.pc";"replace";"run-20260827T181731728Z-19df62f4c430d322";"56bc6568ff815900dfff7b264ed042cb0ac2e02ea4b077a2317f341a4f723d39";"c0d046b99664a616f685b29442a39106f37b5c7fb296d4dcac49b7e638b5f4e7";"3b8b125761e2bcf7c6f0e5c7bef1aa00d26d5853d57883a0e0e98fd50b4b71e6";"e2f4d6dae9a6d35c966b305fabac52e489faa3e7";"7da19c4f2913e857040ba228280f404b0e54eaab";"run-20260824T044829707Z-70ee0bb3b963effc";"2b2ae30b5321fefe22e42f3f65137817019a88c61a1ff99ca6c71139f43683bf";"c0d046b99664a616f685b29442a39106f37b5c7fb296d4dcac49b7e638b5f4e7";"3b8b125761e2bcf7c6f0e5c7bef1aa00d26d5853d57883a0e0e98fd50b4b71e6";"7d7178150e2b91768f9ba95b86fb0aab84f02bf8";"314e65771523065a36f1e5781cc18977dbb0fbb2";"264";"264";"1e8113e83d5460e73e47d97ae94053a65754ab29768e0a5d7599bad898f6a8f6"
"issue13-v5-diagnostic-module-bridge/1";"bridge-447b8b2fd1b96b6cf21906cf";"_anomalies.csv";"wiodr13v09";"wiodr13";"sea_sectors";"surplus_value.empe.r.pc";"after_stage_5";"5";"mark_not_applicable";"";"Inf";"wiodr13_v1";"";"";"common/surplus_value.empe.r.pc.R";"indicator.surplus_value.empe.r.pc";"indicator.surplus_value.empe.r.pc";"replace";"run-20260827T181731728Z-19df62f4c430d322";"56bc6568ff815900dfff7b264ed042cb0ac2e02ea4b077a2317f341a4f723d39";"c0d046b99664a616f685b29442a39106f37b5c7fb296d4dcac49b7e638b5f4e7";"3b8b125761e2bcf7c6f0e5c7bef1aa00d26d5853d57883a0e0e98fd50b4b71e6";"e2f4d6dae9a6d35c966b305fabac52e489faa3e7";"7da19c4f2913e857040ba228280f404b0e54eaab";"run-20260824T044829707Z-70ee0bb3b963effc";"2b2ae30b5321fefe22e42f3f65137817019a88c61a1ff99ca6c71139f43683bf";"c0d046b99664a616f685b29442a39106f37b5c7fb296d4dcac49b7e638b5f4e7";"3b8b125761e2bcf7c6f0e5c7bef1aa00d26d5853d57883a0e0e98fd50b4b71e6";"7d7178150e2b91768f9ba95b86fb0aab84f02bf8";"314e65771523065a36f1e5781cc18977dbb0fbb2";"31";"31";"447b8b2fd1b96b6cf21906cf60504a089204db82dc138026ae68279d96b94af1"
"issue13-v5-diagnostic-module-bridge/1";"bridge-4080b494cad166dcb38e9baf";"_anomalies.csv";"wiodr13v09";"wiodr13";"sea_sectors";"surplus_value.empe.r.pc";"after_stage_5";"5";"mark_not_applicable";"";"NaN";"wiodr13_v1";"";"";"common/surplus_value.empe.r.pc.R";"indicator.surplus_value.empe.r.pc";"indicator.surplus_value.empe.r.pc";"replace";"run-20260827T181731728Z-19df62f4c430d322";"56bc6568ff815900dfff7b264ed042cb0ac2e02ea4b077a2317f341a4f723d39";"c0d046b99664a616f685b29442a39106f37b5c7fb296d4dcac49b7e638b5f4e7";"3b8b125761e2bcf7c6f0e5c7bef1aa00d26d5853d57883a0e0e98fd50b4b71e6";"e2f4d6dae9a6d35c966b305fabac52e489faa3e7";"7da19c4f2913e857040ba228280f404b0e54eaab";"run-20260824T044829707Z-70ee0bb3b963effc";"2b2ae30b5321fefe22e42f3f65137817019a88c61a1ff99ca6c71139f43683bf";"c0d046b99664a616f685b29442a39106f37b5c7fb296d4dcac49b7e638b5f4e7";"3b8b125761e2bcf7c6f0e5c7bef1aa00d26d5853d57883a0e0e98fd50b4b71e6";"7d7178150e2b91768f9ba95b86fb0aab84f02bf8";"314e65771523065a36f1e5781cc18977dbb0fbb2";"262";"262";"4080b494cad166dcb38e9baf9757b270f16f8ead9f2a5928005968e16cb022ef"
"issue13-v5-diagnostic-module-bridge/1";"bridge-4cfe72f30aeeb17632ab8c3f";"_anomalies.csv";"wiodr13v09";"wiodr13";"sea_sectors";"surplus_value.empe_hs.r.pc";"after_stage_5";"5";"mark_not_applicable";"";"Inf";"wiodr13_v1";"";"";"wiodr13/surplus_value.empe_hs.r.pc.R";"indicator.surplus_value.empe_hs.r.pc";"indicator.surplus_value.empe_hs.r.pc";"replace";"run-20260827T181731728Z-19df62f4c430d322";"56bc6568ff815900dfff7b264ed042cb0ac2e02ea4b077a2317f341a4f723d39";"c0d046b99664a616f685b29442a39106f37b5c7fb296d4dcac49b7e638b5f4e7";"3b8b125761e2bcf7c6f0e5c7bef1aa00d26d5853d57883a0e0e98fd50b4b71e6";"e2f4d6dae9a6d35c966b305fabac52e489faa3e7";"7da19c4f2913e857040ba228280f404b0e54eaab";"run-20260824T044829707Z-70ee0bb3b963effc";"2b2ae30b5321fefe22e42f3f65137817019a88c61a1ff99ca6c71139f43683bf";"c0d046b99664a616f685b29442a39106f37b5c7fb296d4dcac49b7e638b5f4e7";"3b8b125761e2bcf7c6f0e5c7bef1aa00d26d5853d57883a0e0e98fd50b4b71e6";"7d7178150e2b91768f9ba95b86fb0aab84f02bf8";"314e65771523065a36f1e5781cc18977dbb0fbb2";"31";"31";"4cfe72f30aeeb17632ab8c3f8826382e21ff2504680a091195c55e6ae47eb165"
"issue13-v5-diagnostic-module-bridge/1";"bridge-100b1c211a37fb187ed795dc";"_anomalies.csv";"wiodr13v09";"wiodr13";"sea_sectors";"surplus_value.empe_hs.r.pc";"after_stage_5";"5";"mark_not_applicable";"";"NaN";"wiodr13_v1";"";"";"wiodr13/surplus_value.empe_hs.r.pc.R";"indicator.surplus_value.empe_hs.r.pc";"indicator.surplus_value.empe_hs.r.pc";"replace";"run-20260827T181731728Z-19df62f4c430d322";"56bc6568ff815900dfff7b264ed042cb0ac2e02ea4b077a2317f341a4f723d39";"c0d046b99664a616f685b29442a39106f37b5c7fb296d4dcac49b7e638b5f4e7";"3b8b125761e2bcf7c6f0e5c7bef1aa00d26d5853d57883a0e0e98fd50b4b71e6";"e2f4d6dae9a6d35c966b305fabac52e489faa3e7";"7da19c4f2913e857040ba228280f404b0e54eaab";"run-20260824T044829707Z-70ee0bb3b963effc";"2b2ae30b5321fefe22e42f3f65137817019a88c61a1ff99ca6c71139f43683bf";"c0d046b99664a616f685b29442a39106f37b5c7fb296d4dcac49b7e638b5f4e7";"3b8b125761e2bcf7c6f0e5c7bef1aa00d26d5853d57883a0e0e98fd50b4b71e6";"7d7178150e2b91768f9ba95b86fb0aab84f02bf8";"314e65771523065a36f1e5781cc18977dbb0fbb2";"277";"277";"100b1c211a37fb187ed795dc5cd73696ebdcdf40c73c2877fea6f4b960c80d7a"
"issue13-v5-diagnostic-module-bridge/1";"bridge-79181be29101c9026a37964d";"_anomalies.csv";"wiodr13v09";"wiodr13";"sea_sectors";"surplus_value.empe_ls.r.pc";"after_stage_5";"5";"mark_not_applicable";"";"Inf";"wiodr13_v1";"";"";"wiodr13/surplus_value.empe_ls.r.pc.R";"indicator.surplus_value.empe_ls.r.pc";"indicator.surplus_value.empe_ls.r.pc";"replace";"run-20260827T181731728Z-19df62f4c430d322";"56bc6568ff815900dfff7b264ed042cb0ac2e02ea4b077a2317f341a4f723d39";"c0d046b99664a616f685b29442a39106f37b5c7fb296d4dcac49b7e638b5f4e7";"3b8b125761e2bcf7c6f0e5c7bef1aa00d26d5853d57883a0e0e98fd50b4b71e6";"e2f4d6dae9a6d35c966b305fabac52e489faa3e7";"7da19c4f2913e857040ba228280f404b0e54eaab";"run-20260824T044829707Z-70ee0bb3b963effc";"2b2ae30b5321fefe22e42f3f65137817019a88c61a1ff99ca6c71139f43683bf";"c0d046b99664a616f685b29442a39106f37b5c7fb296d4dcac49b7e638b5f4e7";"3b8b125761e2bcf7c6f0e5c7bef1aa00d26d5853d57883a0e0e98fd50b4b71e6";"7d7178150e2b91768f9ba95b86fb0aab84f02bf8";"314e65771523065a36f1e5781cc18977dbb0fbb2";"31";"31";"79181be29101c9026a37964d68f9743904a6fe5a9184f357c1c470bd6400793f"
"issue13-v5-diagnostic-module-bridge/1";"bridge-7d9d608a66f9b3db654a0e9a";"_anomalies.csv";"wiodr13v09";"wiodr13";"sea_sectors";"surplus_value.empe_ls.r.pc";"after_stage_5";"5";"mark_not_applicable";"";"NaN";"wiodr13_v1";"";"";"wiodr13/surplus_value.empe_ls.r.pc.R";"indicator.surplus_value.empe_ls.r.pc";"indicator.surplus_value.empe_ls.r.pc";"replace";"run-20260827T181731728Z-19df62f4c430d322";"56bc6568ff815900dfff7b264ed042cb0ac2e02ea4b077a2317f341a4f723d39";"c0d046b99664a616f685b29442a39106f37b5c7fb296d4dcac49b7e638b5f4e7";"3b8b125761e2bcf7c6f0e5c7bef1aa00d26d5853d57883a0e0e98fd50b4b71e6";"e2f4d6dae9a6d35c966b305fabac52e489faa3e7";"7da19c4f2913e857040ba228280f404b0e54eaab";"run-20260824T044829707Z-70ee0bb3b963effc";"2b2ae30b5321fefe22e42f3f65137817019a88c61a1ff99ca6c71139f43683bf";"c0d046b99664a616f685b29442a39106f37b5c7fb296d4dcac49b7e638b5f4e7";"3b8b125761e2bcf7c6f0e5c7bef1aa00d26d5853d57883a0e0e98fd50b4b71e6";"7d7178150e2b91768f9ba95b86fb0aab84f02bf8";"314e65771523065a36f1e5781cc18977dbb0fbb2";"262";"262";"7d9d608a66f9b3db654a0e9aafdbaff2d6e25da1a31d6ae3b6207f5745575624"
"issue13-v5-diagnostic-module-bridge/1";"bridge-136999d43022473def155225";"_anomalies.csv";"wiodr13v09";"wiodr13";"sea_sectors";"surplus_value.empe_ms.r.pc";"after_stage_5";"5";"mark_not_applicable";"";"Inf";"wiodr13_v1";"";"";"wiodr13/surplus_value.empe_ms.r.pc.R";"indicator.surplus_value.empe_ms.r.pc";"indicator.surplus_value.empe_ms.r.pc";"replace";"run-20260827T181731728Z-19df62f4c430d322";"56bc6568ff815900dfff7b264ed042cb0ac2e02ea4b077a2317f341a4f723d39";"c0d046b99664a616f685b29442a39106f37b5c7fb296d4dcac49b7e638b5f4e7";"3b8b125761e2bcf7c6f0e5c7bef1aa00d26d5853d57883a0e0e98fd50b4b71e6";"e2f4d6dae9a6d35c966b305fabac52e489faa3e7";"7da19c4f2913e857040ba228280f404b0e54eaab";"run-20260824T044829707Z-70ee0bb3b963effc";"2b2ae30b5321fefe22e42f3f65137817019a88c61a1ff99ca6c71139f43683bf";"c0d046b99664a616f685b29442a39106f37b5c7fb296d4dcac49b7e638b5f4e7";"3b8b125761e2bcf7c6f0e5c7bef1aa00d26d5853d57883a0e0e98fd50b4b71e6";"7d7178150e2b91768f9ba95b86fb0aab84f02bf8";"314e65771523065a36f1e5781cc18977dbb0fbb2";"31";"31";"136999d43022473def15522545d456f0b67e752e77c971f6b10b215af8e04c93"
"issue13-v5-diagnostic-module-bridge/1";"bridge-fb43fc96b7a47864774d3a4e";"_anomalies.csv";"wiodr13v09";"wiodr13";"sea_sectors";"surplus_value.empe_ms.r.pc";"after_stage_5";"5";"mark_not_applicable";"";"NaN";"wiodr13_v1";"";"";"wiodr13/surplus_value.empe_ms.r.pc.R";"indicator.surplus_value.empe_ms.r.pc";"indicator.surplus_value.empe_ms.r.pc";"replace";"run-20260827T181731728Z-19df62f4c430d322";"56bc6568ff815900dfff7b264ed042cb0ac2e02ea4b077a2317f341a4f723d39";"c0d046b99664a616f685b29442a39106f37b5c7fb296d4dcac49b7e638b5f4e7";"3b8b125761e2bcf7c6f0e5c7bef1aa00d26d5853d57883a0e0e98fd50b4b71e6";"e2f4d6dae9a6d35c966b305fabac52e489faa3e7";"7da19c4f2913e857040ba228280f404b0e54eaab";"run-20260824T044829707Z-70ee0bb3b963effc";"2b2ae30b5321fefe22e42f3f65137817019a88c61a1ff99ca6c71139f43683bf";"c0d046b99664a616f685b29442a39106f37b5c7fb296d4dcac49b7e638b5f4e7";"3b8b125761e2bcf7c6f0e5c7bef1aa00d26d5853d57883a0e0e98fd50b4b71e6";"7d7178150e2b91768f9ba95b86fb0aab84f02bf8";"314e65771523065a36f1e5781cc18977dbb0fbb2";"262";"262";"fb43fc96b7a47864774d3a4ec235ff157ebc2782ca3aeaa3d4cfa09486ffe97e"
"issue13-v5-diagnostic-module-bridge/1";"bridge-fa9a594d58cc7329de8121a1";"_anomalies.csv";"wiodr13v09";"wiodr13";"sea_sectors";"trade_transfers.p.m.pc";"after_stage_5";"5";"mark_not_applicable";"";"-Inf";"wiodr13_v1";"";"";"common/trade_transfers.p.m.pc.R";"indicator.trade_transfers.p.m.pc";"indicator.trade_transfers.p.m.pc";"replace";"run-20260827T181731728Z-19df62f4c430d322";"56bc6568ff815900dfff7b264ed042cb0ac2e02ea4b077a2317f341a4f723d39";"c0d046b99664a616f685b29442a39106f37b5c7fb296d4dcac49b7e638b5f4e7";"3b8b125761e2bcf7c6f0e5c7bef1aa00d26d5853d57883a0e0e98fd50b4b71e6";"e2f4d6dae9a6d35c966b305fabac52e489faa3e7";"7da19c4f2913e857040ba228280f404b0e54eaab";"run-20260824T044829707Z-70ee0bb3b963effc";"2b2ae30b5321fefe22e42f3f65137817019a88c61a1ff99ca6c71139f43683bf";"c0d046b99664a616f685b29442a39106f37b5c7fb296d4dcac49b7e638b5f4e7";"3b8b125761e2bcf7c6f0e5c7bef1aa00d26d5853d57883a0e0e98fd50b4b71e6";"7d7178150e2b91768f9ba95b86fb0aab84f02bf8";"314e65771523065a36f1e5781cc18977dbb0fbb2";"38";"38";"fa9a594d58cc7329de8121a1f13b467952c7ebf087677dcc775621ba94c10104"
"issue13-v5-diagnostic-module-bridge/1";"bridge-3482066d07a31a37404d6d9f";"_anomalies.csv";"wiodr13v09";"wiodr13";"sea_sectors";"trade_transfers.p.m.pc";"after_stage_5";"5";"mark_not_applicable";"";"Inf";"wiodr13_v1";"";"";"common/trade_transfers.p.m.pc.R";"indicator.trade_transfers.p.m.pc";"indicator.trade_transfers.p.m.pc";"replace";"run-20260827T181731728Z-19df62f4c430d322";"56bc6568ff815900dfff7b264ed042cb0ac2e02ea4b077a2317f341a4f723d39";"c0d046b99664a616f685b29442a39106f37b5c7fb296d4dcac49b7e638b5f4e7";"3b8b125761e2bcf7c6f0e5c7bef1aa00d26d5853d57883a0e0e98fd50b4b71e6";"e2f4d6dae9a6d35c966b305fabac52e489faa3e7";"7da19c4f2913e857040ba228280f404b0e54eaab";"run-20260824T044829707Z-70ee0bb3b963effc";"2b2ae30b5321fefe22e42f3f65137817019a88c61a1ff99ca6c71139f43683bf";"c0d046b99664a616f685b29442a39106f37b5c7fb296d4dcac49b7e638b5f4e7";"3b8b125761e2bcf7c6f0e5c7bef1aa00d26d5853d57883a0e0e98fd50b4b71e6";"7d7178150e2b91768f9ba95b86fb0aab84f02bf8";"314e65771523065a36f1e5781cc18977dbb0fbb2";"1";"1";"3482066d07a31a37404d6d9f5d631ec9dd431a004b922f250316c99cc140a87c"
"issue13-v5-diagnostic-module-bridge/1";"bridge-a7732e3c930d773b9a3716a1";"_anomalies.csv";"wiodr13v09";"wiodr13";"sea_sectors";"trade_transfers.p.m.pc";"after_stage_5";"5";"mark_not_applicable";"";"NaN";"wiodr13_v1";"";"";"common/trade_transfers.p.m.pc.R";"indicator.trade_transfers.p.m.pc";"indicator.trade_transfers.p.m.pc";"replace";"run-20260827T181731728Z-19df62f4c430d322";"56bc6568ff815900dfff7b264ed042cb0ac2e02ea4b077a2317f341a4f723d39";"c0d046b99664a616f685b29442a39106f37b5c7fb296d4dcac49b7e638b5f4e7";"3b8b125761e2bcf7c6f0e5c7bef1aa00d26d5853d57883a0e0e98fd50b4b71e6";"e2f4d6dae9a6d35c966b305fabac52e489faa3e7";"7da19c4f2913e857040ba228280f404b0e54eaab";"run-20260824T044829707Z-70ee0bb3b963effc";"2b2ae30b5321fefe22e42f3f65137817019a88c61a1ff99ca6c71139f43683bf";"c0d046b99664a616f685b29442a39106f37b5c7fb296d4dcac49b7e638b5f4e7";"3b8b125761e2bcf7c6f0e5c7bef1aa00d26d5853d57883a0e0e98fd50b4b71e6";"7d7178150e2b91768f9ba95b86fb0aab84f02bf8";"314e65771523065a36f1e5781cc18977dbb0fbb2";"7380";"7380";"a7732e3c930d773b9a3716a103dffe941bb7cf9dd0b6198ff91398baf76cf267"
"issue13-v5-diagnostic-module-bridge/1";"bridge-0b0e865a629a731ad8d8f8c8";"_anomalies.csv";"wiodr16";"wiodr16";"sea_countries";"abstract_labour.empe.s.mv";"after_country_aggregation";"5";"preserve_all_missing";"";"NA";"wiodr16_v1";"";"";"sea_countries.R";"aggregation.direct";"aggregation.direct";"replace";"run-20260823T212944260Z-1a7eb214ff4a6e35";"6bae54fd65477aa4a04f256bc2e71a24d0711a8312acb8d164a9aaea2cc667f7";"f6a2521577af71ddb22230ecebd444742dc6c33d254fef6d46d9bc4514db20ce";"db341acaac977b4ed1716b1ff3a8cec068805691b55b5348f584d8d6bb02c26a";"cc2c86189a06676bcb9f0e05e08033d710a92509";"0cb1142cdadd74bf95272010f5393ebe2af79f47";"run-20260824T051615868Z-3229fc7242c41ab1";"473805f2790df1179f0127a206df9eed719a0a6958e97ed57532bd045525d8fa";"f6a2521577af71ddb22230ecebd444742dc6c33d254fef6d46d9bc4514db20ce";"db341acaac977b4ed1716b1ff3a8cec068805691b55b5348f584d8d6bb02c26a";"7d7178150e2b91768f9ba95b86fb0aab84f02bf8";"314e65771523065a36f1e5781cc18977dbb0fbb2";"840";"840";"0b0e865a629a731ad8d8f8c8b11e1720722bbe5b669711b63bad32e386fd5b8f"
"issue13-v5-diagnostic-module-bridge/1";"bridge-d17a5576cbd92cd98fe65399";"_anomalies.csv";"wiodr16";"wiodr16";"sea_countries";"abstract_labour.empe.s.mv";"after_world_aggregation";"5";"aggregate_available";"";"NA";"wiodr16_v1";"";"";"sea_countries.R";"aggregation.direct";"aggregation.direct";"replace";"run-20260823T212944260Z-1a7eb214ff4a6e35";"6bae54fd65477aa4a04f256bc2e71a24d0711a8312acb8d164a9aaea2cc667f7";"f6a2521577af71ddb22230ecebd444742dc6c33d254fef6d46d9bc4514db20ce";"db341acaac977b4ed1716b1ff3a8cec068805691b55b5348f584d8d6bb02c26a";"cc2c86189a06676bcb9f0e05e08033d710a92509";"0cb1142cdadd74bf95272010f5393ebe2af79f47";"run-20260824T051615868Z-3229fc7242c41ab1";"473805f2790df1179f0127a206df9eed719a0a6958e97ed57532bd045525d8fa";"f6a2521577af71ddb22230ecebd444742dc6c33d254fef6d46d9bc4514db20ce";"db341acaac977b4ed1716b1ff3a8cec068805691b55b5348f584d8d6bb02c26a";"7d7178150e2b91768f9ba95b86fb0aab84f02bf8";"314e65771523065a36f1e5781cc18977dbb0fbb2";"15";"15";"d17a5576cbd92cd98fe65399e6eb58bdbd130928db39072bfa43c0edaaa79e19"
"issue13-v5-diagnostic-module-bridge/1";"bridge-b8020a970f33c047d003c005";"_anomalies.csv";"wiodr16";"wiodr16";"sea_countries";"compensation.emp.s.cu";"after_country_aggregation";"5";"preserve_all_missing";"";"NA";"wiodr16_v1";"";"";"sea_countries.R";"aggregation.direct";"aggregation.direct";"replace";"run-20260823T212944260Z-1a7eb214ff4a6e35";"6bae54fd65477aa4a04f256bc2e71a24d0711a8312acb8d164a9aaea2cc667f7";"f6a2521577af71ddb22230ecebd444742dc6c33d254fef6d46d9bc4514db20ce";"db341acaac977b4ed1716b1ff3a8cec068805691b55b5348f584d8d6bb02c26a";"cc2c86189a06676bcb9f0e05e08033d710a92509";"0cb1142cdadd74bf95272010f5393ebe2af79f47";"run-20260824T051615868Z-3229fc7242c41ab1";"473805f2790df1179f0127a206df9eed719a0a6958e97ed57532bd045525d8fa";"f6a2521577af71ddb22230ecebd444742dc6c33d254fef6d46d9bc4514db20ce";"db341acaac977b4ed1716b1ff3a8cec068805691b55b5348f584d8d6bb02c26a";"7d7178150e2b91768f9ba95b86fb0aab84f02bf8";"314e65771523065a36f1e5781cc18977dbb0fbb2";"840";"840";"b8020a970f33c047d003c00562f5a48889b2c42d860a5c1366f83805f3ae7d36"
"issue13-v5-diagnostic-module-bridge/1";"bridge-b0245fefd4d7e71988c65275";"_anomalies.csv";"wiodr16";"wiodr16";"sea_countries";"compensation.emp.s.cu";"after_world_aggregation";"5";"aggregate_available";"";"NA";"wiodr16_v1";"";"";"sea_countries.R";"aggregation.direct";"aggregation.direct";"replace";"run-20260823T212944260Z-1a7eb214ff4a6e35";"6bae54fd65477aa4a04f256bc2e71a24d0711a8312acb8d164a9aaea2cc667f7";"f6a2521577af71ddb22230ecebd444742dc6c33d254fef6d46d9bc4514db20ce";"db341acaac977b4ed1716b1ff3a8cec068805691b55b5348f584d8d6bb02c26a";"cc2c86189a06676bcb9f0e05e08033d710a92509";"0cb1142cdadd74bf95272010f5393ebe2af79f47";"run-20260824T051615868Z-3229fc7242c41ab1";"473805f2790df1179f0127a206df9eed719a0a6958e97ed57532bd045525d8fa";"f6a2521577af71ddb22230ecebd444742dc6c33d254fef6d46d9bc4514db20ce";"db341acaac977b4ed1716b1ff3a8cec068805691b55b5348f584d8d6bb02c26a";"7d7178150e2b91768f9ba95b86fb0aab84f02bf8";"314e65771523065a36f1e5781cc18977dbb0fbb2";"15";"15";"b0245fefd4d7e71988c65275bdfcbdd26f283eec9cedaab3ce3b89dc0e38adf1"
"issue13-v5-diagnostic-module-bridge/1";"bridge-bfe7c56864c0e7bfba15a7cf";"_anomalies.csv";"wiodr16";"wiodr16";"sea_countries";"compensation.emp.s.us";"after_country_aggregation";"5";"preserve_all_missing";"";"NA";"wiodr16_v1";"";"";"sea_countries.R";"aggregation.direct";"aggregation.direct";"replace";"run-20260823T212944260Z-1a7eb214ff4a6e35";"6bae54fd65477aa4a04f256bc2e71a24d0711a8312acb8d164a9aaea2cc667f7";"f6a2521577af71ddb22230ecebd444742dc6c33d254fef6d46d9bc4514db20ce";"db341acaac977b4ed1716b1ff3a8cec068805691b55b5348f584d8d6bb02c26a";"cc2c86189a06676bcb9f0e05e08033d710a92509";"0cb1142cdadd74bf95272010f5393ebe2af79f47";"run-20260824T051615868Z-3229fc7242c41ab1";"473805f2790df1179f0127a206df9eed719a0a6958e97ed57532bd045525d8fa";"f6a2521577af71ddb22230ecebd444742dc6c33d254fef6d46d9bc4514db20ce";"db341acaac977b4ed1716b1ff3a8cec068805691b55b5348f584d8d6bb02c26a";"7d7178150e2b91768f9ba95b86fb0aab84f02bf8";"314e65771523065a36f1e5781cc18977dbb0fbb2";"840";"840";"bfe7c56864c0e7bfba15a7cfacad9f676e22e8879cf151eb64ac0d44d665ab56"
"issue13-v5-diagnostic-module-bridge/1";"bridge-73c37e442ee8b9b151fed40d";"_anomalies.csv";"wiodr16";"wiodr16";"sea_countries";"compensation.emp.s.us";"after_world_aggregation";"5";"aggregate_available";"";"NA";"wiodr16_v1";"";"";"sea_countries.R";"aggregation.direct";"aggregation.direct";"replace";"run-20260823T212944260Z-1a7eb214ff4a6e35";"6bae54fd65477aa4a04f256bc2e71a24d0711a8312acb8d164a9aaea2cc667f7";"f6a2521577af71ddb22230ecebd444742dc6c33d254fef6d46d9bc4514db20ce";"db341acaac977b4ed1716b1ff3a8cec068805691b55b5348f584d8d6bb02c26a";"cc2c86189a06676bcb9f0e05e08033d710a92509";"0cb1142cdadd74bf95272010f5393ebe2af79f47";"run-20260824T051615868Z-3229fc7242c41ab1";"473805f2790df1179f0127a206df9eed719a0a6958e97ed57532bd045525d8fa";"f6a2521577af71ddb22230ecebd444742dc6c33d254fef6d46d9bc4514db20ce";"db341acaac977b4ed1716b1ff3a8cec068805691b55b5348f584d8d6bb02c26a";"7d7178150e2b91768f9ba95b86fb0aab84f02bf8";"314e65771523065a36f1e5781cc18977dbb0fbb2";"15";"15";"73c37e442ee8b9b151fed40d1193874d11f57bdcdcd09b561d42e9bb68686208"
"issue13-v5-diagnostic-module-bridge/1";"bridge-aa6d78295582c0c0da41ff83";"_anomalies.csv";"wiodr16";"wiodr16";"sea_countries";"compensation.empe.s.cu";"after_country_aggregation";"5";"preserve_all_missing";"";"NA";"wiodr16_v1";"";"";"sea_countries.R";"aggregation.direct";"aggregation.direct";"replace";"run-20260823T212944260Z-1a7eb214ff4a6e35";"6bae54fd65477aa4a04f256bc2e71a24d0711a8312acb8d164a9aaea2cc667f7";"f6a2521577af71ddb22230ecebd444742dc6c33d254fef6d46d9bc4514db20ce";"db341acaac977b4ed1716b1ff3a8cec068805691b55b5348f584d8d6bb02c26a";"cc2c86189a06676bcb9f0e05e08033d710a92509";"0cb1142cdadd74bf95272010f5393ebe2af79f47";"run-20260824T051615868Z-3229fc7242c41ab1";"473805f2790df1179f0127a206df9eed719a0a6958e97ed57532bd045525d8fa";"f6a2521577af71ddb22230ecebd444742dc6c33d254fef6d46d9bc4514db20ce";"db341acaac977b4ed1716b1ff3a8cec068805691b55b5348f584d8d6bb02c26a";"7d7178150e2b91768f9ba95b86fb0aab84f02bf8";"314e65771523065a36f1e5781cc18977dbb0fbb2";"840";"840";"aa6d78295582c0c0da41ff83eb2e408871a9a2f738f19ba92fee7e8a63570890"
"issue13-v5-diagnostic-module-bridge/1";"bridge-ceaa6352cce9d1947504928c";"_anomalies.csv";"wiodr16";"wiodr16";"sea_countries";"compensation.empe.s.cu";"after_world_aggregation";"5";"aggregate_available";"";"NA";"wiodr16_v1";"";"";"sea_countries.R";"aggregation.direct";"aggregation.direct";"replace";"run-20260823T212944260Z-1a7eb214ff4a6e35";"6bae54fd65477aa4a04f256bc2e71a24d0711a8312acb8d164a9aaea2cc667f7";"f6a2521577af71ddb22230ecebd444742dc6c33d254fef6d46d9bc4514db20ce";"db341acaac977b4ed1716b1ff3a8cec068805691b55b5348f584d8d6bb02c26a";"cc2c86189a06676bcb9f0e05e08033d710a92509";"0cb1142cdadd74bf95272010f5393ebe2af79f47";"run-20260824T051615868Z-3229fc7242c41ab1";"473805f2790df1179f0127a206df9eed719a0a6958e97ed57532bd045525d8fa";"f6a2521577af71ddb22230ecebd444742dc6c33d254fef6d46d9bc4514db20ce";"db341acaac977b4ed1716b1ff3a8cec068805691b55b5348f584d8d6bb02c26a";"7d7178150e2b91768f9ba95b86fb0aab84f02bf8";"314e65771523065a36f1e5781cc18977dbb0fbb2";"15";"15";"ceaa6352cce9d1947504928cc4ace94a73c0a1402ff0acd6c702babfbe71662c"
"issue13-v5-diagnostic-module-bridge/1";"bridge-15787f7de446266385ce37f8";"_anomalies.csv";"wiodr16";"wiodr16";"sea_countries";"compensation.empe.s.us";"after_country_aggregation";"5";"preserve_all_missing";"";"NA";"wiodr16_v1";"";"";"sea_countries.R";"aggregation.direct";"aggregation.direct";"replace";"run-20260823T212944260Z-1a7eb214ff4a6e35";"6bae54fd65477aa4a04f256bc2e71a24d0711a8312acb8d164a9aaea2cc667f7";"f6a2521577af71ddb22230ecebd444742dc6c33d254fef6d46d9bc4514db20ce";"db341acaac977b4ed1716b1ff3a8cec068805691b55b5348f584d8d6bb02c26a";"cc2c86189a06676bcb9f0e05e08033d710a92509";"0cb1142cdadd74bf95272010f5393ebe2af79f47";"run-20260824T051615868Z-3229fc7242c41ab1";"473805f2790df1179f0127a206df9eed719a0a6958e97ed57532bd045525d8fa";"f6a2521577af71ddb22230ecebd444742dc6c33d254fef6d46d9bc4514db20ce";"db341acaac977b4ed1716b1ff3a8cec068805691b55b5348f584d8d6bb02c26a";"7d7178150e2b91768f9ba95b86fb0aab84f02bf8";"314e65771523065a36f1e5781cc18977dbb0fbb2";"840";"840";"15787f7de446266385ce37f86ae2d2b216751f4442d2de628c4380326dba7554"
"issue13-v5-diagnostic-module-bridge/1";"bridge-a454b3e05e99e13b642b0687";"_anomalies.csv";"wiodr16";"wiodr16";"sea_countries";"compensation.empe.s.us";"after_world_aggregation";"5";"aggregate_available";"";"NA";"wiodr16_v1";"";"";"sea_countries.R";"aggregation.direct";"aggregation.direct";"replace";"run-20260823T212944260Z-1a7eb214ff4a6e35";"6bae54fd65477aa4a04f256bc2e71a24d0711a8312acb8d164a9aaea2cc667f7";"f6a2521577af71ddb22230ecebd444742dc6c33d254fef6d46d9bc4514db20ce";"db341acaac977b4ed1716b1ff3a8cec068805691b55b5348f584d8d6bb02c26a";"cc2c86189a06676bcb9f0e05e08033d710a92509";"0cb1142cdadd74bf95272010f5393ebe2af79f47";"run-20260824T051615868Z-3229fc7242c41ab1";"473805f2790df1179f0127a206df9eed719a0a6958e97ed57532bd045525d8fa";"f6a2521577af71ddb22230ecebd444742dc6c33d254fef6d46d9bc4514db20ce";"db341acaac977b4ed1716b1ff3a8cec068805691b55b5348f584d8d6bb02c26a";"7d7178150e2b91768f9ba95b86fb0aab84f02bf8";"314e65771523065a36f1e5781cc18977dbb0fbb2";"15";"15";"a454b3e05e99e13b642b06873ef283fd70ebd91d616bb73dcb3e7eca0c24a7b8"
"issue13-v5-diagnostic-module-bridge/1";"bridge-e4354dadd9fe6f21022efef6";"_anomalies.csv";"wiodr16";"wiodr16";"sea_countries";"complex_labour_multiplier.empe.r.un";"after_country_aggregation";"5";"preserve_all_missing";"";"NA";"wiodr16_v1";"";"";"sea_countries.R";"aggregation.direct";"aggregation.direct";"replace";"run-20260823T212944260Z-1a7eb214ff4a6e35";"6bae54fd65477aa4a04f256bc2e71a24d0711a8312acb8d164a9aaea2cc667f7";"f6a2521577af71ddb22230ecebd444742dc6c33d254fef6d46d9bc4514db20ce";"db341acaac977b4ed1716b1ff3a8cec068805691b55b5348f584d8d6bb02c26a";"cc2c86189a06676bcb9f0e05e08033d710a92509";"0cb1142cdadd74bf95272010f5393ebe2af79f47";"run-20260824T051615868Z-3229fc7242c41ab1";"473805f2790df1179f0127a206df9eed719a0a6958e97ed57532bd045525d8fa";"f6a2521577af71ddb22230ecebd444742dc6c33d254fef6d46d9bc4514db20ce";"db341acaac977b4ed1716b1ff3a8cec068805691b55b5348f584d8d6bb02c26a";"7d7178150e2b91768f9ba95b86fb0aab84f02bf8";"314e65771523065a36f1e5781cc18977dbb0fbb2";"840";"840";"e4354dadd9fe6f21022efef6003463dcbe5353439229b4761e551342e9b26c1a"
"issue13-v5-diagnostic-module-bridge/1";"bridge-6c6a4c7cd89ab703f37ffde7";"_anomalies.csv";"wiodr16";"wiodr16";"sea_countries";"complex_labour_multiplier.empe.r.un";"after_world_aggregation";"5";"aggregate_available";"";"NA";"wiodr16_v1";"";"";"sea_countries.R";"aggregation.direct";"aggregation.direct";"replace";"run-20260823T212944260Z-1a7eb214ff4a6e35";"6bae54fd65477aa4a04f256bc2e71a24d0711a8312acb8d164a9aaea2cc667f7";"f6a2521577af71ddb22230ecebd444742dc6c33d254fef6d46d9bc4514db20ce";"db341acaac977b4ed1716b1ff3a8cec068805691b55b5348f584d8d6bb02c26a";"cc2c86189a06676bcb9f0e05e08033d710a92509";"0cb1142cdadd74bf95272010f5393ebe2af79f47";"run-20260824T051615868Z-3229fc7242c41ab1";"473805f2790df1179f0127a206df9eed719a0a6958e97ed57532bd045525d8fa";"f6a2521577af71ddb22230ecebd444742dc6c33d254fef6d46d9bc4514db20ce";"db341acaac977b4ed1716b1ff3a8cec068805691b55b5348f584d8d6bb02c26a";"7d7178150e2b91768f9ba95b86fb0aab84f02bf8";"314e65771523065a36f1e5781cc18977dbb0fbb2";"15";"15";"6c6a4c7cd89ab703f37ffde7b25de6f2df09e8e7c8b0186abe05a6294fb93a2f"
"issue13-v5-diagnostic-module-bridge/1";"bridge-b2117d80249fe804ac0eb5e6";"_anomalies.csv";"wiodr16";"wiodr16";"sea_countries";"empe.s.un";"after_country_aggregation";"5";"preserve_all_missing";"";"NA";"wiodr16_v1";"";"";"sea_countries.R";"aggregation.direct";"aggregation.direct";"replace";"run-20260823T212944260Z-1a7eb214ff4a6e35";"6bae54fd65477aa4a04f256bc2e71a24d0711a8312acb8d164a9aaea2cc667f7";"f6a2521577af71ddb22230ecebd444742dc6c33d254fef6d46d9bc4514db20ce";"db341acaac977b4ed1716b1ff3a8cec068805691b55b5348f584d8d6bb02c26a";"cc2c86189a06676bcb9f0e05e08033d710a92509";"0cb1142cdadd74bf95272010f5393ebe2af79f47";"run-20260824T051615868Z-3229fc7242c41ab1";"473805f2790df1179f0127a206df9eed719a0a6958e97ed57532bd045525d8fa";"f6a2521577af71ddb22230ecebd444742dc6c33d254fef6d46d9bc4514db20ce";"db341acaac977b4ed1716b1ff3a8cec068805691b55b5348f584d8d6bb02c26a";"7d7178150e2b91768f9ba95b86fb0aab84f02bf8";"314e65771523065a36f1e5781cc18977dbb0fbb2";"840";"840";"b2117d80249fe804ac0eb5e6eb8e3c0fa04d20dd133489e5b8f6d226689abe0b"
"issue13-v5-diagnostic-module-bridge/1";"bridge-f4dd729a8cad2cd8cd70c3ed";"_anomalies.csv";"wiodr16";"wiodr16";"sea_countries";"empe.s.un";"after_world_aggregation";"5";"aggregate_available";"";"NA";"wiodr16_v1";"";"";"sea_countries.R";"aggregation.direct";"aggregation.direct";"replace";"run-20260823T212944260Z-1a7eb214ff4a6e35";"6bae54fd65477aa4a04f256bc2e71a24d0711a8312acb8d164a9aaea2cc667f7";"f6a2521577af71ddb22230ecebd444742dc6c33d254fef6d46d9bc4514db20ce";"db341acaac977b4ed1716b1ff3a8cec068805691b55b5348f584d8d6bb02c26a";"cc2c86189a06676bcb9f0e05e08033d710a92509";"0cb1142cdadd74bf95272010f5393ebe2af79f47";"run-20260824T051615868Z-3229fc7242c41ab1";"473805f2790df1179f0127a206df9eed719a0a6958e97ed57532bd045525d8fa";"f6a2521577af71ddb22230ecebd444742dc6c33d254fef6d46d9bc4514db20ce";"db341acaac977b4ed1716b1ff3a8cec068805691b55b5348f584d8d6bb02c26a";"7d7178150e2b91768f9ba95b86fb0aab84f02bf8";"314e65771523065a36f1e5781cc18977dbb0fbb2";"15";"15";"f4dd729a8cad2cd8cd70c3ed1b328379279f1113596a9ebf62111b28a14fc0de"
"issue13-v5-diagnostic-module-bridge/1";"bridge-78aef84d2c8dcc8ba0c21d70";"_anomalies.csv";"wiodr16";"wiodr16";"sea_countries";"exchange.r.us";"after_country_aggregation";"5";"preserve_all_missing";"";"NA";"wiodr16_v1";"";"";"sea_countries.R";"aggregation.direct";"aggregation.direct";"replace";"run-20260823T212944260Z-1a7eb214ff4a6e35";"6bae54fd65477aa4a04f256bc2e71a24d0711a8312acb8d164a9aaea2cc667f7";"f6a2521577af71ddb22230ecebd444742dc6c33d254fef6d46d9bc4514db20ce";"db341acaac977b4ed1716b1ff3a8cec068805691b55b5348f584d8d6bb02c26a";"cc2c86189a06676bcb9f0e05e08033d710a92509";"0cb1142cdadd74bf95272010f5393ebe2af79f47";"run-20260824T051615868Z-3229fc7242c41ab1";"473805f2790df1179f0127a206df9eed719a0a6958e97ed57532bd045525d8fa";"f6a2521577af71ddb22230ecebd444742dc6c33d254fef6d46d9bc4514db20ce";"db341acaac977b4ed1716b1ff3a8cec068805691b55b5348f584d8d6bb02c26a";"7d7178150e2b91768f9ba95b86fb0aab84f02bf8";"314e65771523065a36f1e5781cc18977dbb0fbb2";"840";"840";"78aef84d2c8dcc8ba0c21d707727a2797b6ab3f10c67ba2cbd1fee7a31d8c6ab"
"issue13-v5-diagnostic-module-bridge/1";"bridge-67440cc96f9a10a03dfe8f4d";"_anomalies.csv";"wiodr16";"wiodr16";"sea_countries";"hours_worked.empe.s.hr";"after_country_aggregation";"5";"preserve_all_missing";"";"NA";"wiodr16_v1";"";"";"sea_countries.R";"aggregation.direct";"aggregation.direct";"replace";"run-20260823T212944260Z-1a7eb214ff4a6e35";"6bae54fd65477aa4a04f256bc2e71a24d0711a8312acb8d164a9aaea2cc667f7";"f6a2521577af71ddb22230ecebd444742dc6c33d254fef6d46d9bc4514db20ce";"db341acaac977b4ed1716b1ff3a8cec068805691b55b5348f584d8d6bb02c26a";"cc2c86189a06676bcb9f0e05e08033d710a92509";"0cb1142cdadd74bf95272010f5393ebe2af79f47";"run-20260824T051615868Z-3229fc7242c41ab1";"473805f2790df1179f0127a206df9eed719a0a6958e97ed57532bd045525d8fa";"f6a2521577af71ddb22230ecebd444742dc6c33d254fef6d46d9bc4514db20ce";"db341acaac977b4ed1716b1ff3a8cec068805691b55b5348f584d8d6bb02c26a";"7d7178150e2b91768f9ba95b86fb0aab84f02bf8";"314e65771523065a36f1e5781cc18977dbb0fbb2";"840";"840";"67440cc96f9a10a03dfe8f4d5bc4851f7aed95d2703f52dce4da64bab36a60e6"
"issue13-v5-diagnostic-module-bridge/1";"bridge-34c64695e73d5d6aa9be4fa2";"_anomalies.csv";"wiodr16";"wiodr16";"sea_countries";"hours_worked.empe.s.hr";"after_world_aggregation";"5";"aggregate_available";"";"NA";"wiodr16_v1";"";"";"sea_countries.R";"aggregation.direct";"aggregation.direct";"replace";"run-20260823T212944260Z-1a7eb214ff4a6e35";"6bae54fd65477aa4a04f256bc2e71a24d0711a8312acb8d164a9aaea2cc667f7";"f6a2521577af71ddb22230ecebd444742dc6c33d254fef6d46d9bc4514db20ce";"db341acaac977b4ed1716b1ff3a8cec068805691b55b5348f584d8d6bb02c26a";"cc2c86189a06676bcb9f0e05e08033d710a92509";"0cb1142cdadd74bf95272010f5393ebe2af79f47";"run-20260824T051615868Z-3229fc7242c41ab1";"473805f2790df1179f0127a206df9eed719a0a6958e97ed57532bd045525d8fa";"f6a2521577af71ddb22230ecebd444742dc6c33d254fef6d46d9bc4514db20ce";"db341acaac977b4ed1716b1ff3a8cec068805691b55b5348f584d8d6bb02c26a";"7d7178150e2b91768f9ba95b86fb0aab84f02bf8";"314e65771523065a36f1e5781cc18977dbb0fbb2";"15";"15";"34c64695e73d5d6aa9be4fa22cac7a77afc86714e84b9f24c60d38c10aaf1b17"
"issue13-v5-diagnostic-module-bridge/1";"bridge-7582c92bf49b8dc2fdbd8f13";"_anomalies.csv";"wiodr16";"wiodr16";"sea_countries";"labour_force_value.emp.s.mv";"after_country_aggregation";"5";"preserve_all_missing";"";"NA";"wiodr16_v1";"";"";"sea_countries.R";"aggregation.direct";"aggregation.direct";"replace";"run-20260823T212944260Z-1a7eb214ff4a6e35";"6bae54fd65477aa4a04f256bc2e71a24d0711a8312acb8d164a9aaea2cc667f7";"f6a2521577af71ddb22230ecebd444742dc6c33d254fef6d46d9bc4514db20ce";"db341acaac977b4ed1716b1ff3a8cec068805691b55b5348f584d8d6bb02c26a";"cc2c86189a06676bcb9f0e05e08033d710a92509";"0cb1142cdadd74bf95272010f5393ebe2af79f47";"run-20260824T051615868Z-3229fc7242c41ab1";"473805f2790df1179f0127a206df9eed719a0a6958e97ed57532bd045525d8fa";"f6a2521577af71ddb22230ecebd444742dc6c33d254fef6d46d9bc4514db20ce";"db341acaac977b4ed1716b1ff3a8cec068805691b55b5348f584d8d6bb02c26a";"7d7178150e2b91768f9ba95b86fb0aab84f02bf8";"314e65771523065a36f1e5781cc18977dbb0fbb2";"840";"840";"7582c92bf49b8dc2fdbd8f133c54c2dcd097587f616848072cf2883a9de17288"
"issue13-v5-diagnostic-module-bridge/1";"bridge-2dcc6a5cd973e5f9be29d021";"_anomalies.csv";"wiodr16";"wiodr16";"sea_countries";"labour_force_value.emp.s.mv";"after_world_aggregation";"5";"aggregate_available";"";"NA";"wiodr16_v1";"";"";"sea_countries.R";"aggregation.direct";"aggregation.direct";"replace";"run-20260823T212944260Z-1a7eb214ff4a6e35";"6bae54fd65477aa4a04f256bc2e71a24d0711a8312acb8d164a9aaea2cc667f7";"f6a2521577af71ddb22230ecebd444742dc6c33d254fef6d46d9bc4514db20ce";"db341acaac977b4ed1716b1ff3a8cec068805691b55b5348f584d8d6bb02c26a";"cc2c86189a06676bcb9f0e05e08033d710a92509";"0cb1142cdadd74bf95272010f5393ebe2af79f47";"run-20260824T051615868Z-3229fc7242c41ab1";"473805f2790df1179f0127a206df9eed719a0a6958e97ed57532bd045525d8fa";"f6a2521577af71ddb22230ecebd444742dc6c33d254fef6d46d9bc4514db20ce";"db341acaac977b4ed1716b1ff3a8cec068805691b55b5348f584d8d6bb02c26a";"7d7178150e2b91768f9ba95b86fb0aab84f02bf8";"314e65771523065a36f1e5781cc18977dbb0fbb2";"15";"15";"2dcc6a5cd973e5f9be29d021eb1d26a859aca3e8679a87115bf8889fb86aceeb"
"issue13-v5-diagnostic-module-bridge/1";"bridge-30338e1e3c587b71e4cf547c";"_anomalies.csv";"wiodr16";"wiodr16";"sea_countries";"labour_force_value.s.mv";"after_country_aggregation";"5";"preserve_all_missing";"";"NA";"wiodr16_v1";"";"";"sea_countries.R";"aggregation.direct";"aggregation.direct";"replace";"run-20260823T212944260Z-1a7eb214ff4a6e35";"6bae54fd65477aa4a04f256bc2e71a24d0711a8312acb8d164a9aaea2cc667f7";"f6a2521577af71ddb22230ecebd444742dc6c33d254fef6d46d9bc4514db20ce";"db341acaac977b4ed1716b1ff3a8cec068805691b55b5348f584d8d6bb02c26a";"cc2c86189a06676bcb9f0e05e08033d710a92509";"0cb1142cdadd74bf95272010f5393ebe2af79f47";"run-20260824T051615868Z-3229fc7242c41ab1";"473805f2790df1179f0127a206df9eed719a0a6958e97ed57532bd045525d8fa";"f6a2521577af71ddb22230ecebd444742dc6c33d254fef6d46d9bc4514db20ce";"db341acaac977b4ed1716b1ff3a8cec068805691b55b5348f584d8d6bb02c26a";"7d7178150e2b91768f9ba95b86fb0aab84f02bf8";"314e65771523065a36f1e5781cc18977dbb0fbb2";"840";"840";"30338e1e3c587b71e4cf547ce76d9d13e2e464d5ab8247291e959da3ecb528b1"
"issue13-v5-diagnostic-module-bridge/1";"bridge-376e6986b016eb13856423de";"_anomalies.csv";"wiodr16";"wiodr16";"sea_countries";"labour_force_value.s.mv";"after_world_aggregation";"5";"aggregate_available";"";"NA";"wiodr16_v1";"";"";"sea_countries.R";"aggregation.direct";"aggregation.direct";"replace";"run-20260823T212944260Z-1a7eb214ff4a6e35";"6bae54fd65477aa4a04f256bc2e71a24d0711a8312acb8d164a9aaea2cc667f7";"f6a2521577af71ddb22230ecebd444742dc6c33d254fef6d46d9bc4514db20ce";"db341acaac977b4ed1716b1ff3a8cec068805691b55b5348f584d8d6bb02c26a";"cc2c86189a06676bcb9f0e05e08033d710a92509";"0cb1142cdadd74bf95272010f5393ebe2af79f47";"run-20260824T051615868Z-3229fc7242c41ab1";"473805f2790df1179f0127a206df9eed719a0a6958e97ed57532bd045525d8fa";"f6a2521577af71ddb22230ecebd444742dc6c33d254fef6d46d9bc4514db20ce";"db341acaac977b4ed1716b1ff3a8cec068805691b55b5348f584d8d6bb02c26a";"7d7178150e2b91768f9ba95b86fb0aab84f02bf8";"314e65771523065a36f1e5781cc18977dbb0fbb2";"15";"15";"376e6986b016eb13856423deb651173d0651ba887228e32f2bce255e61788ffc"
"issue13-v5-diagnostic-module-bridge/1";"bridge-20dc5b73079c1fbb484db7fa";"_anomalies.csv";"wiodr16";"wiodr16";"sea_countries";"profit.s.us";"after_country_aggregation";"5";"preserve_all_missing";"";"NA";"wiodr16_v1";"";"";"sea_countries.R";"aggregation.direct";"aggregation.direct";"replace";"run-20260823T212944260Z-1a7eb214ff4a6e35";"6bae54fd65477aa4a04f256bc2e71a24d0711a8312acb8d164a9aaea2cc667f7";"f6a2521577af71ddb22230ecebd444742dc6c33d254fef6d46d9bc4514db20ce";"db341acaac977b4ed1716b1ff3a8cec068805691b55b5348f584d8d6bb02c26a";"cc2c86189a06676bcb9f0e05e08033d710a92509";"0cb1142cdadd74bf95272010f5393ebe2af79f47";"run-20260824T051615868Z-3229fc7242c41ab1";"473805f2790df1179f0127a206df9eed719a0a6958e97ed57532bd045525d8fa";"f6a2521577af71ddb22230ecebd444742dc6c33d254fef6d46d9bc4514db20ce";"db341acaac977b4ed1716b1ff3a8cec068805691b55b5348f584d8d6bb02c26a";"7d7178150e2b91768f9ba95b86fb0aab84f02bf8";"314e65771523065a36f1e5781cc18977dbb0fbb2";"840";"840";"20dc5b73079c1fbb484db7fa51dc526cb05b801f3db3f611ef19c8db673ba395"
"issue13-v5-diagnostic-module-bridge/1";"bridge-3dcb62c701d143b593d8bcef";"_anomalies.csv";"wiodr16";"wiodr16";"sea_countries";"profit.s.us";"after_world_aggregation";"5";"aggregate_available";"";"NA";"wiodr16_v1";"";"";"sea_countries.R";"aggregation.direct";"aggregation.direct";"replace";"run-20260823T212944260Z-1a7eb214ff4a6e35";"6bae54fd65477aa4a04f256bc2e71a24d0711a8312acb8d164a9aaea2cc667f7";"f6a2521577af71ddb22230ecebd444742dc6c33d254fef6d46d9bc4514db20ce";"db341acaac977b4ed1716b1ff3a8cec068805691b55b5348f584d8d6bb02c26a";"cc2c86189a06676bcb9f0e05e08033d710a92509";"0cb1142cdadd74bf95272010f5393ebe2af79f47";"run-20260824T051615868Z-3229fc7242c41ab1";"473805f2790df1179f0127a206df9eed719a0a6958e97ed57532bd045525d8fa";"f6a2521577af71ddb22230ecebd444742dc6c33d254fef6d46d9bc4514db20ce";"db341acaac977b4ed1716b1ff3a8cec068805691b55b5348f584d8d6bb02c26a";"7d7178150e2b91768f9ba95b86fb0aab84f02bf8";"314e65771523065a36f1e5781cc18977dbb0fbb2";"15";"15";"3dcb62c701d143b593d8bcefe1a181dfb25772a1dd6de305cc6534e0bc14a157"
"issue13-v5-diagnostic-module-bridge/1";"bridge-43e3d3f4fe2f535fa1e1a2d6";"_anomalies.csv";"wiodr16";"wiodr16";"sea_countries";"surplus_value.emp_p.r.pc.denominator";"after_country_module";"5";"aggregate_available";"";"NA";"wiodr16_v1";"";"";"common/surplus_value.emp_p.r.pc-country.R";"indicator.surplus_value.emp_p.r.pc";"indicator.surplus_value.emp_p.r.pc";"replace";"run-20260823T212944260Z-1a7eb214ff4a6e35";"6bae54fd65477aa4a04f256bc2e71a24d0711a8312acb8d164a9aaea2cc667f7";"f6a2521577af71ddb22230ecebd444742dc6c33d254fef6d46d9bc4514db20ce";"db341acaac977b4ed1716b1ff3a8cec068805691b55b5348f584d8d6bb02c26a";"cc2c86189a06676bcb9f0e05e08033d710a92509";"0cb1142cdadd74bf95272010f5393ebe2af79f47";"run-20260824T051615868Z-3229fc7242c41ab1";"473805f2790df1179f0127a206df9eed719a0a6958e97ed57532bd045525d8fa";"f6a2521577af71ddb22230ecebd444742dc6c33d254fef6d46d9bc4514db20ce";"db341acaac977b4ed1716b1ff3a8cec068805691b55b5348f584d8d6bb02c26a";"7d7178150e2b91768f9ba95b86fb0aab84f02bf8";"314e65771523065a36f1e5781cc18977dbb0fbb2";"840";"840";"43e3d3f4fe2f535fa1e1a2d6a07d448ef505dd6985284bab4ed83446c22d82a5"
"issue13-v5-diagnostic-module-bridge/1";"bridge-20b7b6ca52c35d79dcdec5be";"_anomalies.csv";"wiodr16";"wiodr16";"sea_countries";"surplus_value.emp_p.r.pc.denominator";"after_country_module";"5";"preserve_all_missing";"";"NA";"wiodr16_v1";"";"";"common/surplus_value.emp_p.r.pc-country.R";"indicator.surplus_value.emp_p.r.pc";"indicator.surplus_value.emp_p.r.pc";"replace";"run-20260823T212944260Z-1a7eb214ff4a6e35";"6bae54fd65477aa4a04f256bc2e71a24d0711a8312acb8d164a9aaea2cc667f7";"f6a2521577af71ddb22230ecebd444742dc6c33d254fef6d46d9bc4514db20ce";"db341acaac977b4ed1716b1ff3a8cec068805691b55b5348f584d8d6bb02c26a";"cc2c86189a06676bcb9f0e05e08033d710a92509";"0cb1142cdadd74bf95272010f5393ebe2af79f47";"run-20260824T051615868Z-3229fc7242c41ab1";"473805f2790df1179f0127a206df9eed719a0a6958e97ed57532bd045525d8fa";"f6a2521577af71ddb22230ecebd444742dc6c33d254fef6d46d9bc4514db20ce";"db341acaac977b4ed1716b1ff3a8cec068805691b55b5348f584d8d6bb02c26a";"7d7178150e2b91768f9ba95b86fb0aab84f02bf8";"314e65771523065a36f1e5781cc18977dbb0fbb2";"840";"840";"20b7b6ca52c35d79dcdec5beb57e03984ef8b1aedfe94f3e7874ffc2e47caf5b"
"issue13-v5-diagnostic-module-bridge/1";"bridge-54883e280eabe8eaed933ac4";"_anomalies.csv";"wiodr16";"wiodr16";"sea_countries";"surplus_value.emp_p.r.pc.numerator";"after_country_module";"5";"aggregate_available";"";"NA";"wiodr16_v1";"";"";"common/surplus_value.emp_p.r.pc-country.R";"indicator.surplus_value.emp_p.r.pc";"indicator.surplus_value.emp_p.r.pc";"replace";"run-20260823T212944260Z-1a7eb214ff4a6e35";"6bae54fd65477aa4a04f256bc2e71a24d0711a8312acb8d164a9aaea2cc667f7";"f6a2521577af71ddb22230ecebd444742dc6c33d254fef6d46d9bc4514db20ce";"db341acaac977b4ed1716b1ff3a8cec068805691b55b5348f584d8d6bb02c26a";"cc2c86189a06676bcb9f0e05e08033d710a92509";"0cb1142cdadd74bf95272010f5393ebe2af79f47";"run-20260824T051615868Z-3229fc7242c41ab1";"473805f2790df1179f0127a206df9eed719a0a6958e97ed57532bd045525d8fa";"f6a2521577af71ddb22230ecebd444742dc6c33d254fef6d46d9bc4514db20ce";"db341acaac977b4ed1716b1ff3a8cec068805691b55b5348f584d8d6bb02c26a";"7d7178150e2b91768f9ba95b86fb0aab84f02bf8";"314e65771523065a36f1e5781cc18977dbb0fbb2";"840";"840";"54883e280eabe8eaed933ac4b064f94feb697be579484bcd3daa75a2cb7540b9"
"issue13-v5-diagnostic-module-bridge/1";"bridge-1178a5b48095e8d6d7d4a13f";"_anomalies.csv";"wiodr16";"wiodr16";"sea_countries";"surplus_value.emp_p.r.pc.numerator";"after_country_module";"5";"preserve_all_missing";"";"NA";"wiodr16_v1";"";"";"common/surplus_value.emp_p.r.pc-country.R";"indicator.surplus_value.emp_p.r.pc";"indicator.surplus_value.emp_p.r.pc";"replace";"run-20260823T212944260Z-1a7eb214ff4a6e35";"6bae54fd65477aa4a04f256bc2e71a24d0711a8312acb8d164a9aaea2cc667f7";"f6a2521577af71ddb22230ecebd444742dc6c33d254fef6d46d9bc4514db20ce";"db341acaac977b4ed1716b1ff3a8cec068805691b55b5348f584d8d6bb02c26a";"cc2c86189a06676bcb9f0e05e08033d710a92509";"0cb1142cdadd74bf95272010f5393ebe2af79f47";"run-20260824T051615868Z-3229fc7242c41ab1";"473805f2790df1179f0127a206df9eed719a0a6958e97ed57532bd045525d8fa";"f6a2521577af71ddb22230ecebd444742dc6c33d254fef6d46d9bc4514db20ce";"db341acaac977b4ed1716b1ff3a8cec068805691b55b5348f584d8d6bb02c26a";"7d7178150e2b91768f9ba95b86fb0aab84f02bf8";"314e65771523065a36f1e5781cc18977dbb0fbb2";"840";"840";"1178a5b48095e8d6d7d4a13fc643b8eac9ee2b09fc8870dd8da458af0140e3ef"
"issue13-v5-diagnostic-module-bridge/1";"bridge-d392089763c8f86a00084ce1";"_anomalies.csv";"wiodr16";"wiodr16";"sea_countries";"surplus_value.empe_p.r.pc.denominator";"after_country_module";"5";"aggregate_available";"";"NA";"wiodr16_v1";"";"";"common/surplus_value.empe_p.r.pc-country.R";"indicator.surplus_value.empe_p.r.pc";"indicator.surplus_value.empe_p.r.pc";"replace";"run-20260823T212944260Z-1a7eb214ff4a6e35";"6bae54fd65477aa4a04f256bc2e71a24d0711a8312acb8d164a9aaea2cc667f7";"f6a2521577af71ddb22230ecebd444742dc6c33d254fef6d46d9bc4514db20ce";"db341acaac977b4ed1716b1ff3a8cec068805691b55b5348f584d8d6bb02c26a";"cc2c86189a06676bcb9f0e05e08033d710a92509";"0cb1142cdadd74bf95272010f5393ebe2af79f47";"run-20260824T051615868Z-3229fc7242c41ab1";"473805f2790df1179f0127a206df9eed719a0a6958e97ed57532bd045525d8fa";"f6a2521577af71ddb22230ecebd444742dc6c33d254fef6d46d9bc4514db20ce";"db341acaac977b4ed1716b1ff3a8cec068805691b55b5348f584d8d6bb02c26a";"7d7178150e2b91768f9ba95b86fb0aab84f02bf8";"314e65771523065a36f1e5781cc18977dbb0fbb2";"840";"840";"d392089763c8f86a00084ce1c0c5a55e6bfd6e1d867d13bbd957634019605a74"
"issue13-v5-diagnostic-module-bridge/1";"bridge-0baaa6462a136e9b09b66eac";"_anomalies.csv";"wiodr16";"wiodr16";"sea_countries";"surplus_value.empe_p.r.pc.denominator";"after_country_module";"5";"preserve_all_missing";"";"NA";"wiodr16_v1";"";"";"common/surplus_value.empe_p.r.pc-country.R";"indicator.surplus_value.empe_p.r.pc";"indicator.surplus_value.empe_p.r.pc";"replace";"run-20260823T212944260Z-1a7eb214ff4a6e35";"6bae54fd65477aa4a04f256bc2e71a24d0711a8312acb8d164a9aaea2cc667f7";"f6a2521577af71ddb22230ecebd444742dc6c33d254fef6d46d9bc4514db20ce";"db341acaac977b4ed1716b1ff3a8cec068805691b55b5348f584d8d6bb02c26a";"cc2c86189a06676bcb9f0e05e08033d710a92509";"0cb1142cdadd74bf95272010f5393ebe2af79f47";"run-20260824T051615868Z-3229fc7242c41ab1";"473805f2790df1179f0127a206df9eed719a0a6958e97ed57532bd045525d8fa";"f6a2521577af71ddb22230ecebd444742dc6c33d254fef6d46d9bc4514db20ce";"db341acaac977b4ed1716b1ff3a8cec068805691b55b5348f584d8d6bb02c26a";"7d7178150e2b91768f9ba95b86fb0aab84f02bf8";"314e65771523065a36f1e5781cc18977dbb0fbb2";"840";"840";"0baaa6462a136e9b09b66eac0abd295e3b091dd66ed4b85acbc7686e2353756a"
"issue13-v5-diagnostic-module-bridge/1";"bridge-5503bec531860e0084130bff";"_anomalies.csv";"wiodr16";"wiodr16";"sea_countries";"surplus_value.empe_p.r.pc.numerator";"after_country_module";"5";"aggregate_available";"";"NA";"wiodr16_v1";"";"";"common/surplus_value.empe_p.r.pc-country.R";"indicator.surplus_value.empe_p.r.pc";"indicator.surplus_value.empe_p.r.pc";"replace";"run-20260823T212944260Z-1a7eb214ff4a6e35";"6bae54fd65477aa4a04f256bc2e71a24d0711a8312acb8d164a9aaea2cc667f7";"f6a2521577af71ddb22230ecebd444742dc6c33d254fef6d46d9bc4514db20ce";"db341acaac977b4ed1716b1ff3a8cec068805691b55b5348f584d8d6bb02c26a";"cc2c86189a06676bcb9f0e05e08033d710a92509";"0cb1142cdadd74bf95272010f5393ebe2af79f47";"run-20260824T051615868Z-3229fc7242c41ab1";"473805f2790df1179f0127a206df9eed719a0a6958e97ed57532bd045525d8fa";"f6a2521577af71ddb22230ecebd444742dc6c33d254fef6d46d9bc4514db20ce";"db341acaac977b4ed1716b1ff3a8cec068805691b55b5348f584d8d6bb02c26a";"7d7178150e2b91768f9ba95b86fb0aab84f02bf8";"314e65771523065a36f1e5781cc18977dbb0fbb2";"840";"840";"5503bec531860e0084130bff2343edff73bc1d1bfe7057ab04b664c3afe2b9df"
"issue13-v5-diagnostic-module-bridge/1";"bridge-d98469b411be85f3a206f6de";"_anomalies.csv";"wiodr16";"wiodr16";"sea_countries";"surplus_value.empe_p.r.pc.numerator";"after_country_module";"5";"preserve_all_missing";"";"NA";"wiodr16_v1";"";"";"common/surplus_value.empe_p.r.pc-country.R";"indicator.surplus_value.empe_p.r.pc";"indicator.surplus_value.empe_p.r.pc";"replace";"run-20260823T212944260Z-1a7eb214ff4a6e35";"6bae54fd65477aa4a04f256bc2e71a24d0711a8312acb8d164a9aaea2cc667f7";"f6a2521577af71ddb22230ecebd444742dc6c33d254fef6d46d9bc4514db20ce";"db341acaac977b4ed1716b1ff3a8cec068805691b55b5348f584d8d6bb02c26a";"cc2c86189a06676bcb9f0e05e08033d710a92509";"0cb1142cdadd74bf95272010f5393ebe2af79f47";"run-20260824T051615868Z-3229fc7242c41ab1";"473805f2790df1179f0127a206df9eed719a0a6958e97ed57532bd045525d8fa";"f6a2521577af71ddb22230ecebd444742dc6c33d254fef6d46d9bc4514db20ce";"db341acaac977b4ed1716b1ff3a8cec068805691b55b5348f584d8d6bb02c26a";"7d7178150e2b91768f9ba95b86fb0aab84f02bf8";"314e65771523065a36f1e5781cc18977dbb0fbb2";"840";"840";"d98469b411be85f3a206f6de7e603516ac840ecfdcd17fdfb248e060c0b601b9"
"issue13-v5-diagnostic-module-bridge/1";"bridge-b946cb1743db93add48bf169";"_anomalies.csv";"wiodr16";"wiodr16";"sea_sectors";"abstract_labour.emp.m.mv";"after_stage_5";"5";"mark_not_applicable";"";"NaN";"wiodr16_v1";"";"";"common/abstract_labour.emp.m.mv.R";"indicator.abstract_labour.emp.m.mv";"indicator.abstract_labour.emp.m.mv";"replace";"run-20260823T212944260Z-1a7eb214ff4a6e35";"6bae54fd65477aa4a04f256bc2e71a24d0711a8312acb8d164a9aaea2cc667f7";"f6a2521577af71ddb22230ecebd444742dc6c33d254fef6d46d9bc4514db20ce";"db341acaac977b4ed1716b1ff3a8cec068805691b55b5348f584d8d6bb02c26a";"cc2c86189a06676bcb9f0e05e08033d710a92509";"0cb1142cdadd74bf95272010f5393ebe2af79f47";"run-20260824T051615868Z-3229fc7242c41ab1";"473805f2790df1179f0127a206df9eed719a0a6958e97ed57532bd045525d8fa";"f6a2521577af71ddb22230ecebd444742dc6c33d254fef6d46d9bc4514db20ce";"db341acaac977b4ed1716b1ff3a8cec068805691b55b5348f584d8d6bb02c26a";"7d7178150e2b91768f9ba95b86fb0aab84f02bf8";"314e65771523065a36f1e5781cc18977dbb0fbb2";"2064";"2064";"b946cb1743db93add48bf16902c370ff32518d19f2ce446c65cb75e889935914"
"issue13-v5-diagnostic-module-bridge/1";"bridge-afd6ec1ce942c1688946ad94";"_anomalies.csv";"wiodr16";"wiodr16";"sea_sectors";"abstract_labour.empe.m.mv";"after_stage_5";"5";"mark_not_applicable";"";"Inf";"wiodr16_v1";"";"";"common/abstract_labour.empe.m.mv.R";"indicator.abstract_labour.empe.m.mv";"indicator.abstract_labour.empe.m.mv";"replace";"run-20260823T212944260Z-1a7eb214ff4a6e35";"6bae54fd65477aa4a04f256bc2e71a24d0711a8312acb8d164a9aaea2cc667f7";"f6a2521577af71ddb22230ecebd444742dc6c33d254fef6d46d9bc4514db20ce";"db341acaac977b4ed1716b1ff3a8cec068805691b55b5348f584d8d6bb02c26a";"cc2c86189a06676bcb9f0e05e08033d710a92509";"0cb1142cdadd74bf95272010f5393ebe2af79f47";"run-20260824T051615868Z-3229fc7242c41ab1";"473805f2790df1179f0127a206df9eed719a0a6958e97ed57532bd045525d8fa";"f6a2521577af71ddb22230ecebd444742dc6c33d254fef6d46d9bc4514db20ce";"db341acaac977b4ed1716b1ff3a8cec068805691b55b5348f584d8d6bb02c26a";"7d7178150e2b91768f9ba95b86fb0aab84f02bf8";"314e65771523065a36f1e5781cc18977dbb0fbb2";"3";"3";"afd6ec1ce942c1688946ad94cb18e7bdcc2772ad94a77de195245c59df13f1e7"
"issue13-v5-diagnostic-module-bridge/1";"bridge-63070651f7ecd3a1861d82ea";"_anomalies.csv";"wiodr16";"wiodr16";"sea_sectors";"abstract_labour.empe.m.mv";"after_stage_5";"5";"mark_not_applicable";"";"NaN";"wiodr16_v1";"";"";"common/abstract_labour.empe.m.mv.R";"indicator.abstract_labour.empe.m.mv";"indicator.abstract_labour.empe.m.mv";"replace";"run-20260823T212944260Z-1a7eb214ff4a6e35";"6bae54fd65477aa4a04f256bc2e71a24d0711a8312acb8d164a9aaea2cc667f7";"f6a2521577af71ddb22230ecebd444742dc6c33d254fef6d46d9bc4514db20ce";"db341acaac977b4ed1716b1ff3a8cec068805691b55b5348f584d8d6bb02c26a";"cc2c86189a06676bcb9f0e05e08033d710a92509";"0cb1142cdadd74bf95272010f5393ebe2af79f47";"run-20260824T051615868Z-3229fc7242c41ab1";"473805f2790df1179f0127a206df9eed719a0a6958e97ed57532bd045525d8fa";"f6a2521577af71ddb22230ecebd444742dc6c33d254fef6d46d9bc4514db20ce";"db341acaac977b4ed1716b1ff3a8cec068805691b55b5348f584d8d6bb02c26a";"7d7178150e2b91768f9ba95b86fb0aab84f02bf8";"314e65771523065a36f1e5781cc18977dbb0fbb2";"2047";"2047";"63070651f7ecd3a1861d82ea3cef7ce18e699ae72dee7a98b08fffd4eff7f8ce"
"issue13-v5-diagnostic-module-bridge/1";"bridge-53dafdfaba26f671e91f82df";"_anomalies.csv";"wiodr16";"wiodr16";"sea_sectors";"appropriated_profit.r.pc";"after_stage_5";"5";"mark_not_applicable";"";"-Inf";"wiodr16_v1";"";"";"common/appropriated_profit.r.pc.R";"indicator.appropriated_profit.r.pc";"indicator.appropriated_profit.r.pc";"replace";"run-20260823T212944260Z-1a7eb214ff4a6e35";"6bae54fd65477aa4a04f256bc2e71a24d0711a8312acb8d164a9aaea2cc667f7";"f6a2521577af71ddb22230ecebd444742dc6c33d254fef6d46d9bc4514db20ce";"db341acaac977b4ed1716b1ff3a8cec068805691b55b5348f584d8d6bb02c26a";"cc2c86189a06676bcb9f0e05e08033d710a92509";"0cb1142cdadd74bf95272010f5393ebe2af79f47";"run-20260824T051615868Z-3229fc7242c41ab1";"473805f2790df1179f0127a206df9eed719a0a6958e97ed57532bd045525d8fa";"f6a2521577af71ddb22230ecebd444742dc6c33d254fef6d46d9bc4514db20ce";"db341acaac977b4ed1716b1ff3a8cec068805691b55b5348f584d8d6bb02c26a";"7d7178150e2b91768f9ba95b86fb0aab84f02bf8";"314e65771523065a36f1e5781cc18977dbb0fbb2";"93";"93";"53dafdfaba26f671e91f82df1d4e36df85a521d23c3b9c7509cbe46b2436ce54"
"issue13-v5-diagnostic-module-bridge/1";"bridge-79c5688f9d7c15d4f9baf9d8";"_anomalies.csv";"wiodr16";"wiodr16";"sea_sectors";"appropriated_profit.r.pc";"after_stage_5";"5";"mark_not_applicable";"";"Inf";"wiodr16_v1";"";"";"common/appropriated_profit.r.pc.R";"indicator.appropriated_profit.r.pc";"indicator.appropriated_profit.r.pc";"replace";"run-20260823T212944260Z-1a7eb214ff4a6e35";"6bae54fd65477aa4a04f256bc2e71a24d0711a8312acb8d164a9aaea2cc667f7";"f6a2521577af71ddb22230ecebd444742dc6c33d254fef6d46d9bc4514db20ce";"db341acaac977b4ed1716b1ff3a8cec068805691b55b5348f584d8d6bb02c26a";"cc2c86189a06676bcb9f0e05e08033d710a92509";"0cb1142cdadd74bf95272010f5393ebe2af79f47";"run-20260824T051615868Z-3229fc7242c41ab1";"473805f2790df1179f0127a206df9eed719a0a6958e97ed57532bd045525d8fa";"f6a2521577af71ddb22230ecebd444742dc6c33d254fef6d46d9bc4514db20ce";"db341acaac977b4ed1716b1ff3a8cec068805691b55b5348f584d8d6bb02c26a";"7d7178150e2b91768f9ba95b86fb0aab84f02bf8";"314e65771523065a36f1e5781cc18977dbb0fbb2";"146";"146";"79c5688f9d7c15d4f9baf9d85a1baba71e2c15946976039f4bb5b094f258b031"
"issue13-v5-diagnostic-module-bridge/1";"bridge-4eb99843894a7d936fdfbf48";"_anomalies.csv";"wiodr16";"wiodr16";"sea_sectors";"appropriated_profit.r.pc";"after_stage_5";"5";"mark_not_applicable";"";"NaN";"wiodr16_v1";"";"";"common/appropriated_profit.r.pc.R";"indicator.appropriated_profit.r.pc";"indicator.appropriated_profit.r.pc";"replace";"run-20260823T212944260Z-1a7eb214ff4a6e35";"6bae54fd65477aa4a04f256bc2e71a24d0711a8312acb8d164a9aaea2cc667f7";"f6a2521577af71ddb22230ecebd444742dc6c33d254fef6d46d9bc4514db20ce";"db341acaac977b4ed1716b1ff3a8cec068805691b55b5348f584d8d6bb02c26a";"cc2c86189a06676bcb9f0e05e08033d710a92509";"0cb1142cdadd74bf95272010f5393ebe2af79f47";"run-20260824T051615868Z-3229fc7242c41ab1";"473805f2790df1179f0127a206df9eed719a0a6958e97ed57532bd045525d8fa";"f6a2521577af71ddb22230ecebd444742dc6c33d254fef6d46d9bc4514db20ce";"db341acaac977b4ed1716b1ff3a8cec068805691b55b5348f584d8d6bb02c26a";"7d7178150e2b91768f9ba95b86fb0aab84f02bf8";"314e65771523065a36f1e5781cc18977dbb0fbb2";"2257";"2257";"4eb99843894a7d936fdfbf4805ad091233c8ea6544d1c8c0fa95f925fb110cd8"
"issue13-v5-diagnostic-module-bridge/1";"bridge-2807b2909da005cfbd498f51";"_anomalies.csv";"wiodr16";"wiodr16";"sea_sectors";"capital_stock.s.cu";"after_assumptions";"1";"preserve_zero_row_constant_capital";"";"0";"wiodr16_row_constant_capital_v1";"";"";"row/row.R";"assumption.row.standard";"assumption.row.standard";"replace";"run-20260823T212944260Z-1a7eb214ff4a6e35";"6bae54fd65477aa4a04f256bc2e71a24d0711a8312acb8d164a9aaea2cc667f7";"f6a2521577af71ddb22230ecebd444742dc6c33d254fef6d46d9bc4514db20ce";"db341acaac977b4ed1716b1ff3a8cec068805691b55b5348f584d8d6bb02c26a";"cc2c86189a06676bcb9f0e05e08033d710a92509";"0cb1142cdadd74bf95272010f5393ebe2af79f47";"run-20260824T051615868Z-3229fc7242c41ab1";"473805f2790df1179f0127a206df9eed719a0a6958e97ed57532bd045525d8fa";"f6a2521577af71ddb22230ecebd444742dc6c33d254fef6d46d9bc4514db20ce";"db341acaac977b4ed1716b1ff3a8cec068805691b55b5348f584d8d6bb02c26a";"7d7178150e2b91768f9ba95b86fb0aab84f02bf8";"314e65771523065a36f1e5781cc18977dbb0fbb2";"15";"15";"2807b2909da005cfbd498f51368a947510dc138f71c35b404bd14da2d7b187a4"
"issue13-v5-diagnostic-module-bridge/1";"bridge-fe44fc51e8524d38194c8978";"_anomalies.csv";"wiodr16";"wiodr16";"sea_sectors";"capital_stock.s.cu";"after_stage_1";"1";"truncate_allowlisted_negative_capital_stock";"";"-260937782.66456985";"wiodr16_negative_capital_stock_v1";"";"";"wiodr16/capital_stock.s.cu.R";"indicator.capital_stock.s.cu.wiodr16";"indicator.capital_stock.s.cu.wiodr16";"replace";"run-20260823T212944260Z-1a7eb214ff4a6e35";"6bae54fd65477aa4a04f256bc2e71a24d0711a8312acb8d164a9aaea2cc667f7";"f6a2521577af71ddb22230ecebd444742dc6c33d254fef6d46d9bc4514db20ce";"db341acaac977b4ed1716b1ff3a8cec068805691b55b5348f584d8d6bb02c26a";"cc2c86189a06676bcb9f0e05e08033d710a92509";"0cb1142cdadd74bf95272010f5393ebe2af79f47";"run-20260824T051615868Z-3229fc7242c41ab1";"473805f2790df1179f0127a206df9eed719a0a6958e97ed57532bd045525d8fa";"f6a2521577af71ddb22230ecebd444742dc6c33d254fef6d46d9bc4514db20ce";"db341acaac977b4ed1716b1ff3a8cec068805691b55b5348f584d8d6bb02c26a";"7d7178150e2b91768f9ba95b86fb0aab84f02bf8";"314e65771523065a36f1e5781cc18977dbb0fbb2";"1";"1";"fe44fc51e8524d38194c897811eaaf7afbcd06322ab339c521cda2d5085ce643"
"issue13-v5-diagnostic-module-bridge/1";"bridge-e0c53b10e857eb3011998334";"_anomalies.csv";"wiodr16";"wiodr16";"sea_sectors";"capital_stock.s.cu";"after_stage_1";"1";"truncate_allowlisted_negative_capital_stock";"";"-457588718.46497697";"wiodr16_negative_capital_stock_v1";"";"";"wiodr16/capital_stock.s.cu.R";"indicator.capital_stock.s.cu.wiodr16";"indicator.capital_stock.s.cu.wiodr16";"replace";"run-20260823T212944260Z-1a7eb214ff4a6e35";"6bae54fd65477aa4a04f256bc2e71a24d0711a8312acb8d164a9aaea2cc667f7";"f6a2521577af71ddb22230ecebd444742dc6c33d254fef6d46d9bc4514db20ce";"db341acaac977b4ed1716b1ff3a8cec068805691b55b5348f584d8d6bb02c26a";"cc2c86189a06676bcb9f0e05e08033d710a92509";"0cb1142cdadd74bf95272010f5393ebe2af79f47";"run-20260824T051615868Z-3229fc7242c41ab1";"473805f2790df1179f0127a206df9eed719a0a6958e97ed57532bd045525d8fa";"f6a2521577af71ddb22230ecebd444742dc6c33d254fef6d46d9bc4514db20ce";"db341acaac977b4ed1716b1ff3a8cec068805691b55b5348f584d8d6bb02c26a";"7d7178150e2b91768f9ba95b86fb0aab84f02bf8";"314e65771523065a36f1e5781cc18977dbb0fbb2";"1";"1";"e0c53b10e857eb301199833406151d8cd15287763072f042e87e3f6048c68538"
"issue13-v5-diagnostic-module-bridge/1";"bridge-d88f2a5fdc3946dcb83658ae";"_anomalies.csv";"wiodr16";"wiodr16";"sea_sectors";"capital_stock.s.cu";"after_stage_1";"1";"truncate_allowlisted_negative_capital_stock";"";"-712935762.28251147";"wiodr16_negative_capital_stock_v1";"";"";"wiodr16/capital_stock.s.cu.R";"indicator.capital_stock.s.cu.wiodr16";"indicator.capital_stock.s.cu.wiodr16";"replace";"run-20260823T212944260Z-1a7eb214ff4a6e35";"6bae54fd65477aa4a04f256bc2e71a24d0711a8312acb8d164a9aaea2cc667f7";"f6a2521577af71ddb22230ecebd444742dc6c33d254fef6d46d9bc4514db20ce";"db341acaac977b4ed1716b1ff3a8cec068805691b55b5348f584d8d6bb02c26a";"cc2c86189a06676bcb9f0e05e08033d710a92509";"0cb1142cdadd74bf95272010f5393ebe2af79f47";"run-20260824T051615868Z-3229fc7242c41ab1";"473805f2790df1179f0127a206df9eed719a0a6958e97ed57532bd045525d8fa";"f6a2521577af71ddb22230ecebd444742dc6c33d254fef6d46d9bc4514db20ce";"db341acaac977b4ed1716b1ff3a8cec068805691b55b5348f584d8d6bb02c26a";"7d7178150e2b91768f9ba95b86fb0aab84f02bf8";"314e65771523065a36f1e5781cc18977dbb0fbb2";"1";"1";"d88f2a5fdc3946dcb83658ae2b30571ed3ef9630d4a86630008205fbe47b9861"
"issue13-v5-diagnostic-module-bridge/1";"bridge-09d059ae57842e91fb825c61";"_anomalies.csv";"wiodr16";"wiodr16";"sea_sectors";"capital_stock.s.us";"after_assumptions";"1";"fallback_to_reference_country_capital_intensity";"";"NaN";"wiodr16_row_capital_intensity_v1";"";"";"row/row.R";"assumption.row.standard";"assumption.row.standard";"replace";"run-20260823T212944260Z-1a7eb214ff4a6e35";"6bae54fd65477aa4a04f256bc2e71a24d0711a8312acb8d164a9aaea2cc667f7";"f6a2521577af71ddb22230ecebd444742dc6c33d254fef6d46d9bc4514db20ce";"db341acaac977b4ed1716b1ff3a8cec068805691b55b5348f584d8d6bb02c26a";"cc2c86189a06676bcb9f0e05e08033d710a92509";"0cb1142cdadd74bf95272010f5393ebe2af79f47";"run-20260824T051615868Z-3229fc7242c41ab1";"473805f2790df1179f0127a206df9eed719a0a6958e97ed57532bd045525d8fa";"f6a2521577af71ddb22230ecebd444742dc6c33d254fef6d46d9bc4514db20ce";"db341acaac977b4ed1716b1ff3a8cec068805691b55b5348f584d8d6bb02c26a";"7d7178150e2b91768f9ba95b86fb0aab84f02bf8";"314e65771523065a36f1e5781cc18977dbb0fbb2";"150";"150";"09d059ae57842e91fb825c610b641fb4f47d5497c35b37260eeb10326eb40fc0"
"issue13-v5-diagnostic-module-bridge/1";"bridge-564be7638232b216b31c448d";"_anomalies.csv";"wiodr16";"wiodr16";"sea_sectors";"capital_stock.s.us";"after_assumptions";"1";"zero_row_capital_when_hours_zero";"";"NaN";"wiodr16_row_capital_intensity_v1";"";"";"row/row.R";"assumption.row.standard";"assumption.row.standard";"replace";"run-20260823T212944260Z-1a7eb214ff4a6e35";"6bae54fd65477aa4a04f256bc2e71a24d0711a8312acb8d164a9aaea2cc667f7";"f6a2521577af71ddb22230ecebd444742dc6c33d254fef6d46d9bc4514db20ce";"db341acaac977b4ed1716b1ff3a8cec068805691b55b5348f584d8d6bb02c26a";"cc2c86189a06676bcb9f0e05e08033d710a92509";"0cb1142cdadd74bf95272010f5393ebe2af79f47";"run-20260824T051615868Z-3229fc7242c41ab1";"473805f2790df1179f0127a206df9eed719a0a6958e97ed57532bd045525d8fa";"f6a2521577af71ddb22230ecebd444742dc6c33d254fef6d46d9bc4514db20ce";"db341acaac977b4ed1716b1ff3a8cec068805691b55b5348f584d8d6bb02c26a";"7d7178150e2b91768f9ba95b86fb0aab84f02bf8";"314e65771523065a36f1e5781cc18977dbb0fbb2";"15";"15";"564be7638232b216b31c448dafe4aab03fbf3eb895abd837006d2a7b13f3b866"
"issue13-v5-diagnostic-module-bridge/1";"bridge-3e8fd531f981a991e290fab7";"_anomalies.csv";"wiodr16";"wiodr16";"sea_sectors";"capital_stock.s.us";"after_stage_1";"1";"truncate_allowlisted_negative_capital_stock";"";"-1160055603.8480911";"wiodr16_negative_capital_stock_v1";"";"";"wiodr16/capital_stock.s.us.R";"indicator.capital_stock.s.us.wiodr16";"indicator.capital_stock.s.us.wiodr16";"replace";"run-20260823T212944260Z-1a7eb214ff4a6e35";"6bae54fd65477aa4a04f256bc2e71a24d0711a8312acb8d164a9aaea2cc667f7";"f6a2521577af71ddb22230ecebd444742dc6c33d254fef6d46d9bc4514db20ce";"db341acaac977b4ed1716b1ff3a8cec068805691b55b5348f584d8d6bb02c26a";"cc2c86189a06676bcb9f0e05e08033d710a92509";"0cb1142cdadd74bf95272010f5393ebe2af79f47";"run-20260824T051615868Z-3229fc7242c41ab1";"473805f2790df1179f0127a206df9eed719a0a6958e97ed57532bd045525d8fa";"f6a2521577af71ddb22230ecebd444742dc6c33d254fef6d46d9bc4514db20ce";"db341acaac977b4ed1716b1ff3a8cec068805691b55b5348f584d8d6bb02c26a";"7d7178150e2b91768f9ba95b86fb0aab84f02bf8";"314e65771523065a36f1e5781cc18977dbb0fbb2";"1";"1";"3e8fd531f981a991e290fab7c724a390da385c5a953de994825f8c8e5e076b39"
"issue13-v5-diagnostic-module-bridge/1";"bridge-9655db4d29b568fea3ba5828";"_anomalies.csv";"wiodr16";"wiodr16";"sea_sectors";"capital_stock.s.us";"after_stage_1";"1";"truncate_allowlisted_negative_capital_stock";"";"-402327998.3597129";"wiodr16_negative_capital_stock_v1";"";"";"wiodr16/capital_stock.s.us.R";"indicator.capital_stock.s.us.wiodr16";"indicator.capital_stock.s.us.wiodr16";"replace";"run-20260823T212944260Z-1a7eb214ff4a6e35";"6bae54fd65477aa4a04f256bc2e71a24d0711a8312acb8d164a9aaea2cc667f7";"f6a2521577af71ddb22230ecebd444742dc6c33d254fef6d46d9bc4514db20ce";"db341acaac977b4ed1716b1ff3a8cec068805691b55b5348f584d8d6bb02c26a";"cc2c86189a06676bcb9f0e05e08033d710a92509";"0cb1142cdadd74bf95272010f5393ebe2af79f47";"run-20260824T051615868Z-3229fc7242c41ab1";"473805f2790df1179f0127a206df9eed719a0a6958e97ed57532bd045525d8fa";"f6a2521577af71ddb22230ecebd444742dc6c33d254fef6d46d9bc4514db20ce";"db341acaac977b4ed1716b1ff3a8cec068805691b55b5348f584d8d6bb02c26a";"7d7178150e2b91768f9ba95b86fb0aab84f02bf8";"314e65771523065a36f1e5781cc18977dbb0fbb2";"1";"1";"9655db4d29b568fea3ba5828a402bad05790af4544bac7654b3dc86394a1c471"
"issue13-v5-diagnostic-module-bridge/1";"bridge-1f28aef50cfbfb4cb01ac070";"_anomalies.csv";"wiodr16";"wiodr16";"sea_sectors";"capital_stock.s.us";"after_stage_1";"1";"truncate_allowlisted_negative_capital_stock";"";"-736321286.98719335";"wiodr16_negative_capital_stock_v1";"";"";"wiodr16/capital_stock.s.us.R";"indicator.capital_stock.s.us.wiodr16";"indicator.capital_stock.s.us.wiodr16";"replace";"run-20260823T212944260Z-1a7eb214ff4a6e35";"6bae54fd65477aa4a04f256bc2e71a24d0711a8312acb8d164a9aaea2cc667f7";"f6a2521577af71ddb22230ecebd444742dc6c33d254fef6d46d9bc4514db20ce";"db341acaac977b4ed1716b1ff3a8cec068805691b55b5348f584d8d6bb02c26a";"cc2c86189a06676bcb9f0e05e08033d710a92509";"0cb1142cdadd74bf95272010f5393ebe2af79f47";"run-20260824T051615868Z-3229fc7242c41ab1";"473805f2790df1179f0127a206df9eed719a0a6958e97ed57532bd045525d8fa";"f6a2521577af71ddb22230ecebd444742dc6c33d254fef6d46d9bc4514db20ce";"db341acaac977b4ed1716b1ff3a8cec068805691b55b5348f584d8d6bb02c26a";"7d7178150e2b91768f9ba95b86fb0aab84f02bf8";"314e65771523065a36f1e5781cc18977dbb0fbb2";"1";"1";"1f28aef50cfbfb4cb01ac070f515d090fe37c8201c29326471bb92ecd5963757"
"issue13-v5-diagnostic-module-bridge/1";"bridge-d523473fe0ad7e40831a1b92";"_anomalies.csv";"wiodr16";"wiodr16";"sea_sectors";"hours_worked.emp.s.hr";"after_stage_1";"1";"fallback_to_country_employee_hours";"";"Inf";"wiodr16_v1";"";"";"wiodr16/hours_worked.emp.s.hr.R";"indicator.hours_worked.emp.s.hr.wiodr16";"indicator.hours_worked.emp.s.hr.wiodr16";"replace";"run-20260823T212944260Z-1a7eb214ff4a6e35";"6bae54fd65477aa4a04f256bc2e71a24d0711a8312acb8d164a9aaea2cc667f7";"f6a2521577af71ddb22230ecebd444742dc6c33d254fef6d46d9bc4514db20ce";"db341acaac977b4ed1716b1ff3a8cec068805691b55b5348f584d8d6bb02c26a";"cc2c86189a06676bcb9f0e05e08033d710a92509";"0cb1142cdadd74bf95272010f5393ebe2af79f47";"run-20260824T051615868Z-3229fc7242c41ab1";"473805f2790df1179f0127a206df9eed719a0a6958e97ed57532bd045525d8fa";"f6a2521577af71ddb22230ecebd444742dc6c33d254fef6d46d9bc4514db20ce";"db341acaac977b4ed1716b1ff3a8cec068805691b55b5348f584d8d6bb02c26a";"7d7178150e2b91768f9ba95b86fb0aab84f02bf8";"314e65771523065a36f1e5781cc18977dbb0fbb2";"1";"1";"d523473fe0ad7e40831a1b921859b36223f007ab329e6eaa30c914250f549a83"
"issue13-v5-diagnostic-module-bridge/1";"bridge-ebdc135682421ae4ec9e9078";"_anomalies.csv";"wiodr16";"wiodr16";"sea_sectors";"hours_worked.emp.s.hr";"after_stage_1";"1";"zero_hours_when_persons_engaged_zero";"";"NaN";"wiodr16_v1";"";"";"wiodr16/hours_worked.emp.s.hr.R";"indicator.hours_worked.emp.s.hr.wiodr16";"indicator.hours_worked.emp.s.hr.wiodr16";"replace";"run-20260823T212944260Z-1a7eb214ff4a6e35";"6bae54fd65477aa4a04f256bc2e71a24d0711a8312acb8d164a9aaea2cc667f7";"f6a2521577af71ddb22230ecebd444742dc6c33d254fef6d46d9bc4514db20ce";"db341acaac977b4ed1716b1ff3a8cec068805691b55b5348f584d8d6bb02c26a";"cc2c86189a06676bcb9f0e05e08033d710a92509";"0cb1142cdadd74bf95272010f5393ebe2af79f47";"run-20260824T051615868Z-3229fc7242c41ab1";"473805f2790df1179f0127a206df9eed719a0a6958e97ed57532bd045525d8fa";"f6a2521577af71ddb22230ecebd444742dc6c33d254fef6d46d9bc4514db20ce";"db341acaac977b4ed1716b1ff3a8cec068805691b55b5348f584d8d6bb02c26a";"7d7178150e2b91768f9ba95b86fb0aab84f02bf8";"314e65771523065a36f1e5781cc18977dbb0fbb2";"1914";"1914";"ebdc135682421ae4ec9e90780fdf5b495d26f6e359e5892c7c96b8a6fc8de5ae"
"issue13-v5-diagnostic-module-bridge/1";"bridge-fd2496d642827f53790fb56d";"_anomalies.csv";"wiodr16";"wiodr16";"sea_sectors";"labour_force_value.emp.m.mv";"after_stage_5";"5";"mark_not_applicable";"";"Inf";"wiodr16_v1";"";"";"common/labour_force_value.emp.m.mv.R";"indicator.labour_force_value.emp.m.mv";"indicator.labour_force_value.emp.m.mv";"replace";"run-20260823T212944260Z-1a7eb214ff4a6e35";"6bae54fd65477aa4a04f256bc2e71a24d0711a8312acb8d164a9aaea2cc667f7";"f6a2521577af71ddb22230ecebd444742dc6c33d254fef6d46d9bc4514db20ce";"db341acaac977b4ed1716b1ff3a8cec068805691b55b5348f584d8d6bb02c26a";"cc2c86189a06676bcb9f0e05e08033d710a92509";"0cb1142cdadd74bf95272010f5393ebe2af79f47";"run-20260824T051615868Z-3229fc7242c41ab1";"473805f2790df1179f0127a206df9eed719a0a6958e97ed57532bd045525d8fa";"f6a2521577af71ddb22230ecebd444742dc6c33d254fef6d46d9bc4514db20ce";"db341acaac977b4ed1716b1ff3a8cec068805691b55b5348f584d8d6bb02c26a";"7d7178150e2b91768f9ba95b86fb0aab84f02bf8";"314e65771523065a36f1e5781cc18977dbb0fbb2";"2";"2";"fd2496d642827f53790fb56d433e6483ed4f01e6f7b196b855c97140ddaf6170"
"issue13-v5-diagnostic-module-bridge/1";"bridge-5e50c08735fdc7914db97f9a";"_anomalies.csv";"wiodr16";"wiodr16";"sea_sectors";"labour_force_value.emp.m.mv";"after_stage_5";"5";"mark_not_applicable";"";"NaN";"wiodr16_v1";"";"";"common/labour_force_value.emp.m.mv.R";"indicator.labour_force_value.emp.m.mv";"indicator.labour_force_value.emp.m.mv";"replace";"run-20260823T212944260Z-1a7eb214ff4a6e35";"6bae54fd65477aa4a04f256bc2e71a24d0711a8312acb8d164a9aaea2cc667f7";"f6a2521577af71ddb22230ecebd444742dc6c33d254fef6d46d9bc4514db20ce";"db341acaac977b4ed1716b1ff3a8cec068805691b55b5348f584d8d6bb02c26a";"cc2c86189a06676bcb9f0e05e08033d710a92509";"0cb1142cdadd74bf95272010f5393ebe2af79f47";"run-20260824T051615868Z-3229fc7242c41ab1";"473805f2790df1179f0127a206df9eed719a0a6958e97ed57532bd045525d8fa";"f6a2521577af71ddb22230ecebd444742dc6c33d254fef6d46d9bc4514db20ce";"db341acaac977b4ed1716b1ff3a8cec068805691b55b5348f584d8d6bb02c26a";"7d7178150e2b91768f9ba95b86fb0aab84f02bf8";"314e65771523065a36f1e5781cc18977dbb0fbb2";"2047";"2047";"5e50c08735fdc7914db97f9a1a74c358ad65377b3f15272866581b939cc681ac"
"issue13-v5-diagnostic-module-bridge/1";"bridge-51a623346032e4de8304a4f0";"_anomalies.csv";"wiodr16";"wiodr16";"sea_sectors";"labour_force_value.m.mv";"after_stage_5";"5";"mark_not_applicable";"";"Inf";"wiodr16_v1";"";"";"common/labour_force_value.m.mv.R";"indicator.labour_force_value.m.mv";"indicator.labour_force_value.m.mv";"replace";"run-20260823T212944260Z-1a7eb214ff4a6e35";"6bae54fd65477aa4a04f256bc2e71a24d0711a8312acb8d164a9aaea2cc667f7";"f6a2521577af71ddb22230ecebd444742dc6c33d254fef6d46d9bc4514db20ce";"db341acaac977b4ed1716b1ff3a8cec068805691b55b5348f584d8d6bb02c26a";"cc2c86189a06676bcb9f0e05e08033d710a92509";"0cb1142cdadd74bf95272010f5393ebe2af79f47";"run-20260824T051615868Z-3229fc7242c41ab1";"473805f2790df1179f0127a206df9eed719a0a6958e97ed57532bd045525d8fa";"f6a2521577af71ddb22230ecebd444742dc6c33d254fef6d46d9bc4514db20ce";"db341acaac977b4ed1716b1ff3a8cec068805691b55b5348f584d8d6bb02c26a";"7d7178150e2b91768f9ba95b86fb0aab84f02bf8";"314e65771523065a36f1e5781cc18977dbb0fbb2";"3";"3";"51a623346032e4de8304a4f09f447f6f903550a51a10ea250238af9af663f159"
"issue13-v5-diagnostic-module-bridge/1";"bridge-3b97b462b3770a1e5034d91a";"_anomalies.csv";"wiodr16";"wiodr16";"sea_sectors";"labour_force_value.m.mv";"after_stage_5";"5";"mark_not_applicable";"";"NaN";"wiodr16_v1";"";"";"common/labour_force_value.m.mv.R";"indicator.labour_force_value.m.mv";"indicator.labour_force_value.m.mv";"replace";"run-20260823T212944260Z-1a7eb214ff4a6e35";"6bae54fd65477aa4a04f256bc2e71a24d0711a8312acb8d164a9aaea2cc667f7";"f6a2521577af71ddb22230ecebd444742dc6c33d254fef6d46d9bc4514db20ce";"db341acaac977b4ed1716b1ff3a8cec068805691b55b5348f584d8d6bb02c26a";"cc2c86189a06676bcb9f0e05e08033d710a92509";"0cb1142cdadd74bf95272010f5393ebe2af79f47";"run-20260824T051615868Z-3229fc7242c41ab1";"473805f2790df1179f0127a206df9eed719a0a6958e97ed57532bd045525d8fa";"f6a2521577af71ddb22230ecebd444742dc6c33d254fef6d46d9bc4514db20ce";"db341acaac977b4ed1716b1ff3a8cec068805691b55b5348f584d8d6bb02c26a";"7d7178150e2b91768f9ba95b86fb0aab84f02bf8";"314e65771523065a36f1e5781cc18977dbb0fbb2";"2047";"2047";"3b97b462b3770a1e5034d91a96871a021cf44e7104c9ff59c4a477d4704d7376"
"issue13-v5-diagnostic-module-bridge/1";"bridge-104d45bb75e9388075d24d90";"_anomalies.csv";"wiodr16";"wiodr16";"sea_sectors";"labour_requirements";"after_matrices";"3";"replace_both_zero_with_zero";"";"NaN";"wiodr16_v1";"";"";"transformation.R";"matrix.transformation";"matrix.transformation";"replace";"run-20260823T212944260Z-1a7eb214ff4a6e35";"6bae54fd65477aa4a04f256bc2e71a24d0711a8312acb8d164a9aaea2cc667f7";"f6a2521577af71ddb22230ecebd444742dc6c33d254fef6d46d9bc4514db20ce";"db341acaac977b4ed1716b1ff3a8cec068805691b55b5348f584d8d6bb02c26a";"cc2c86189a06676bcb9f0e05e08033d710a92509";"0cb1142cdadd74bf95272010f5393ebe2af79f47";"run-20260824T051615868Z-3229fc7242c41ab1";"473805f2790df1179f0127a206df9eed719a0a6958e97ed57532bd045525d8fa";"f6a2521577af71ddb22230ecebd444742dc6c33d254fef6d46d9bc4514db20ce";"db341acaac977b4ed1716b1ff3a8cec068805691b55b5348f584d8d6bb02c26a";"7d7178150e2b91768f9ba95b86fb0aab84f02bf8";"314e65771523065a36f1e5781cc18977dbb0fbb2";"2061";"2061";"104d45bb75e9388075d24d90e68b1b732d14190401b7708a35977cde8d656686"
"issue13-v5-diagnostic-module-bridge/1";"bridge-f1f11582796343d18926d9fa";"_anomalies.csv";"wiodr16";"wiodr16";"sea_sectors";"surplus_value.emp.r.pc";"after_stage_5";"5";"mark_not_applicable";"";"NaN";"wiodr16_v1";"";"";"common/surplus_value.emp.r.pc.R";"indicator.surplus_value.emp.r.pc";"indicator.surplus_value.emp.r.pc";"replace";"run-20260823T212944260Z-1a7eb214ff4a6e35";"6bae54fd65477aa4a04f256bc2e71a24d0711a8312acb8d164a9aaea2cc667f7";"f6a2521577af71ddb22230ecebd444742dc6c33d254fef6d46d9bc4514db20ce";"db341acaac977b4ed1716b1ff3a8cec068805691b55b5348f584d8d6bb02c26a";"cc2c86189a06676bcb9f0e05e08033d710a92509";"0cb1142cdadd74bf95272010f5393ebe2af79f47";"run-20260824T051615868Z-3229fc7242c41ab1";"473805f2790df1179f0127a206df9eed719a0a6958e97ed57532bd045525d8fa";"f6a2521577af71ddb22230ecebd444742dc6c33d254fef6d46d9bc4514db20ce";"db341acaac977b4ed1716b1ff3a8cec068805691b55b5348f584d8d6bb02c26a";"7d7178150e2b91768f9ba95b86fb0aab84f02bf8";"314e65771523065a36f1e5781cc18977dbb0fbb2";"2047";"2047";"f1f11582796343d18926d9fa87cbf53a01523e49bd76741ddd666c8be151dfc3"
"issue13-v5-diagnostic-module-bridge/1";"bridge-d7ab98da5b0a824ec5622c5e";"_anomalies.csv";"wiodr16";"wiodr16";"sea_sectors";"surplus_value.empe.r.pc";"after_stage_5";"5";"mark_not_applicable";"";"Inf";"wiodr16_v1";"";"";"common/surplus_value.empe.r.pc.R";"indicator.surplus_value.empe.r.pc";"indicator.surplus_value.empe.r.pc";"replace";"run-20260823T212944260Z-1a7eb214ff4a6e35";"6bae54fd65477aa4a04f256bc2e71a24d0711a8312acb8d164a9aaea2cc667f7";"f6a2521577af71ddb22230ecebd444742dc6c33d254fef6d46d9bc4514db20ce";"db341acaac977b4ed1716b1ff3a8cec068805691b55b5348f584d8d6bb02c26a";"cc2c86189a06676bcb9f0e05e08033d710a92509";"0cb1142cdadd74bf95272010f5393ebe2af79f47";"run-20260824T051615868Z-3229fc7242c41ab1";"473805f2790df1179f0127a206df9eed719a0a6958e97ed57532bd045525d8fa";"f6a2521577af71ddb22230ecebd444742dc6c33d254fef6d46d9bc4514db20ce";"db341acaac977b4ed1716b1ff3a8cec068805691b55b5348f584d8d6bb02c26a";"7d7178150e2b91768f9ba95b86fb0aab84f02bf8";"314e65771523065a36f1e5781cc18977dbb0fbb2";"1";"1";"d7ab98da5b0a824ec5622c5e1faade81ea9ebd76054d079dc5652de96b5a4c37"
"issue13-v5-diagnostic-module-bridge/1";"bridge-aa0a98907c84b7dcc65fb77c";"_anomalies.csv";"wiodr16";"wiodr16";"sea_sectors";"surplus_value.empe.r.pc";"after_stage_5";"5";"mark_not_applicable";"";"NaN";"wiodr16_v1";"";"";"common/surplus_value.empe.r.pc.R";"indicator.surplus_value.empe.r.pc";"indicator.surplus_value.empe.r.pc";"replace";"run-20260823T212944260Z-1a7eb214ff4a6e35";"6bae54fd65477aa4a04f256bc2e71a24d0711a8312acb8d164a9aaea2cc667f7";"f6a2521577af71ddb22230ecebd444742dc6c33d254fef6d46d9bc4514db20ce";"db341acaac977b4ed1716b1ff3a8cec068805691b55b5348f584d8d6bb02c26a";"cc2c86189a06676bcb9f0e05e08033d710a92509";"0cb1142cdadd74bf95272010f5393ebe2af79f47";"run-20260824T051615868Z-3229fc7242c41ab1";"473805f2790df1179f0127a206df9eed719a0a6958e97ed57532bd045525d8fa";"f6a2521577af71ddb22230ecebd444742dc6c33d254fef6d46d9bc4514db20ce";"db341acaac977b4ed1716b1ff3a8cec068805691b55b5348f584d8d6bb02c26a";"7d7178150e2b91768f9ba95b86fb0aab84f02bf8";"314e65771523065a36f1e5781cc18977dbb0fbb2";"2047";"2047";"aa0a98907c84b7dcc65fb77c346c49b760691a224476a55ad3bb507182b8a348"
"issue13-v5-diagnostic-module-bridge/1";"bridge-8164440154b6a8961c469202";"_anomalies.csv";"wiodr16";"wiodr16";"sea_sectors";"trade_transfers.p.m.pc";"after_stage_5";"5";"mark_not_applicable";"";"-Inf";"wiodr16_v1";"";"";"common/trade_transfers.p.m.pc.R";"indicator.trade_transfers.p.m.pc";"indicator.trade_transfers.p.m.pc";"replace";"run-20260823T212944260Z-1a7eb214ff4a6e35";"6bae54fd65477aa4a04f256bc2e71a24d0711a8312acb8d164a9aaea2cc667f7";"f6a2521577af71ddb22230ecebd444742dc6c33d254fef6d46d9bc4514db20ce";"db341acaac977b4ed1716b1ff3a8cec068805691b55b5348f584d8d6bb02c26a";"cc2c86189a06676bcb9f0e05e08033d710a92509";"0cb1142cdadd74bf95272010f5393ebe2af79f47";"run-20260824T051615868Z-3229fc7242c41ab1";"473805f2790df1179f0127a206df9eed719a0a6958e97ed57532bd045525d8fa";"f6a2521577af71ddb22230ecebd444742dc6c33d254fef6d46d9bc4514db20ce";"db341acaac977b4ed1716b1ff3a8cec068805691b55b5348f584d8d6bb02c26a";"7d7178150e2b91768f9ba95b86fb0aab84f02bf8";"314e65771523065a36f1e5781cc18977dbb0fbb2";"638";"638";"8164440154b6a8961c469202d2812832233c400a3dd5d3d905a0d01da1b1cd02"
"issue13-v5-diagnostic-module-bridge/1";"bridge-f8be81b9b1202b2a1073b96b";"_anomalies.csv";"wiodr16";"wiodr16";"sea_sectors";"trade_transfers.p.m.pc";"after_stage_5";"5";"mark_not_applicable";"";"Inf";"wiodr16_v1";"";"";"common/trade_transfers.p.m.pc.R";"indicator.trade_transfers.p.m.pc";"indicator.trade_transfers.p.m.pc";"replace";"run-20260823T212944260Z-1a7eb214ff4a6e35";"6bae54fd65477aa4a04f256bc2e71a24d0711a8312acb8d164a9aaea2cc667f7";"f6a2521577af71ddb22230ecebd444742dc6c33d254fef6d46d9bc4514db20ce";"db341acaac977b4ed1716b1ff3a8cec068805691b55b5348f584d8d6bb02c26a";"cc2c86189a06676bcb9f0e05e08033d710a92509";"0cb1142cdadd74bf95272010f5393ebe2af79f47";"run-20260824T051615868Z-3229fc7242c41ab1";"473805f2790df1179f0127a206df9eed719a0a6958e97ed57532bd045525d8fa";"f6a2521577af71ddb22230ecebd444742dc6c33d254fef6d46d9bc4514db20ce";"db341acaac977b4ed1716b1ff3a8cec068805691b55b5348f584d8d6bb02c26a";"7d7178150e2b91768f9ba95b86fb0aab84f02bf8";"314e65771523065a36f1e5781cc18977dbb0fbb2";"60";"60";"f8be81b9b1202b2a1073b96b61d1e25014f9cf4bcb5eb7c4cd85bf0a7007ce35"
"issue13-v5-diagnostic-module-bridge/1";"bridge-d0b6993bcb9e88489b410f99";"_anomalies.csv";"wiodr16";"wiodr16";"sea_sectors";"trade_transfers.p.m.pc";"after_stage_5";"5";"mark_not_applicable";"";"NaN";"wiodr16_v1";"";"";"common/trade_transfers.p.m.pc.R";"indicator.trade_transfers.p.m.pc";"indicator.trade_transfers.p.m.pc";"replace";"run-20260823T212944260Z-1a7eb214ff4a6e35";"6bae54fd65477aa4a04f256bc2e71a24d0711a8312acb8d164a9aaea2cc667f7";"f6a2521577af71ddb22230ecebd444742dc6c33d254fef6d46d9bc4514db20ce";"db341acaac977b4ed1716b1ff3a8cec068805691b55b5348f584d8d6bb02c26a";"cc2c86189a06676bcb9f0e05e08033d710a92509";"0cb1142cdadd74bf95272010f5393ebe2af79f47";"run-20260824T051615868Z-3229fc7242c41ab1";"473805f2790df1179f0127a206df9eed719a0a6958e97ed57532bd045525d8fa";"f6a2521577af71ddb22230ecebd444742dc6c33d254fef6d46d9bc4514db20ce";"db341acaac977b4ed1716b1ff3a8cec068805691b55b5348f584d8d6bb02c26a";"7d7178150e2b91768f9ba95b86fb0aab84f02bf8";"314e65771523065a36f1e5781cc18977dbb0fbb2";"11220";"11220";"d0b6993bcb9e88489b410f995e429753b45e7e13d95c5516374c72e331067c88"
"issue13-v5-diagnostic-module-bridge/1";"bridge-7390b5def544138e446cf81b";"_anomalies.csv";"wiodr16v09";"wiodr16";"sea_countries";"abstract_labour.empe.s.mv";"after_country_aggregation";"5";"preserve_all_missing";"";"NA";"wiodr16_v1";"";"";"sea_countries.R";"aggregation.direct";"aggregation.direct";"replace";"run-20260823T233306933Z-0d783baec25acf32";"424303db8f42604fa5f2b061e625f5ba3d763f83bb8a6898bd879846cf4ebf07";"9b112af38d629221b104d70c0ed8dafd32b46cc1c924f675419fbc6d0fca0d84";"db341acaac977b4ed1716b1ff3a8cec068805691b55b5348f584d8d6bb02c26a";"cc2c86189a06676bcb9f0e05e08033d710a92509";"0cb1142cdadd74bf95272010f5393ebe2af79f47";"run-20260824T045719560Z-b4a1d9095337fbb9";"cd4afdd7ed2f94f73bf496549734eb3e27237eb7d868cbce75c246030b677900";"9b112af38d629221b104d70c0ed8dafd32b46cc1c924f675419fbc6d0fca0d84";"db341acaac977b4ed1716b1ff3a8cec068805691b55b5348f584d8d6bb02c26a";"7d7178150e2b91768f9ba95b86fb0aab84f02bf8";"314e65771523065a36f1e5781cc18977dbb0fbb2";"840";"840";"7390b5def544138e446cf81b231871857b0eb924ed6b6537ace58c76102ac48e"
"issue13-v5-diagnostic-module-bridge/1";"bridge-6149cfea269a29b92502d002";"_anomalies.csv";"wiodr16v09";"wiodr16";"sea_countries";"abstract_labour.empe.s.mv";"after_world_aggregation";"5";"aggregate_available";"";"NA";"wiodr16_v1";"";"";"sea_countries.R";"aggregation.direct";"aggregation.direct";"replace";"run-20260823T233306933Z-0d783baec25acf32";"424303db8f42604fa5f2b061e625f5ba3d763f83bb8a6898bd879846cf4ebf07";"9b112af38d629221b104d70c0ed8dafd32b46cc1c924f675419fbc6d0fca0d84";"db341acaac977b4ed1716b1ff3a8cec068805691b55b5348f584d8d6bb02c26a";"cc2c86189a06676bcb9f0e05e08033d710a92509";"0cb1142cdadd74bf95272010f5393ebe2af79f47";"run-20260824T045719560Z-b4a1d9095337fbb9";"cd4afdd7ed2f94f73bf496549734eb3e27237eb7d868cbce75c246030b677900";"9b112af38d629221b104d70c0ed8dafd32b46cc1c924f675419fbc6d0fca0d84";"db341acaac977b4ed1716b1ff3a8cec068805691b55b5348f584d8d6bb02c26a";"7d7178150e2b91768f9ba95b86fb0aab84f02bf8";"314e65771523065a36f1e5781cc18977dbb0fbb2";"15";"15";"6149cfea269a29b92502d0028c011ec732db3d7ef69ba080988cd5522d2f01bb"
"issue13-v5-diagnostic-module-bridge/1";"bridge-860a6e1894be22b57e01d1dd";"_anomalies.csv";"wiodr16v09";"wiodr16";"sea_countries";"capital_stock.s.cu";"after_country_aggregation";"5";"preserve_all_missing";"";"NA";"wiodr16_v1";"";"";"sea_countries.R";"aggregation.direct";"aggregation.direct";"replace";"run-20260823T233306933Z-0d783baec25acf32";"424303db8f42604fa5f2b061e625f5ba3d763f83bb8a6898bd879846cf4ebf07";"9b112af38d629221b104d70c0ed8dafd32b46cc1c924f675419fbc6d0fca0d84";"db341acaac977b4ed1716b1ff3a8cec068805691b55b5348f584d8d6bb02c26a";"cc2c86189a06676bcb9f0e05e08033d710a92509";"0cb1142cdadd74bf95272010f5393ebe2af79f47";"run-20260824T045719560Z-b4a1d9095337fbb9";"cd4afdd7ed2f94f73bf496549734eb3e27237eb7d868cbce75c246030b677900";"9b112af38d629221b104d70c0ed8dafd32b46cc1c924f675419fbc6d0fca0d84";"db341acaac977b4ed1716b1ff3a8cec068805691b55b5348f584d8d6bb02c26a";"7d7178150e2b91768f9ba95b86fb0aab84f02bf8";"314e65771523065a36f1e5781cc18977dbb0fbb2";"840";"840";"860a6e1894be22b57e01d1dd7e2720592186b2c8664d1357d5f3a61ae9f31452"
"issue13-v5-diagnostic-module-bridge/1";"bridge-56f6bf9f316549f27ea5e48e";"_anomalies.csv";"wiodr16v09";"wiodr16";"sea_countries";"capital_stock.s.cu";"after_world_aggregation";"5";"aggregate_available";"";"NA";"wiodr16_v1";"";"";"sea_countries.R";"aggregation.direct";"aggregation.direct";"replace";"run-20260823T233306933Z-0d783baec25acf32";"424303db8f42604fa5f2b061e625f5ba3d763f83bb8a6898bd879846cf4ebf07";"9b112af38d629221b104d70c0ed8dafd32b46cc1c924f675419fbc6d0fca0d84";"db341acaac977b4ed1716b1ff3a8cec068805691b55b5348f584d8d6bb02c26a";"cc2c86189a06676bcb9f0e05e08033d710a92509";"0cb1142cdadd74bf95272010f5393ebe2af79f47";"run-20260824T045719560Z-b4a1d9095337fbb9";"cd4afdd7ed2f94f73bf496549734eb3e27237eb7d868cbce75c246030b677900";"9b112af38d629221b104d70c0ed8dafd32b46cc1c924f675419fbc6d0fca0d84";"db341acaac977b4ed1716b1ff3a8cec068805691b55b5348f584d8d6bb02c26a";"7d7178150e2b91768f9ba95b86fb0aab84f02bf8";"314e65771523065a36f1e5781cc18977dbb0fbb2";"15";"15";"56f6bf9f316549f27ea5e48e18225dcfc89f054a307931b9b71c3752a5ddd235"
"issue13-v5-diagnostic-module-bridge/1";"bridge-2d3cb6d6417de0e54ac72d65";"_anomalies.csv";"wiodr16v09";"wiodr16";"sea_countries";"compensation.emp.s.cu";"after_country_aggregation";"5";"preserve_all_missing";"";"NA";"wiodr16_v1";"";"";"sea_countries.R";"aggregation.direct";"aggregation.direct";"replace";"run-20260823T233306933Z-0d783baec25acf32";"424303db8f42604fa5f2b061e625f5ba3d763f83bb8a6898bd879846cf4ebf07";"9b112af38d629221b104d70c0ed8dafd32b46cc1c924f675419fbc6d0fca0d84";"db341acaac977b4ed1716b1ff3a8cec068805691b55b5348f584d8d6bb02c26a";"cc2c86189a06676bcb9f0e05e08033d710a92509";"0cb1142cdadd74bf95272010f5393ebe2af79f47";"run-20260824T045719560Z-b4a1d9095337fbb9";"cd4afdd7ed2f94f73bf496549734eb3e27237eb7d868cbce75c246030b677900";"9b112af38d629221b104d70c0ed8dafd32b46cc1c924f675419fbc6d0fca0d84";"db341acaac977b4ed1716b1ff3a8cec068805691b55b5348f584d8d6bb02c26a";"7d7178150e2b91768f9ba95b86fb0aab84f02bf8";"314e65771523065a36f1e5781cc18977dbb0fbb2";"840";"840";"2d3cb6d6417de0e54ac72d6507bb0c3e423f8d5226a8026d73c08e653ac7d449"
"issue13-v5-diagnostic-module-bridge/1";"bridge-4e649804ef5a2b6ad6fe3afa";"_anomalies.csv";"wiodr16v09";"wiodr16";"sea_countries";"compensation.emp.s.cu";"after_world_aggregation";"5";"aggregate_available";"";"NA";"wiodr16_v1";"";"";"sea_countries.R";"aggregation.direct";"aggregation.direct";"replace";"run-20260823T233306933Z-0d783baec25acf32";"424303db8f42604fa5f2b061e625f5ba3d763f83bb8a6898bd879846cf4ebf07";"9b112af38d629221b104d70c0ed8dafd32b46cc1c924f675419fbc6d0fca0d84";"db341acaac977b4ed1716b1ff3a8cec068805691b55b5348f584d8d6bb02c26a";"cc2c86189a06676bcb9f0e05e08033d710a92509";"0cb1142cdadd74bf95272010f5393ebe2af79f47";"run-20260824T045719560Z-b4a1d9095337fbb9";"cd4afdd7ed2f94f73bf496549734eb3e27237eb7d868cbce75c246030b677900";"9b112af38d629221b104d70c0ed8dafd32b46cc1c924f675419fbc6d0fca0d84";"db341acaac977b4ed1716b1ff3a8cec068805691b55b5348f584d8d6bb02c26a";"7d7178150e2b91768f9ba95b86fb0aab84f02bf8";"314e65771523065a36f1e5781cc18977dbb0fbb2";"15";"15";"4e649804ef5a2b6ad6fe3afabe476393e7aa29bf08a181286ad35ec9c7015b25"
"issue13-v5-diagnostic-module-bridge/1";"bridge-559c76584f8e3e7fac9ff2a5";"_anomalies.csv";"wiodr16v09";"wiodr16";"sea_countries";"compensation.emp.s.us";"after_country_aggregation";"5";"preserve_all_missing";"";"NA";"wiodr16_v1";"";"";"sea_countries.R";"aggregation.direct";"aggregation.direct";"replace";"run-20260823T233306933Z-0d783baec25acf32";"424303db8f42604fa5f2b061e625f5ba3d763f83bb8a6898bd879846cf4ebf07";"9b112af38d629221b104d70c0ed8dafd32b46cc1c924f675419fbc6d0fca0d84";"db341acaac977b4ed1716b1ff3a8cec068805691b55b5348f584d8d6bb02c26a";"cc2c86189a06676bcb9f0e05e08033d710a92509";"0cb1142cdadd74bf95272010f5393ebe2af79f47";"run-20260824T045719560Z-b4a1d9095337fbb9";"cd4afdd7ed2f94f73bf496549734eb3e27237eb7d868cbce75c246030b677900";"9b112af38d629221b104d70c0ed8dafd32b46cc1c924f675419fbc6d0fca0d84";"db341acaac977b4ed1716b1ff3a8cec068805691b55b5348f584d8d6bb02c26a";"7d7178150e2b91768f9ba95b86fb0aab84f02bf8";"314e65771523065a36f1e5781cc18977dbb0fbb2";"840";"840";"559c76584f8e3e7fac9ff2a5a20dacda5565f8940001ccb103029ce73622b132"
"issue13-v5-diagnostic-module-bridge/1";"bridge-35c8e4c2fb3c16c0790ff911";"_anomalies.csv";"wiodr16v09";"wiodr16";"sea_countries";"compensation.emp.s.us";"after_world_aggregation";"5";"aggregate_available";"";"NA";"wiodr16_v1";"";"";"sea_countries.R";"aggregation.direct";"aggregation.direct";"replace";"run-20260823T233306933Z-0d783baec25acf32";"424303db8f42604fa5f2b061e625f5ba3d763f83bb8a6898bd879846cf4ebf07";"9b112af38d629221b104d70c0ed8dafd32b46cc1c924f675419fbc6d0fca0d84";"db341acaac977b4ed1716b1ff3a8cec068805691b55b5348f584d8d6bb02c26a";"cc2c86189a06676bcb9f0e05e08033d710a92509";"0cb1142cdadd74bf95272010f5393ebe2af79f47";"run-20260824T045719560Z-b4a1d9095337fbb9";"cd4afdd7ed2f94f73bf496549734eb3e27237eb7d868cbce75c246030b677900";"9b112af38d629221b104d70c0ed8dafd32b46cc1c924f675419fbc6d0fca0d84";"db341acaac977b4ed1716b1ff3a8cec068805691b55b5348f584d8d6bb02c26a";"7d7178150e2b91768f9ba95b86fb0aab84f02bf8";"314e65771523065a36f1e5781cc18977dbb0fbb2";"15";"15";"35c8e4c2fb3c16c0790ff91184c47a779effee4a129b20858e4ad486bf8947b9"
"issue13-v5-diagnostic-module-bridge/1";"bridge-25b1443aefe361747ad5d5c6";"_anomalies.csv";"wiodr16v09";"wiodr16";"sea_countries";"compensation.empe.s.cu";"after_country_aggregation";"5";"preserve_all_missing";"";"NA";"wiodr16_v1";"";"";"sea_countries.R";"aggregation.direct";"aggregation.direct";"replace";"run-20260823T233306933Z-0d783baec25acf32";"424303db8f42604fa5f2b061e625f5ba3d763f83bb8a6898bd879846cf4ebf07";"9b112af38d629221b104d70c0ed8dafd32b46cc1c924f675419fbc6d0fca0d84";"db341acaac977b4ed1716b1ff3a8cec068805691b55b5348f584d8d6bb02c26a";"cc2c86189a06676bcb9f0e05e08033d710a92509";"0cb1142cdadd74bf95272010f5393ebe2af79f47";"run-20260824T045719560Z-b4a1d9095337fbb9";"cd4afdd7ed2f94f73bf496549734eb3e27237eb7d868cbce75c246030b677900";"9b112af38d629221b104d70c0ed8dafd32b46cc1c924f675419fbc6d0fca0d84";"db341acaac977b4ed1716b1ff3a8cec068805691b55b5348f584d8d6bb02c26a";"7d7178150e2b91768f9ba95b86fb0aab84f02bf8";"314e65771523065a36f1e5781cc18977dbb0fbb2";"840";"840";"25b1443aefe361747ad5d5c67f223e2be7bcc457700c07b8ae8d3fafe2868772"
"issue13-v5-diagnostic-module-bridge/1";"bridge-71e1952b7f0b23f1d7f03a36";"_anomalies.csv";"wiodr16v09";"wiodr16";"sea_countries";"compensation.empe.s.cu";"after_world_aggregation";"5";"aggregate_available";"";"NA";"wiodr16_v1";"";"";"sea_countries.R";"aggregation.direct";"aggregation.direct";"replace";"run-20260823T233306933Z-0d783baec25acf32";"424303db8f42604fa5f2b061e625f5ba3d763f83bb8a6898bd879846cf4ebf07";"9b112af38d629221b104d70c0ed8dafd32b46cc1c924f675419fbc6d0fca0d84";"db341acaac977b4ed1716b1ff3a8cec068805691b55b5348f584d8d6bb02c26a";"cc2c86189a06676bcb9f0e05e08033d710a92509";"0cb1142cdadd74bf95272010f5393ebe2af79f47";"run-20260824T045719560Z-b4a1d9095337fbb9";"cd4afdd7ed2f94f73bf496549734eb3e27237eb7d868cbce75c246030b677900";"9b112af38d629221b104d70c0ed8dafd32b46cc1c924f675419fbc6d0fca0d84";"db341acaac977b4ed1716b1ff3a8cec068805691b55b5348f584d8d6bb02c26a";"7d7178150e2b91768f9ba95b86fb0aab84f02bf8";"314e65771523065a36f1e5781cc18977dbb0fbb2";"15";"15";"71e1952b7f0b23f1d7f03a368853abec4d7a0f405e47f10370eaf75b2ea00463"
"issue13-v5-diagnostic-module-bridge/1";"bridge-c52540a39f61c8f1262180b3";"_anomalies.csv";"wiodr16v09";"wiodr16";"sea_countries";"compensation.empe.s.us";"after_country_aggregation";"5";"preserve_all_missing";"";"NA";"wiodr16_v1";"";"";"sea_countries.R";"aggregation.direct";"aggregation.direct";"replace";"run-20260823T233306933Z-0d783baec25acf32";"424303db8f42604fa5f2b061e625f5ba3d763f83bb8a6898bd879846cf4ebf07";"9b112af38d629221b104d70c0ed8dafd32b46cc1c924f675419fbc6d0fca0d84";"db341acaac977b4ed1716b1ff3a8cec068805691b55b5348f584d8d6bb02c26a";"cc2c86189a06676bcb9f0e05e08033d710a92509";"0cb1142cdadd74bf95272010f5393ebe2af79f47";"run-20260824T045719560Z-b4a1d9095337fbb9";"cd4afdd7ed2f94f73bf496549734eb3e27237eb7d868cbce75c246030b677900";"9b112af38d629221b104d70c0ed8dafd32b46cc1c924f675419fbc6d0fca0d84";"db341acaac977b4ed1716b1ff3a8cec068805691b55b5348f584d8d6bb02c26a";"7d7178150e2b91768f9ba95b86fb0aab84f02bf8";"314e65771523065a36f1e5781cc18977dbb0fbb2";"840";"840";"c52540a39f61c8f1262180b3151bbd1518d0c784340432edd4a24eac1a691885"
"issue13-v5-diagnostic-module-bridge/1";"bridge-ca5f4f11c16545dfd40bf524";"_anomalies.csv";"wiodr16v09";"wiodr16";"sea_countries";"compensation.empe.s.us";"after_world_aggregation";"5";"aggregate_available";"";"NA";"wiodr16_v1";"";"";"sea_countries.R";"aggregation.direct";"aggregation.direct";"replace";"run-20260823T233306933Z-0d783baec25acf32";"424303db8f42604fa5f2b061e625f5ba3d763f83bb8a6898bd879846cf4ebf07";"9b112af38d629221b104d70c0ed8dafd32b46cc1c924f675419fbc6d0fca0d84";"db341acaac977b4ed1716b1ff3a8cec068805691b55b5348f584d8d6bb02c26a";"cc2c86189a06676bcb9f0e05e08033d710a92509";"0cb1142cdadd74bf95272010f5393ebe2af79f47";"run-20260824T045719560Z-b4a1d9095337fbb9";"cd4afdd7ed2f94f73bf496549734eb3e27237eb7d868cbce75c246030b677900";"9b112af38d629221b104d70c0ed8dafd32b46cc1c924f675419fbc6d0fca0d84";"db341acaac977b4ed1716b1ff3a8cec068805691b55b5348f584d8d6bb02c26a";"7d7178150e2b91768f9ba95b86fb0aab84f02bf8";"314e65771523065a36f1e5781cc18977dbb0fbb2";"15";"15";"ca5f4f11c16545dfd40bf524a0c07c7b51ce16add44b9a48452bc08405526c05"
"issue13-v5-diagnostic-module-bridge/1";"bridge-1c817f18743b8d2d726222d7";"_anomalies.csv";"wiodr16v09";"wiodr16";"sea_countries";"empe.s.un";"after_country_aggregation";"5";"preserve_all_missing";"";"NA";"wiodr16_v1";"";"";"sea_countries.R";"aggregation.direct";"aggregation.direct";"replace";"run-20260823T233306933Z-0d783baec25acf32";"424303db8f42604fa5f2b061e625f5ba3d763f83bb8a6898bd879846cf4ebf07";"9b112af38d629221b104d70c0ed8dafd32b46cc1c924f675419fbc6d0fca0d84";"db341acaac977b4ed1716b1ff3a8cec068805691b55b5348f584d8d6bb02c26a";"cc2c86189a06676bcb9f0e05e08033d710a92509";"0cb1142cdadd74bf95272010f5393ebe2af79f47";"run-20260824T045719560Z-b4a1d9095337fbb9";"cd4afdd7ed2f94f73bf496549734eb3e27237eb7d868cbce75c246030b677900";"9b112af38d629221b104d70c0ed8dafd32b46cc1c924f675419fbc6d0fca0d84";"db341acaac977b4ed1716b1ff3a8cec068805691b55b5348f584d8d6bb02c26a";"7d7178150e2b91768f9ba95b86fb0aab84f02bf8";"314e65771523065a36f1e5781cc18977dbb0fbb2";"840";"840";"1c817f18743b8d2d726222d70e870fc9f95b934faf16b7b2dc8e34abee0bba5a"
"issue13-v5-diagnostic-module-bridge/1";"bridge-dc4a7a68158c1a7b5feb1077";"_anomalies.csv";"wiodr16v09";"wiodr16";"sea_countries";"empe.s.un";"after_world_aggregation";"5";"aggregate_available";"";"NA";"wiodr16_v1";"";"";"sea_countries.R";"aggregation.direct";"aggregation.direct";"replace";"run-20260823T233306933Z-0d783baec25acf32";"424303db8f42604fa5f2b061e625f5ba3d763f83bb8a6898bd879846cf4ebf07";"9b112af38d629221b104d70c0ed8dafd32b46cc1c924f675419fbc6d0fca0d84";"db341acaac977b4ed1716b1ff3a8cec068805691b55b5348f584d8d6bb02c26a";"cc2c86189a06676bcb9f0e05e08033d710a92509";"0cb1142cdadd74bf95272010f5393ebe2af79f47";"run-20260824T045719560Z-b4a1d9095337fbb9";"cd4afdd7ed2f94f73bf496549734eb3e27237eb7d868cbce75c246030b677900";"9b112af38d629221b104d70c0ed8dafd32b46cc1c924f675419fbc6d0fca0d84";"db341acaac977b4ed1716b1ff3a8cec068805691b55b5348f584d8d6bb02c26a";"7d7178150e2b91768f9ba95b86fb0aab84f02bf8";"314e65771523065a36f1e5781cc18977dbb0fbb2";"15";"15";"dc4a7a68158c1a7b5feb10774277618a55c6ed207a0d0cf8efefb980dcf9dd37"
"issue13-v5-diagnostic-module-bridge/1";"bridge-434876a1cba976c4a1cf09ab";"_anomalies.csv";"wiodr16v09";"wiodr16";"sea_countries";"exchange.r.us";"after_country_aggregation";"5";"preserve_all_missing";"";"NA";"wiodr16_v1";"";"";"sea_countries.R";"aggregation.direct";"aggregation.direct";"replace";"run-20260823T233306933Z-0d783baec25acf32";"424303db8f42604fa5f2b061e625f5ba3d763f83bb8a6898bd879846cf4ebf07";"9b112af38d629221b104d70c0ed8dafd32b46cc1c924f675419fbc6d0fca0d84";"db341acaac977b4ed1716b1ff3a8cec068805691b55b5348f584d8d6bb02c26a";"cc2c86189a06676bcb9f0e05e08033d710a92509";"0cb1142cdadd74bf95272010f5393ebe2af79f47";"run-20260824T045719560Z-b4a1d9095337fbb9";"cd4afdd7ed2f94f73bf496549734eb3e27237eb7d868cbce75c246030b677900";"9b112af38d629221b104d70c0ed8dafd32b46cc1c924f675419fbc6d0fca0d84";"db341acaac977b4ed1716b1ff3a8cec068805691b55b5348f584d8d6bb02c26a";"7d7178150e2b91768f9ba95b86fb0aab84f02bf8";"314e65771523065a36f1e5781cc18977dbb0fbb2";"840";"840";"434876a1cba976c4a1cf09ab4507760f3a7c5c7cf9cfaab8908652d729ddaacf"
"issue13-v5-diagnostic-module-bridge/1";"bridge-39cb40cdad8219a27ed2dda4";"_anomalies.csv";"wiodr16v09";"wiodr16";"sea_countries";"exchange.r.us";"after_world_aggregation";"5";"aggregate_available";"";"NA";"wiodr16_v1";"";"";"sea_countries.R";"aggregation.direct";"aggregation.direct";"replace";"run-20260823T233306933Z-0d783baec25acf32";"424303db8f42604fa5f2b061e625f5ba3d763f83bb8a6898bd879846cf4ebf07";"9b112af38d629221b104d70c0ed8dafd32b46cc1c924f675419fbc6d0fca0d84";"db341acaac977b4ed1716b1ff3a8cec068805691b55b5348f584d8d6bb02c26a";"cc2c86189a06676bcb9f0e05e08033d710a92509";"0cb1142cdadd74bf95272010f5393ebe2af79f47";"run-20260824T045719560Z-b4a1d9095337fbb9";"cd4afdd7ed2f94f73bf496549734eb3e27237eb7d868cbce75c246030b677900";"9b112af38d629221b104d70c0ed8dafd32b46cc1c924f675419fbc6d0fca0d84";"db341acaac977b4ed1716b1ff3a8cec068805691b55b5348f584d8d6bb02c26a";"7d7178150e2b91768f9ba95b86fb0aab84f02bf8";"314e65771523065a36f1e5781cc18977dbb0fbb2";"15";"15";"39cb40cdad8219a27ed2dda4e08a9dbf6ec7180e833d7233a31d4df7cc3dbb5a"
"issue13-v5-diagnostic-module-bridge/1";"bridge-52da8796920a1a8edca0743c";"_anomalies.csv";"wiodr16v09";"wiodr16";"sea_countries";"hours_worked.empe.s.hr";"after_country_aggregation";"5";"preserve_all_missing";"";"NA";"wiodr16_v1";"";"";"sea_countries.R";"aggregation.direct";"aggregation.direct";"replace";"run-20260823T233306933Z-0d783baec25acf32";"424303db8f42604fa5f2b061e625f5ba3d763f83bb8a6898bd879846cf4ebf07";"9b112af38d629221b104d70c0ed8dafd32b46cc1c924f675419fbc6d0fca0d84";"db341acaac977b4ed1716b1ff3a8cec068805691b55b5348f584d8d6bb02c26a";"cc2c86189a06676bcb9f0e05e08033d710a92509";"0cb1142cdadd74bf95272010f5393ebe2af79f47";"run-20260824T045719560Z-b4a1d9095337fbb9";"cd4afdd7ed2f94f73bf496549734eb3e27237eb7d868cbce75c246030b677900";"9b112af38d629221b104d70c0ed8dafd32b46cc1c924f675419fbc6d0fca0d84";"db341acaac977b4ed1716b1ff3a8cec068805691b55b5348f584d8d6bb02c26a";"7d7178150e2b91768f9ba95b86fb0aab84f02bf8";"314e65771523065a36f1e5781cc18977dbb0fbb2";"840";"840";"52da8796920a1a8edca0743c167131d32167cc3400d9c281ab69c69cf5f29b44"
"issue13-v5-diagnostic-module-bridge/1";"bridge-cb126016d9f26ac4137b0f1a";"_anomalies.csv";"wiodr16v09";"wiodr16";"sea_countries";"hours_worked.empe.s.hr";"after_world_aggregation";"5";"aggregate_available";"";"NA";"wiodr16_v1";"";"";"sea_countries.R";"aggregation.direct";"aggregation.direct";"replace";"run-20260823T233306933Z-0d783baec25acf32";"424303db8f42604fa5f2b061e625f5ba3d763f83bb8a6898bd879846cf4ebf07";"9b112af38d629221b104d70c0ed8dafd32b46cc1c924f675419fbc6d0fca0d84";"db341acaac977b4ed1716b1ff3a8cec068805691b55b5348f584d8d6bb02c26a";"cc2c86189a06676bcb9f0e05e08033d710a92509";"0cb1142cdadd74bf95272010f5393ebe2af79f47";"run-20260824T045719560Z-b4a1d9095337fbb9";"cd4afdd7ed2f94f73bf496549734eb3e27237eb7d868cbce75c246030b677900";"9b112af38d629221b104d70c0ed8dafd32b46cc1c924f675419fbc6d0fca0d84";"db341acaac977b4ed1716b1ff3a8cec068805691b55b5348f584d8d6bb02c26a";"7d7178150e2b91768f9ba95b86fb0aab84f02bf8";"314e65771523065a36f1e5781cc18977dbb0fbb2";"15";"15";"cb126016d9f26ac4137b0f1a1e972de10ccec0dddfb0556928a84ddabf706980"
"issue13-v5-diagnostic-module-bridge/1";"bridge-d645a6400be1b2f1177907f7";"_anomalies.csv";"wiodr16v09";"wiodr16";"sea_countries";"labour_force_value.emp.s.mv";"after_country_aggregation";"5";"preserve_all_missing";"";"NA";"wiodr16_v1";"";"";"sea_countries.R";"aggregation.direct";"aggregation.direct";"replace";"run-20260823T233306933Z-0d783baec25acf32";"424303db8f42604fa5f2b061e625f5ba3d763f83bb8a6898bd879846cf4ebf07";"9b112af38d629221b104d70c0ed8dafd32b46cc1c924f675419fbc6d0fca0d84";"db341acaac977b4ed1716b1ff3a8cec068805691b55b5348f584d8d6bb02c26a";"cc2c86189a06676bcb9f0e05e08033d710a92509";"0cb1142cdadd74bf95272010f5393ebe2af79f47";"run-20260824T045719560Z-b4a1d9095337fbb9";"cd4afdd7ed2f94f73bf496549734eb3e27237eb7d868cbce75c246030b677900";"9b112af38d629221b104d70c0ed8dafd32b46cc1c924f675419fbc6d0fca0d84";"db341acaac977b4ed1716b1ff3a8cec068805691b55b5348f584d8d6bb02c26a";"7d7178150e2b91768f9ba95b86fb0aab84f02bf8";"314e65771523065a36f1e5781cc18977dbb0fbb2";"840";"840";"d645a6400be1b2f1177907f79c06942a2bf948cc17a782c3ab1699271c6e9ea3"
"issue13-v5-diagnostic-module-bridge/1";"bridge-4fbfcbadc04f6ef24f8dc379";"_anomalies.csv";"wiodr16v09";"wiodr16";"sea_countries";"labour_force_value.emp.s.mv";"after_world_aggregation";"5";"aggregate_available";"";"NA";"wiodr16_v1";"";"";"sea_countries.R";"aggregation.direct";"aggregation.direct";"replace";"run-20260823T233306933Z-0d783baec25acf32";"424303db8f42604fa5f2b061e625f5ba3d763f83bb8a6898bd879846cf4ebf07";"9b112af38d629221b104d70c0ed8dafd32b46cc1c924f675419fbc6d0fca0d84";"db341acaac977b4ed1716b1ff3a8cec068805691b55b5348f584d8d6bb02c26a";"cc2c86189a06676bcb9f0e05e08033d710a92509";"0cb1142cdadd74bf95272010f5393ebe2af79f47";"run-20260824T045719560Z-b4a1d9095337fbb9";"cd4afdd7ed2f94f73bf496549734eb3e27237eb7d868cbce75c246030b677900";"9b112af38d629221b104d70c0ed8dafd32b46cc1c924f675419fbc6d0fca0d84";"db341acaac977b4ed1716b1ff3a8cec068805691b55b5348f584d8d6bb02c26a";"7d7178150e2b91768f9ba95b86fb0aab84f02bf8";"314e65771523065a36f1e5781cc18977dbb0fbb2";"15";"15";"4fbfcbadc04f6ef24f8dc379088fa06bf007d465e107d44615477dd60f73e9a0"
"issue13-v5-diagnostic-module-bridge/1";"bridge-0f899f0fa0491dc2d03472e0";"_anomalies.csv";"wiodr16v09";"wiodr16";"sea_countries";"labour_force_value.s.mv";"after_country_aggregation";"5";"preserve_all_missing";"";"NA";"wiodr16_v1";"";"";"sea_countries.R";"aggregation.direct";"aggregation.direct";"replace";"run-20260823T233306933Z-0d783baec25acf32";"424303db8f42604fa5f2b061e625f5ba3d763f83bb8a6898bd879846cf4ebf07";"9b112af38d629221b104d70c0ed8dafd32b46cc1c924f675419fbc6d0fca0d84";"db341acaac977b4ed1716b1ff3a8cec068805691b55b5348f584d8d6bb02c26a";"cc2c86189a06676bcb9f0e05e08033d710a92509";"0cb1142cdadd74bf95272010f5393ebe2af79f47";"run-20260824T045719560Z-b4a1d9095337fbb9";"cd4afdd7ed2f94f73bf496549734eb3e27237eb7d868cbce75c246030b677900";"9b112af38d629221b104d70c0ed8dafd32b46cc1c924f675419fbc6d0fca0d84";"db341acaac977b4ed1716b1ff3a8cec068805691b55b5348f584d8d6bb02c26a";"7d7178150e2b91768f9ba95b86fb0aab84f02bf8";"314e65771523065a36f1e5781cc18977dbb0fbb2";"840";"840";"0f899f0fa0491dc2d03472e0a4c840ccd344ecacf6ce885805ee42393f0ca15b"
"issue13-v5-diagnostic-module-bridge/1";"bridge-90a6a903500a4dc054ff3765";"_anomalies.csv";"wiodr16v09";"wiodr16";"sea_countries";"labour_force_value.s.mv";"after_world_aggregation";"5";"aggregate_available";"";"NA";"wiodr16_v1";"";"";"sea_countries.R";"aggregation.direct";"aggregation.direct";"replace";"run-20260823T233306933Z-0d783baec25acf32";"424303db8f42604fa5f2b061e625f5ba3d763f83bb8a6898bd879846cf4ebf07";"9b112af38d629221b104d70c0ed8dafd32b46cc1c924f675419fbc6d0fca0d84";"db341acaac977b4ed1716b1ff3a8cec068805691b55b5348f584d8d6bb02c26a";"cc2c86189a06676bcb9f0e05e08033d710a92509";"0cb1142cdadd74bf95272010f5393ebe2af79f47";"run-20260824T045719560Z-b4a1d9095337fbb9";"cd4afdd7ed2f94f73bf496549734eb3e27237eb7d868cbce75c246030b677900";"9b112af38d629221b104d70c0ed8dafd32b46cc1c924f675419fbc6d0fca0d84";"db341acaac977b4ed1716b1ff3a8cec068805691b55b5348f584d8d6bb02c26a";"7d7178150e2b91768f9ba95b86fb0aab84f02bf8";"314e65771523065a36f1e5781cc18977dbb0fbb2";"15";"15";"90a6a903500a4dc054ff3765a2468cb19f2a2ba25454cca21eab2911afc26d1b"
"issue13-v5-diagnostic-module-bridge/1";"bridge-7bae7509462c938370d87574";"_anomalies.csv";"wiodr16v09";"wiodr16";"sea_countries";"profit.s.us";"after_country_aggregation";"5";"preserve_all_missing";"";"NA";"wiodr16_v1";"";"";"sea_countries.R";"aggregation.direct";"aggregation.direct";"replace";"run-20260823T233306933Z-0d783baec25acf32";"424303db8f42604fa5f2b061e625f5ba3d763f83bb8a6898bd879846cf4ebf07";"9b112af38d629221b104d70c0ed8dafd32b46cc1c924f675419fbc6d0fca0d84";"db341acaac977b4ed1716b1ff3a8cec068805691b55b5348f584d8d6bb02c26a";"cc2c86189a06676bcb9f0e05e08033d710a92509";"0cb1142cdadd74bf95272010f5393ebe2af79f47";"run-20260824T045719560Z-b4a1d9095337fbb9";"cd4afdd7ed2f94f73bf496549734eb3e27237eb7d868cbce75c246030b677900";"9b112af38d629221b104d70c0ed8dafd32b46cc1c924f675419fbc6d0fca0d84";"db341acaac977b4ed1716b1ff3a8cec068805691b55b5348f584d8d6bb02c26a";"7d7178150e2b91768f9ba95b86fb0aab84f02bf8";"314e65771523065a36f1e5781cc18977dbb0fbb2";"840";"840";"7bae7509462c938370d8757463a003dd39925287ad552c17485f1ed867000b87"
"issue13-v5-diagnostic-module-bridge/1";"bridge-917bcd14afecb05e00c9ef17";"_anomalies.csv";"wiodr16v09";"wiodr16";"sea_countries";"profit.s.us";"after_world_aggregation";"5";"aggregate_available";"";"NA";"wiodr16_v1";"";"";"sea_countries.R";"aggregation.direct";"aggregation.direct";"replace";"run-20260823T233306933Z-0d783baec25acf32";"424303db8f42604fa5f2b061e625f5ba3d763f83bb8a6898bd879846cf4ebf07";"9b112af38d629221b104d70c0ed8dafd32b46cc1c924f675419fbc6d0fca0d84";"db341acaac977b4ed1716b1ff3a8cec068805691b55b5348f584d8d6bb02c26a";"cc2c86189a06676bcb9f0e05e08033d710a92509";"0cb1142cdadd74bf95272010f5393ebe2af79f47";"run-20260824T045719560Z-b4a1d9095337fbb9";"cd4afdd7ed2f94f73bf496549734eb3e27237eb7d868cbce75c246030b677900";"9b112af38d629221b104d70c0ed8dafd32b46cc1c924f675419fbc6d0fca0d84";"db341acaac977b4ed1716b1ff3a8cec068805691b55b5348f584d8d6bb02c26a";"7d7178150e2b91768f9ba95b86fb0aab84f02bf8";"314e65771523065a36f1e5781cc18977dbb0fbb2";"15";"15";"917bcd14afecb05e00c9ef17f5c4696fc59b0661d08e5a82f22b6ba3a6ca6257"
"issue13-v5-diagnostic-module-bridge/1";"bridge-b1eda26bc627b110681a6d8e";"_anomalies.csv";"wiodr16v09";"wiodr16";"sea_countries";"surplus_value.emp_p.r.pc.denominator";"after_country_module";"5";"aggregate_available";"";"NA";"wiodr16_v1";"";"";"common/surplus_value.emp_p.r.pc-country.R";"indicator.surplus_value.emp_p.r.pc";"indicator.surplus_value.emp_p.r.pc";"replace";"run-20260823T233306933Z-0d783baec25acf32";"424303db8f42604fa5f2b061e625f5ba3d763f83bb8a6898bd879846cf4ebf07";"9b112af38d629221b104d70c0ed8dafd32b46cc1c924f675419fbc6d0fca0d84";"db341acaac977b4ed1716b1ff3a8cec068805691b55b5348f584d8d6bb02c26a";"cc2c86189a06676bcb9f0e05e08033d710a92509";"0cb1142cdadd74bf95272010f5393ebe2af79f47";"run-20260824T045719560Z-b4a1d9095337fbb9";"cd4afdd7ed2f94f73bf496549734eb3e27237eb7d868cbce75c246030b677900";"9b112af38d629221b104d70c0ed8dafd32b46cc1c924f675419fbc6d0fca0d84";"db341acaac977b4ed1716b1ff3a8cec068805691b55b5348f584d8d6bb02c26a";"7d7178150e2b91768f9ba95b86fb0aab84f02bf8";"314e65771523065a36f1e5781cc18977dbb0fbb2";"840";"840";"b1eda26bc627b110681a6d8e476fe3a1f74f8059a74291c18775ae61d38096c5"
"issue13-v5-diagnostic-module-bridge/1";"bridge-847db0ba1db4fcd921189565";"_anomalies.csv";"wiodr16v09";"wiodr16";"sea_countries";"surplus_value.emp_p.r.pc.denominator";"after_country_module";"5";"preserve_all_missing";"";"NA";"wiodr16_v1";"";"";"common/surplus_value.emp_p.r.pc-country.R";"indicator.surplus_value.emp_p.r.pc";"indicator.surplus_value.emp_p.r.pc";"replace";"run-20260823T233306933Z-0d783baec25acf32";"424303db8f42604fa5f2b061e625f5ba3d763f83bb8a6898bd879846cf4ebf07";"9b112af38d629221b104d70c0ed8dafd32b46cc1c924f675419fbc6d0fca0d84";"db341acaac977b4ed1716b1ff3a8cec068805691b55b5348f584d8d6bb02c26a";"cc2c86189a06676bcb9f0e05e08033d710a92509";"0cb1142cdadd74bf95272010f5393ebe2af79f47";"run-20260824T045719560Z-b4a1d9095337fbb9";"cd4afdd7ed2f94f73bf496549734eb3e27237eb7d868cbce75c246030b677900";"9b112af38d629221b104d70c0ed8dafd32b46cc1c924f675419fbc6d0fca0d84";"db341acaac977b4ed1716b1ff3a8cec068805691b55b5348f584d8d6bb02c26a";"7d7178150e2b91768f9ba95b86fb0aab84f02bf8";"314e65771523065a36f1e5781cc18977dbb0fbb2";"840";"840";"847db0ba1db4fcd921189565a67decf1cab7371da0745b5483c9ba64026e911e"
"issue13-v5-diagnostic-module-bridge/1";"bridge-eb2d74c435984e016d4b6867";"_anomalies.csv";"wiodr16v09";"wiodr16";"sea_countries";"surplus_value.emp_p.r.pc.numerator";"after_country_module";"5";"aggregate_available";"";"NA";"wiodr16_v1";"";"";"common/surplus_value.emp_p.r.pc-country.R";"indicator.surplus_value.emp_p.r.pc";"indicator.surplus_value.emp_p.r.pc";"replace";"run-20260823T233306933Z-0d783baec25acf32";"424303db8f42604fa5f2b061e625f5ba3d763f83bb8a6898bd879846cf4ebf07";"9b112af38d629221b104d70c0ed8dafd32b46cc1c924f675419fbc6d0fca0d84";"db341acaac977b4ed1716b1ff3a8cec068805691b55b5348f584d8d6bb02c26a";"cc2c86189a06676bcb9f0e05e08033d710a92509";"0cb1142cdadd74bf95272010f5393ebe2af79f47";"run-20260824T045719560Z-b4a1d9095337fbb9";"cd4afdd7ed2f94f73bf496549734eb3e27237eb7d868cbce75c246030b677900";"9b112af38d629221b104d70c0ed8dafd32b46cc1c924f675419fbc6d0fca0d84";"db341acaac977b4ed1716b1ff3a8cec068805691b55b5348f584d8d6bb02c26a";"7d7178150e2b91768f9ba95b86fb0aab84f02bf8";"314e65771523065a36f1e5781cc18977dbb0fbb2";"840";"840";"eb2d74c435984e016d4b686798932cf9c94a1c3011b6686f35ae54ea9a8590df"
"issue13-v5-diagnostic-module-bridge/1";"bridge-5e309486ce52effb0fce0186";"_anomalies.csv";"wiodr16v09";"wiodr16";"sea_countries";"surplus_value.emp_p.r.pc.numerator";"after_country_module";"5";"preserve_all_missing";"";"NA";"wiodr16_v1";"";"";"common/surplus_value.emp_p.r.pc-country.R";"indicator.surplus_value.emp_p.r.pc";"indicator.surplus_value.emp_p.r.pc";"replace";"run-20260823T233306933Z-0d783baec25acf32";"424303db8f42604fa5f2b061e625f5ba3d763f83bb8a6898bd879846cf4ebf07";"9b112af38d629221b104d70c0ed8dafd32b46cc1c924f675419fbc6d0fca0d84";"db341acaac977b4ed1716b1ff3a8cec068805691b55b5348f584d8d6bb02c26a";"cc2c86189a06676bcb9f0e05e08033d710a92509";"0cb1142cdadd74bf95272010f5393ebe2af79f47";"run-20260824T045719560Z-b4a1d9095337fbb9";"cd4afdd7ed2f94f73bf496549734eb3e27237eb7d868cbce75c246030b677900";"9b112af38d629221b104d70c0ed8dafd32b46cc1c924f675419fbc6d0fca0d84";"db341acaac977b4ed1716b1ff3a8cec068805691b55b5348f584d8d6bb02c26a";"7d7178150e2b91768f9ba95b86fb0aab84f02bf8";"314e65771523065a36f1e5781cc18977dbb0fbb2";"840";"840";"5e309486ce52effb0fce018645acbfecf832fc2560a7ab58acf52851288c3972"
"issue13-v5-diagnostic-module-bridge/1";"bridge-88592eec8c610a0d4e73d606";"_anomalies.csv";"wiodr16v09";"wiodr16";"sea_countries";"surplus_value.empe_p.r.pc.denominator";"after_country_module";"5";"aggregate_available";"";"NA";"wiodr16_v1";"";"";"common/surplus_value.empe_p.r.pc-country.R";"indicator.surplus_value.empe_p.r.pc";"indicator.surplus_value.empe_p.r.pc";"replace";"run-20260823T233306933Z-0d783baec25acf32";"424303db8f42604fa5f2b061e625f5ba3d763f83bb8a6898bd879846cf4ebf07";"9b112af38d629221b104d70c0ed8dafd32b46cc1c924f675419fbc6d0fca0d84";"db341acaac977b4ed1716b1ff3a8cec068805691b55b5348f584d8d6bb02c26a";"cc2c86189a06676bcb9f0e05e08033d710a92509";"0cb1142cdadd74bf95272010f5393ebe2af79f47";"run-20260824T045719560Z-b4a1d9095337fbb9";"cd4afdd7ed2f94f73bf496549734eb3e27237eb7d868cbce75c246030b677900";"9b112af38d629221b104d70c0ed8dafd32b46cc1c924f675419fbc6d0fca0d84";"db341acaac977b4ed1716b1ff3a8cec068805691b55b5348f584d8d6bb02c26a";"7d7178150e2b91768f9ba95b86fb0aab84f02bf8";"314e65771523065a36f1e5781cc18977dbb0fbb2";"840";"840";"88592eec8c610a0d4e73d606034e7ce27d8e0e1aa69439003bdc11aa0e83a855"
"issue13-v5-diagnostic-module-bridge/1";"bridge-023121ac908bff073eac62b4";"_anomalies.csv";"wiodr16v09";"wiodr16";"sea_countries";"surplus_value.empe_p.r.pc.denominator";"after_country_module";"5";"preserve_all_missing";"";"NA";"wiodr16_v1";"";"";"common/surplus_value.empe_p.r.pc-country.R";"indicator.surplus_value.empe_p.r.pc";"indicator.surplus_value.empe_p.r.pc";"replace";"run-20260823T233306933Z-0d783baec25acf32";"424303db8f42604fa5f2b061e625f5ba3d763f83bb8a6898bd879846cf4ebf07";"9b112af38d629221b104d70c0ed8dafd32b46cc1c924f675419fbc6d0fca0d84";"db341acaac977b4ed1716b1ff3a8cec068805691b55b5348f584d8d6bb02c26a";"cc2c86189a06676bcb9f0e05e08033d710a92509";"0cb1142cdadd74bf95272010f5393ebe2af79f47";"run-20260824T045719560Z-b4a1d9095337fbb9";"cd4afdd7ed2f94f73bf496549734eb3e27237eb7d868cbce75c246030b677900";"9b112af38d629221b104d70c0ed8dafd32b46cc1c924f675419fbc6d0fca0d84";"db341acaac977b4ed1716b1ff3a8cec068805691b55b5348f584d8d6bb02c26a";"7d7178150e2b91768f9ba95b86fb0aab84f02bf8";"314e65771523065a36f1e5781cc18977dbb0fbb2";"840";"840";"023121ac908bff073eac62b490ebfde27d813eab4452aa9f0e211c75ef4e0a35"
"issue13-v5-diagnostic-module-bridge/1";"bridge-d2053f15965d8e5b506ba145";"_anomalies.csv";"wiodr16v09";"wiodr16";"sea_countries";"surplus_value.empe_p.r.pc.numerator";"after_country_module";"5";"aggregate_available";"";"NA";"wiodr16_v1";"";"";"common/surplus_value.empe_p.r.pc-country.R";"indicator.surplus_value.empe_p.r.pc";"indicator.surplus_value.empe_p.r.pc";"replace";"run-20260823T233306933Z-0d783baec25acf32";"424303db8f42604fa5f2b061e625f5ba3d763f83bb8a6898bd879846cf4ebf07";"9b112af38d629221b104d70c0ed8dafd32b46cc1c924f675419fbc6d0fca0d84";"db341acaac977b4ed1716b1ff3a8cec068805691b55b5348f584d8d6bb02c26a";"cc2c86189a06676bcb9f0e05e08033d710a92509";"0cb1142cdadd74bf95272010f5393ebe2af79f47";"run-20260824T045719560Z-b4a1d9095337fbb9";"cd4afdd7ed2f94f73bf496549734eb3e27237eb7d868cbce75c246030b677900";"9b112af38d629221b104d70c0ed8dafd32b46cc1c924f675419fbc6d0fca0d84";"db341acaac977b4ed1716b1ff3a8cec068805691b55b5348f584d8d6bb02c26a";"7d7178150e2b91768f9ba95b86fb0aab84f02bf8";"314e65771523065a36f1e5781cc18977dbb0fbb2";"840";"840";"d2053f15965d8e5b506ba145fc59db60ab837343261221b1a5c0d691f00280df"
"issue13-v5-diagnostic-module-bridge/1";"bridge-149efaae5e716e5c9cc7efd7";"_anomalies.csv";"wiodr16v09";"wiodr16";"sea_countries";"surplus_value.empe_p.r.pc.numerator";"after_country_module";"5";"preserve_all_missing";"";"NA";"wiodr16_v1";"";"";"common/surplus_value.empe_p.r.pc-country.R";"indicator.surplus_value.empe_p.r.pc";"indicator.surplus_value.empe_p.r.pc";"replace";"run-20260823T233306933Z-0d783baec25acf32";"424303db8f42604fa5f2b061e625f5ba3d763f83bb8a6898bd879846cf4ebf07";"9b112af38d629221b104d70c0ed8dafd32b46cc1c924f675419fbc6d0fca0d84";"db341acaac977b4ed1716b1ff3a8cec068805691b55b5348f584d8d6bb02c26a";"cc2c86189a06676bcb9f0e05e08033d710a92509";"0cb1142cdadd74bf95272010f5393ebe2af79f47";"run-20260824T045719560Z-b4a1d9095337fbb9";"cd4afdd7ed2f94f73bf496549734eb3e27237eb7d868cbce75c246030b677900";"9b112af38d629221b104d70c0ed8dafd32b46cc1c924f675419fbc6d0fca0d84";"db341acaac977b4ed1716b1ff3a8cec068805691b55b5348f584d8d6bb02c26a";"7d7178150e2b91768f9ba95b86fb0aab84f02bf8";"314e65771523065a36f1e5781cc18977dbb0fbb2";"840";"840";"149efaae5e716e5c9cc7efd7af9c7f6881a19b200d7e38c975a914ae07433bee"
"issue13-v5-diagnostic-module-bridge/1";"bridge-fe9583b6ea7dfe65916b25c8";"_anomalies.csv";"wiodr16v09";"wiodr16";"sea_sectors";"abstract_labour.emp.m.mv";"after_stage_5";"5";"mark_not_applicable";"";"NaN";"wiodr16_v1";"";"";"common/abstract_labour.emp.m.mv.R";"indicator.abstract_labour.emp.m.mv";"indicator.abstract_labour.emp.m.mv";"replace";"run-20260823T233306933Z-0d783baec25acf32";"424303db8f42604fa5f2b061e625f5ba3d763f83bb8a6898bd879846cf4ebf07";"9b112af38d629221b104d70c0ed8dafd32b46cc1c924f675419fbc6d0fca0d84";"db341acaac977b4ed1716b1ff3a8cec068805691b55b5348f584d8d6bb02c26a";"cc2c86189a06676bcb9f0e05e08033d710a92509";"0cb1142cdadd74bf95272010f5393ebe2af79f47";"run-20260824T045719560Z-b4a1d9095337fbb9";"cd4afdd7ed2f94f73bf496549734eb3e27237eb7d868cbce75c246030b677900";"9b112af38d629221b104d70c0ed8dafd32b46cc1c924f675419fbc6d0fca0d84";"db341acaac977b4ed1716b1ff3a8cec068805691b55b5348f584d8d6bb02c26a";"7d7178150e2b91768f9ba95b86fb0aab84f02bf8";"314e65771523065a36f1e5781cc18977dbb0fbb2";"2064";"2064";"fe9583b6ea7dfe65916b25c80f97416b8092c75ac6fffb040afc8d041eeb48bd"
"issue13-v5-diagnostic-module-bridge/1";"bridge-0490c7b93ead1a9314dc276c";"_anomalies.csv";"wiodr16v09";"wiodr16";"sea_sectors";"abstract_labour.empe.m.mv";"after_stage_5";"5";"mark_not_applicable";"";"Inf";"wiodr16_v1";"";"";"common/abstract_labour.empe.m.mv.R";"indicator.abstract_labour.empe.m.mv";"indicator.abstract_labour.empe.m.mv";"replace";"run-20260823T233306933Z-0d783baec25acf32";"424303db8f42604fa5f2b061e625f5ba3d763f83bb8a6898bd879846cf4ebf07";"9b112af38d629221b104d70c0ed8dafd32b46cc1c924f675419fbc6d0fca0d84";"db341acaac977b4ed1716b1ff3a8cec068805691b55b5348f584d8d6bb02c26a";"cc2c86189a06676bcb9f0e05e08033d710a92509";"0cb1142cdadd74bf95272010f5393ebe2af79f47";"run-20260824T045719560Z-b4a1d9095337fbb9";"cd4afdd7ed2f94f73bf496549734eb3e27237eb7d868cbce75c246030b677900";"9b112af38d629221b104d70c0ed8dafd32b46cc1c924f675419fbc6d0fca0d84";"db341acaac977b4ed1716b1ff3a8cec068805691b55b5348f584d8d6bb02c26a";"7d7178150e2b91768f9ba95b86fb0aab84f02bf8";"314e65771523065a36f1e5781cc18977dbb0fbb2";"3";"3";"0490c7b93ead1a9314dc276c8c36fd7f24c1790008849c27d2ae91ffaf050871"
"issue13-v5-diagnostic-module-bridge/1";"bridge-cc18b80550eaa7f3cf0154df";"_anomalies.csv";"wiodr16v09";"wiodr16";"sea_sectors";"abstract_labour.empe.m.mv";"after_stage_5";"5";"mark_not_applicable";"";"NaN";"wiodr16_v1";"";"";"common/abstract_labour.empe.m.mv.R";"indicator.abstract_labour.empe.m.mv";"indicator.abstract_labour.empe.m.mv";"replace";"run-20260823T233306933Z-0d783baec25acf32";"424303db8f42604fa5f2b061e625f5ba3d763f83bb8a6898bd879846cf4ebf07";"9b112af38d629221b104d70c0ed8dafd32b46cc1c924f675419fbc6d0fca0d84";"db341acaac977b4ed1716b1ff3a8cec068805691b55b5348f584d8d6bb02c26a";"cc2c86189a06676bcb9f0e05e08033d710a92509";"0cb1142cdadd74bf95272010f5393ebe2af79f47";"run-20260824T045719560Z-b4a1d9095337fbb9";"cd4afdd7ed2f94f73bf496549734eb3e27237eb7d868cbce75c246030b677900";"9b112af38d629221b104d70c0ed8dafd32b46cc1c924f675419fbc6d0fca0d84";"db341acaac977b4ed1716b1ff3a8cec068805691b55b5348f584d8d6bb02c26a";"7d7178150e2b91768f9ba95b86fb0aab84f02bf8";"314e65771523065a36f1e5781cc18977dbb0fbb2";"2047";"2047";"cc18b80550eaa7f3cf0154dffb45c635b5e59c62e0a07fb29622e098900f81d3"
"issue13-v5-diagnostic-module-bridge/1";"bridge-0c8fed3ed7d6091394737e80";"_anomalies.csv";"wiodr16v09";"wiodr16";"sea_sectors";"appropriated_profit.r.pc";"after_stage_5";"5";"mark_not_applicable";"";"-Inf";"wiodr16_v1";"";"";"common/appropriated_profit.r.pc.R";"indicator.appropriated_profit.r.pc";"indicator.appropriated_profit.r.pc";"replace";"run-20260823T233306933Z-0d783baec25acf32";"424303db8f42604fa5f2b061e625f5ba3d763f83bb8a6898bd879846cf4ebf07";"9b112af38d629221b104d70c0ed8dafd32b46cc1c924f675419fbc6d0fca0d84";"db341acaac977b4ed1716b1ff3a8cec068805691b55b5348f584d8d6bb02c26a";"cc2c86189a06676bcb9f0e05e08033d710a92509";"0cb1142cdadd74bf95272010f5393ebe2af79f47";"run-20260824T045719560Z-b4a1d9095337fbb9";"cd4afdd7ed2f94f73bf496549734eb3e27237eb7d868cbce75c246030b677900";"9b112af38d629221b104d70c0ed8dafd32b46cc1c924f675419fbc6d0fca0d84";"db341acaac977b4ed1716b1ff3a8cec068805691b55b5348f584d8d6bb02c26a";"7d7178150e2b91768f9ba95b86fb0aab84f02bf8";"314e65771523065a36f1e5781cc18977dbb0fbb2";"93";"93";"0c8fed3ed7d6091394737e80e9b897783916fd1ee57ec0e40cbed227a49f3825"
"issue13-v5-diagnostic-module-bridge/1";"bridge-2eac033cd6004cbebd603fa2";"_anomalies.csv";"wiodr16v09";"wiodr16";"sea_sectors";"appropriated_profit.r.pc";"after_stage_5";"5";"mark_not_applicable";"";"Inf";"wiodr16_v1";"";"";"common/appropriated_profit.r.pc.R";"indicator.appropriated_profit.r.pc";"indicator.appropriated_profit.r.pc";"replace";"run-20260823T233306933Z-0d783baec25acf32";"424303db8f42604fa5f2b061e625f5ba3d763f83bb8a6898bd879846cf4ebf07";"9b112af38d629221b104d70c0ed8dafd32b46cc1c924f675419fbc6d0fca0d84";"db341acaac977b4ed1716b1ff3a8cec068805691b55b5348f584d8d6bb02c26a";"cc2c86189a06676bcb9f0e05e08033d710a92509";"0cb1142cdadd74bf95272010f5393ebe2af79f47";"run-20260824T045719560Z-b4a1d9095337fbb9";"cd4afdd7ed2f94f73bf496549734eb3e27237eb7d868cbce75c246030b677900";"9b112af38d629221b104d70c0ed8dafd32b46cc1c924f675419fbc6d0fca0d84";"db341acaac977b4ed1716b1ff3a8cec068805691b55b5348f584d8d6bb02c26a";"7d7178150e2b91768f9ba95b86fb0aab84f02bf8";"314e65771523065a36f1e5781cc18977dbb0fbb2";"146";"146";"2eac033cd6004cbebd603fa23d69819cc73a74fe0c2c34b853e6d37064d0b62b"
"issue13-v5-diagnostic-module-bridge/1";"bridge-d990598852a0b81c0e9f8d35";"_anomalies.csv";"wiodr16v09";"wiodr16";"sea_sectors";"appropriated_profit.r.pc";"after_stage_5";"5";"mark_not_applicable";"";"NaN";"wiodr16_v1";"";"";"common/appropriated_profit.r.pc.R";"indicator.appropriated_profit.r.pc";"indicator.appropriated_profit.r.pc";"replace";"run-20260823T233306933Z-0d783baec25acf32";"424303db8f42604fa5f2b061e625f5ba3d763f83bb8a6898bd879846cf4ebf07";"9b112af38d629221b104d70c0ed8dafd32b46cc1c924f675419fbc6d0fca0d84";"db341acaac977b4ed1716b1ff3a8cec068805691b55b5348f584d8d6bb02c26a";"cc2c86189a06676bcb9f0e05e08033d710a92509";"0cb1142cdadd74bf95272010f5393ebe2af79f47";"run-20260824T045719560Z-b4a1d9095337fbb9";"cd4afdd7ed2f94f73bf496549734eb3e27237eb7d868cbce75c246030b677900";"9b112af38d629221b104d70c0ed8dafd32b46cc1c924f675419fbc6d0fca0d84";"db341acaac977b4ed1716b1ff3a8cec068805691b55b5348f584d8d6bb02c26a";"7d7178150e2b91768f9ba95b86fb0aab84f02bf8";"314e65771523065a36f1e5781cc18977dbb0fbb2";"2257";"2257";"d990598852a0b81c0e9f8d35a3fb4a9564bf3e4412d658ada706af5831732492"
"issue13-v5-diagnostic-module-bridge/1";"bridge-2aa02334ad9740bf9dba2435";"_anomalies.csv";"wiodr16v09";"wiodr16";"sea_sectors";"capital_stock.s.cu";"after_stage_1";"1";"truncate_allowlisted_negative_capital_stock";"";"-260937550.86039904";"wiodr16_negative_capital_stock_v1";"";"";"wiodr16/capital_stock.s.cu.R";"indicator.capital_stock.s.cu.wiodr16";"indicator.capital_stock.s.cu.wiodr16";"replace";"run-20260823T233306933Z-0d783baec25acf32";"424303db8f42604fa5f2b061e625f5ba3d763f83bb8a6898bd879846cf4ebf07";"9b112af38d629221b104d70c0ed8dafd32b46cc1c924f675419fbc6d0fca0d84";"db341acaac977b4ed1716b1ff3a8cec068805691b55b5348f584d8d6bb02c26a";"cc2c86189a06676bcb9f0e05e08033d710a92509";"0cb1142cdadd74bf95272010f5393ebe2af79f47";"run-20260824T045719560Z-b4a1d9095337fbb9";"cd4afdd7ed2f94f73bf496549734eb3e27237eb7d868cbce75c246030b677900";"9b112af38d629221b104d70c0ed8dafd32b46cc1c924f675419fbc6d0fca0d84";"db341acaac977b4ed1716b1ff3a8cec068805691b55b5348f584d8d6bb02c26a";"7d7178150e2b91768f9ba95b86fb0aab84f02bf8";"314e65771523065a36f1e5781cc18977dbb0fbb2";"1";"1";"2aa02334ad9740bf9dba2435752e07007dd3703421f948bbb2bbb2801edcec90"
"issue13-v5-diagnostic-module-bridge/1";"bridge-77b6945a9df0b1afd2406210";"_anomalies.csv";"wiodr16v09";"wiodr16";"sea_sectors";"capital_stock.s.cu";"after_stage_1";"1";"truncate_allowlisted_negative_capital_stock";"";"-457588311.96587831";"wiodr16_negative_capital_stock_v1";"";"";"wiodr16/capital_stock.s.cu.R";"indicator.capital_stock.s.cu.wiodr16";"indicator.capital_stock.s.cu.wiodr16";"replace";"run-20260823T233306933Z-0d783baec25acf32";"424303db8f42604fa5f2b061e625f5ba3d763f83bb8a6898bd879846cf4ebf07";"9b112af38d629221b104d70c0ed8dafd32b46cc1c924f675419fbc6d0fca0d84";"db341acaac977b4ed1716b1ff3a8cec068805691b55b5348f584d8d6bb02c26a";"cc2c86189a06676bcb9f0e05e08033d710a92509";"0cb1142cdadd74bf95272010f5393ebe2af79f47";"run-20260824T045719560Z-b4a1d9095337fbb9";"cd4afdd7ed2f94f73bf496549734eb3e27237eb7d868cbce75c246030b677900";"9b112af38d629221b104d70c0ed8dafd32b46cc1c924f675419fbc6d0fca0d84";"db341acaac977b4ed1716b1ff3a8cec068805691b55b5348f584d8d6bb02c26a";"7d7178150e2b91768f9ba95b86fb0aab84f02bf8";"314e65771523065a36f1e5781cc18977dbb0fbb2";"1";"1";"77b6945a9df0b1afd2406210c0ba0969c62adb566d6f7f5657fc96b78698fa89"
"issue13-v5-diagnostic-module-bridge/1";"bridge-8cf2d62820eeb35d74643d0c";"_anomalies.csv";"wiodr16v09";"wiodr16";"sea_sectors";"capital_stock.s.cu";"after_stage_1";"1";"truncate_allowlisted_negative_capital_stock";"";"-712935128.94577682";"wiodr16_negative_capital_stock_v1";"";"";"wiodr16/capital_stock.s.cu.R";"indicator.capital_stock.s.cu.wiodr16";"indicator.capital_stock.s.cu.wiodr16";"replace";"run-20260823T233306933Z-0d783baec25acf32";"424303db8f42604fa5f2b061e625f5ba3d763f83bb8a6898bd879846cf4ebf07";"9b112af38d629221b104d70c0ed8dafd32b46cc1c924f675419fbc6d0fca0d84";"db341acaac977b4ed1716b1ff3a8cec068805691b55b5348f584d8d6bb02c26a";"cc2c86189a06676bcb9f0e05e08033d710a92509";"0cb1142cdadd74bf95272010f5393ebe2af79f47";"run-20260824T045719560Z-b4a1d9095337fbb9";"cd4afdd7ed2f94f73bf496549734eb3e27237eb7d868cbce75c246030b677900";"9b112af38d629221b104d70c0ed8dafd32b46cc1c924f675419fbc6d0fca0d84";"db341acaac977b4ed1716b1ff3a8cec068805691b55b5348f584d8d6bb02c26a";"7d7178150e2b91768f9ba95b86fb0aab84f02bf8";"314e65771523065a36f1e5781cc18977dbb0fbb2";"1";"1";"8cf2d62820eeb35d74643d0c02330d3d8dd763718dd6eee07ce8f63fe8940227"
"issue13-v5-diagnostic-module-bridge/1";"bridge-3eb0c0fb474ceff2b186c202";"_anomalies.csv";"wiodr16v09";"wiodr16";"sea_sectors";"capital_stock.s.us";"after_assumptions";"1";"fallback_to_reference_country_capital_per_worker";"";"NaN";"wiodr16v09_row_capital_per_worker_v1";"";"";"row/row.old.R";"assumption.row.v09";"assumption.row.v09";"replace";"run-20260823T233306933Z-0d783baec25acf32";"424303db8f42604fa5f2b061e625f5ba3d763f83bb8a6898bd879846cf4ebf07";"9b112af38d629221b104d70c0ed8dafd32b46cc1c924f675419fbc6d0fca0d84";"db341acaac977b4ed1716b1ff3a8cec068805691b55b5348f584d8d6bb02c26a";"cc2c86189a06676bcb9f0e05e08033d710a92509";"0cb1142cdadd74bf95272010f5393ebe2af79f47";"run-20260824T045719560Z-b4a1d9095337fbb9";"cd4afdd7ed2f94f73bf496549734eb3e27237eb7d868cbce75c246030b677900";"9b112af38d629221b104d70c0ed8dafd32b46cc1c924f675419fbc6d0fca0d84";"db341acaac977b4ed1716b1ff3a8cec068805691b55b5348f584d8d6bb02c26a";"7d7178150e2b91768f9ba95b86fb0aab84f02bf8";"314e65771523065a36f1e5781cc18977dbb0fbb2";"150";"150";"3eb0c0fb474ceff2b186c2027edf8ea84ee146629a0376785e20d8f68dc1e35e"
"issue13-v5-diagnostic-module-bridge/1";"bridge-d0c524e1c2dc24779337a979";"_anomalies.csv";"wiodr16v09";"wiodr16";"sea_sectors";"capital_stock.s.us";"after_assumptions";"1";"zero_row_capital_when_workers_zero";"";"NaN";"wiodr16v09_row_capital_per_worker_v1";"";"";"row/row.old.R";"assumption.row.v09";"assumption.row.v09";"replace";"run-20260823T233306933Z-0d783baec25acf32";"424303db8f42604fa5f2b061e625f5ba3d763f83bb8a6898bd879846cf4ebf07";"9b112af38d629221b104d70c0ed8dafd32b46cc1c924f675419fbc6d0fca0d84";"db341acaac977b4ed1716b1ff3a8cec068805691b55b5348f584d8d6bb02c26a";"cc2c86189a06676bcb9f0e05e08033d710a92509";"0cb1142cdadd74bf95272010f5393ebe2af79f47";"run-20260824T045719560Z-b4a1d9095337fbb9";"cd4afdd7ed2f94f73bf496549734eb3e27237eb7d868cbce75c246030b677900";"9b112af38d629221b104d70c0ed8dafd32b46cc1c924f675419fbc6d0fca0d84";"db341acaac977b4ed1716b1ff3a8cec068805691b55b5348f584d8d6bb02c26a";"7d7178150e2b91768f9ba95b86fb0aab84f02bf8";"314e65771523065a36f1e5781cc18977dbb0fbb2";"15";"15";"d0c524e1c2dc24779337a9798def14f9742ef46f2bd1b5746ca594b2e23ec67b"
"issue13-v5-diagnostic-module-bridge/1";"bridge-ab983af1ee1474f593a2d37e";"_anomalies.csv";"wiodr16v09";"wiodr16";"sea_sectors";"capital_stock.s.us";"after_stage_1";"1";"truncate_allowlisted_negative_capital_stock";"";"-1160165474.7097154";"wiodr16_negative_capital_stock_v1";"";"";"wiodr16/capital_stock.s.us.R";"indicator.capital_stock.s.us.wiodr16";"indicator.capital_stock.s.us.wiodr16";"replace";"run-20260823T233306933Z-0d783baec25acf32";"424303db8f42604fa5f2b061e625f5ba3d763f83bb8a6898bd879846cf4ebf07";"9b112af38d629221b104d70c0ed8dafd32b46cc1c924f675419fbc6d0fca0d84";"db341acaac977b4ed1716b1ff3a8cec068805691b55b5348f584d8d6bb02c26a";"cc2c86189a06676bcb9f0e05e08033d710a92509";"0cb1142cdadd74bf95272010f5393ebe2af79f47";"run-20260824T045719560Z-b4a1d9095337fbb9";"cd4afdd7ed2f94f73bf496549734eb3e27237eb7d868cbce75c246030b677900";"9b112af38d629221b104d70c0ed8dafd32b46cc1c924f675419fbc6d0fca0d84";"db341acaac977b4ed1716b1ff3a8cec068805691b55b5348f584d8d6bb02c26a";"7d7178150e2b91768f9ba95b86fb0aab84f02bf8";"314e65771523065a36f1e5781cc18977dbb0fbb2";"1";"1";"ab983af1ee1474f593a2d37ed71fefea6804945bf97f89c853b55ad70935a8a1"
"issue13-v5-diagnostic-module-bridge/1";"bridge-49cdb312a15de67803fada6d";"_anomalies.csv";"wiodr16v09";"wiodr16";"sea_sectors";"capital_stock.s.us";"after_stage_1";"1";"truncate_allowlisted_negative_capital_stock";"";"-402329716.62080479";"wiodr16_negative_capital_stock_v1";"";"";"wiodr16/capital_stock.s.us.R";"indicator.capital_stock.s.us.wiodr16";"indicator.capital_stock.s.us.wiodr16";"replace";"run-20260823T233306933Z-0d783baec25acf32";"424303db8f42604fa5f2b061e625f5ba3d763f83bb8a6898bd879846cf4ebf07";"9b112af38d629221b104d70c0ed8dafd32b46cc1c924f675419fbc6d0fca0d84";"db341acaac977b4ed1716b1ff3a8cec068805691b55b5348f584d8d6bb02c26a";"cc2c86189a06676bcb9f0e05e08033d710a92509";"0cb1142cdadd74bf95272010f5393ebe2af79f47";"run-20260824T045719560Z-b4a1d9095337fbb9";"cd4afdd7ed2f94f73bf496549734eb3e27237eb7d868cbce75c246030b677900";"9b112af38d629221b104d70c0ed8dafd32b46cc1c924f675419fbc6d0fca0d84";"db341acaac977b4ed1716b1ff3a8cec068805691b55b5348f584d8d6bb02c26a";"7d7178150e2b91768f9ba95b86fb0aab84f02bf8";"314e65771523065a36f1e5781cc18977dbb0fbb2";"1";"1";"49cdb312a15de67803fada6d4d7caba39d59b474027a1c89b7fec50abe4158b5"
"issue13-v5-diagnostic-module-bridge/1";"bridge-62b3a91cda0dd72edfa52f4c";"_anomalies.csv";"wiodr16v09";"wiodr16";"sea_sectors";"capital_stock.s.us";"after_stage_1";"1";"truncate_allowlisted_negative_capital_stock";"";"-736430309.52953339";"wiodr16_negative_capital_stock_v1";"";"";"wiodr16/capital_stock.s.us.R";"indicator.capital_stock.s.us.wiodr16";"indicator.capital_stock.s.us.wiodr16";"replace";"run-20260823T233306933Z-0d783baec25acf32";"424303db8f42604fa5f2b061e625f5ba3d763f83bb8a6898bd879846cf4ebf07";"9b112af38d629221b104d70c0ed8dafd32b46cc1c924f675419fbc6d0fca0d84";"db341acaac977b4ed1716b1ff3a8cec068805691b55b5348f584d8d6bb02c26a";"cc2c86189a06676bcb9f0e05e08033d710a92509";"0cb1142cdadd74bf95272010f5393ebe2af79f47";"run-20260824T045719560Z-b4a1d9095337fbb9";"cd4afdd7ed2f94f73bf496549734eb3e27237eb7d868cbce75c246030b677900";"9b112af38d629221b104d70c0ed8dafd32b46cc1c924f675419fbc6d0fca0d84";"db341acaac977b4ed1716b1ff3a8cec068805691b55b5348f584d8d6bb02c26a";"7d7178150e2b91768f9ba95b86fb0aab84f02bf8";"314e65771523065a36f1e5781cc18977dbb0fbb2";"1";"1";"62b3a91cda0dd72edfa52f4c53de270298596fed31836c7e3038cb0a9fe5a3ea"
"issue13-v5-diagnostic-module-bridge/1";"bridge-f9bd6202a657606d1d14c1eb";"_anomalies.csv";"wiodr16v09";"wiodr16";"sea_sectors";"exchange.r.us";"after_stage_1";"1";"replace_invalid_sector_rate_with_country_mean";"";"0";"exchange_country_mean_v1";"";"";"wiodr13/exchange.r.us.v09.R";"indicator.exchange.r.us.v09";"indicator.exchange.r.us.v09";"replace";"run-20260823T233306933Z-0d783baec25acf32";"424303db8f42604fa5f2b061e625f5ba3d763f83bb8a6898bd879846cf4ebf07";"9b112af38d629221b104d70c0ed8dafd32b46cc1c924f675419fbc6d0fca0d84";"db341acaac977b4ed1716b1ff3a8cec068805691b55b5348f584d8d6bb02c26a";"cc2c86189a06676bcb9f0e05e08033d710a92509";"0cb1142cdadd74bf95272010f5393ebe2af79f47";"run-20260824T045719560Z-b4a1d9095337fbb9";"cd4afdd7ed2f94f73bf496549734eb3e27237eb7d868cbce75c246030b677900";"9b112af38d629221b104d70c0ed8dafd32b46cc1c924f675419fbc6d0fca0d84";"db341acaac977b4ed1716b1ff3a8cec068805691b55b5348f584d8d6bb02c26a";"7d7178150e2b91768f9ba95b86fb0aab84f02bf8";"314e65771523065a36f1e5781cc18977dbb0fbb2";"1";"1";"f9bd6202a657606d1d14c1eb2b7b85d8b4deff55e3594891a539064790241213"
"issue13-v5-diagnostic-module-bridge/1";"bridge-69460acd5496657edb73e368";"_anomalies.csv";"wiodr16v09";"wiodr16";"sea_sectors";"exchange.r.us";"after_stage_1";"1";"replace_invalid_sector_rate_with_country_mean";"";"Inf";"exchange_country_mean_v1";"";"";"wiodr13/exchange.r.us.v09.R";"indicator.exchange.r.us.v09";"indicator.exchange.r.us.v09";"replace";"run-20260823T233306933Z-0d783baec25acf32";"424303db8f42604fa5f2b061e625f5ba3d763f83bb8a6898bd879846cf4ebf07";"9b112af38d629221b104d70c0ed8dafd32b46cc1c924f675419fbc6d0fca0d84";"db341acaac977b4ed1716b1ff3a8cec068805691b55b5348f584d8d6bb02c26a";"cc2c86189a06676bcb9f0e05e08033d710a92509";"0cb1142cdadd74bf95272010f5393ebe2af79f47";"run-20260824T045719560Z-b4a1d9095337fbb9";"cd4afdd7ed2f94f73bf496549734eb3e27237eb7d868cbce75c246030b677900";"9b112af38d629221b104d70c0ed8dafd32b46cc1c924f675419fbc6d0fca0d84";"db341acaac977b4ed1716b1ff3a8cec068805691b55b5348f584d8d6bb02c26a";"7d7178150e2b91768f9ba95b86fb0aab84f02bf8";"314e65771523065a36f1e5781cc18977dbb0fbb2";"1";"1";"69460acd5496657edb73e36810d94f9a6254808934613a0374641880126d6d61"
"issue13-v5-diagnostic-module-bridge/1";"bridge-d84b07156e95af81404b8ea8";"_anomalies.csv";"wiodr16v09";"wiodr16";"sea_sectors";"exchange.r.us";"after_stage_1";"1";"replace_invalid_sector_rate_with_country_mean";"";"NaN";"exchange_country_mean_v1";"";"";"wiodr13/exchange.r.us.v09.R";"indicator.exchange.r.us.v09";"indicator.exchange.r.us.v09";"replace";"run-20260823T233306933Z-0d783baec25acf32";"424303db8f42604fa5f2b061e625f5ba3d763f83bb8a6898bd879846cf4ebf07";"9b112af38d629221b104d70c0ed8dafd32b46cc1c924f675419fbc6d0fca0d84";"db341acaac977b4ed1716b1ff3a8cec068805691b55b5348f584d8d6bb02c26a";"cc2c86189a06676bcb9f0e05e08033d710a92509";"0cb1142cdadd74bf95272010f5393ebe2af79f47";"run-20260824T045719560Z-b4a1d9095337fbb9";"cd4afdd7ed2f94f73bf496549734eb3e27237eb7d868cbce75c246030b677900";"9b112af38d629221b104d70c0ed8dafd32b46cc1c924f675419fbc6d0fca0d84";"db341acaac977b4ed1716b1ff3a8cec068805691b55b5348f584d8d6bb02c26a";"7d7178150e2b91768f9ba95b86fb0aab84f02bf8";"314e65771523065a36f1e5781cc18977dbb0fbb2";"2046";"2046";"d84b07156e95af81404b8ea8d69f5656d34735c4a66453920248ff2d8913b227"
"issue13-v5-diagnostic-module-bridge/1";"bridge-5c23d257e6125c7a4ca2462e";"_anomalies.csv";"wiodr16v09";"wiodr16";"sea_sectors";"hours_worked.emp.s.hr";"after_stage_1";"1";"fallback_to_country_employee_hours";"";"Inf";"wiodr16_v1";"";"";"wiodr16/hours_worked.emp.s.hr.R";"indicator.hours_worked.emp.s.hr.wiodr16";"indicator.hours_worked.emp.s.hr.wiodr16";"replace";"run-20260823T233306933Z-0d783baec25acf32";"424303db8f42604fa5f2b061e625f5ba3d763f83bb8a6898bd879846cf4ebf07";"9b112af38d629221b104d70c0ed8dafd32b46cc1c924f675419fbc6d0fca0d84";"db341acaac977b4ed1716b1ff3a8cec068805691b55b5348f584d8d6bb02c26a";"cc2c86189a06676bcb9f0e05e08033d710a92509";"0cb1142cdadd74bf95272010f5393ebe2af79f47";"run-20260824T045719560Z-b4a1d9095337fbb9";"cd4afdd7ed2f94f73bf496549734eb3e27237eb7d868cbce75c246030b677900";"9b112af38d629221b104d70c0ed8dafd32b46cc1c924f675419fbc6d0fca0d84";"db341acaac977b4ed1716b1ff3a8cec068805691b55b5348f584d8d6bb02c26a";"7d7178150e2b91768f9ba95b86fb0aab84f02bf8";"314e65771523065a36f1e5781cc18977dbb0fbb2";"1";"1";"5c23d257e6125c7a4ca2462e796078199f1811b332878863e6c3d1f006003a63"
"issue13-v5-diagnostic-module-bridge/1";"bridge-1c8495e9ed648d0abc0d9395";"_anomalies.csv";"wiodr16v09";"wiodr16";"sea_sectors";"hours_worked.emp.s.hr";"after_stage_1";"1";"zero_hours_when_persons_engaged_zero";"";"NaN";"wiodr16_v1";"";"";"wiodr16/hours_worked.emp.s.hr.R";"indicator.hours_worked.emp.s.hr.wiodr16";"indicator.hours_worked.emp.s.hr.wiodr16";"replace";"run-20260823T233306933Z-0d783baec25acf32";"424303db8f42604fa5f2b061e625f5ba3d763f83bb8a6898bd879846cf4ebf07";"9b112af38d629221b104d70c0ed8dafd32b46cc1c924f675419fbc6d0fca0d84";"db341acaac977b4ed1716b1ff3a8cec068805691b55b5348f584d8d6bb02c26a";"cc2c86189a06676bcb9f0e05e08033d710a92509";"0cb1142cdadd74bf95272010f5393ebe2af79f47";"run-20260824T045719560Z-b4a1d9095337fbb9";"cd4afdd7ed2f94f73bf496549734eb3e27237eb7d868cbce75c246030b677900";"9b112af38d629221b104d70c0ed8dafd32b46cc1c924f675419fbc6d0fca0d84";"db341acaac977b4ed1716b1ff3a8cec068805691b55b5348f584d8d6bb02c26a";"7d7178150e2b91768f9ba95b86fb0aab84f02bf8";"314e65771523065a36f1e5781cc18977dbb0fbb2";"1914";"1914";"1c8495e9ed648d0abc0d9395330a2511ab64c785f58244a58aa093eb271f0e52"
"issue13-v5-diagnostic-module-bridge/1";"bridge-b76c212abea44e9f18d3dfd2";"_anomalies.csv";"wiodr16v09";"wiodr16";"sea_sectors";"labour_force_value.emp.m.mv";"after_stage_5";"5";"mark_not_applicable";"";"Inf";"wiodr16_v1";"";"";"common/labour_force_value.emp.m.mv.R";"indicator.labour_force_value.emp.m.mv";"indicator.labour_force_value.emp.m.mv";"replace";"run-20260823T233306933Z-0d783baec25acf32";"424303db8f42604fa5f2b061e625f5ba3d763f83bb8a6898bd879846cf4ebf07";"9b112af38d629221b104d70c0ed8dafd32b46cc1c924f675419fbc6d0fca0d84";"db341acaac977b4ed1716b1ff3a8cec068805691b55b5348f584d8d6bb02c26a";"cc2c86189a06676bcb9f0e05e08033d710a92509";"0cb1142cdadd74bf95272010f5393ebe2af79f47";"run-20260824T045719560Z-b4a1d9095337fbb9";"cd4afdd7ed2f94f73bf496549734eb3e27237eb7d868cbce75c246030b677900";"9b112af38d629221b104d70c0ed8dafd32b46cc1c924f675419fbc6d0fca0d84";"db341acaac977b4ed1716b1ff3a8cec068805691b55b5348f584d8d6bb02c26a";"7d7178150e2b91768f9ba95b86fb0aab84f02bf8";"314e65771523065a36f1e5781cc18977dbb0fbb2";"2";"2";"b76c212abea44e9f18d3dfd225c13cad64fdbbd0515a931825e7a2322f4be3f3"
"issue13-v5-diagnostic-module-bridge/1";"bridge-b4a3ab6b461aecef75d90250";"_anomalies.csv";"wiodr16v09";"wiodr16";"sea_sectors";"labour_force_value.emp.m.mv";"after_stage_5";"5";"mark_not_applicable";"";"NaN";"wiodr16_v1";"";"";"common/labour_force_value.emp.m.mv.R";"indicator.labour_force_value.emp.m.mv";"indicator.labour_force_value.emp.m.mv";"replace";"run-20260823T233306933Z-0d783baec25acf32";"424303db8f42604fa5f2b061e625f5ba3d763f83bb8a6898bd879846cf4ebf07";"9b112af38d629221b104d70c0ed8dafd32b46cc1c924f675419fbc6d0fca0d84";"db341acaac977b4ed1716b1ff3a8cec068805691b55b5348f584d8d6bb02c26a";"cc2c86189a06676bcb9f0e05e08033d710a92509";"0cb1142cdadd74bf95272010f5393ebe2af79f47";"run-20260824T045719560Z-b4a1d9095337fbb9";"cd4afdd7ed2f94f73bf496549734eb3e27237eb7d868cbce75c246030b677900";"9b112af38d629221b104d70c0ed8dafd32b46cc1c924f675419fbc6d0fca0d84";"db341acaac977b4ed1716b1ff3a8cec068805691b55b5348f584d8d6bb02c26a";"7d7178150e2b91768f9ba95b86fb0aab84f02bf8";"314e65771523065a36f1e5781cc18977dbb0fbb2";"2047";"2047";"b4a3ab6b461aecef75d90250ffcd7793962214bb22a1930c213d0bd44c71bdcd"
"issue13-v5-diagnostic-module-bridge/1";"bridge-f84e505ff221d8de3446881d";"_anomalies.csv";"wiodr16v09";"wiodr16";"sea_sectors";"labour_force_value.m.mv";"after_stage_5";"5";"mark_not_applicable";"";"Inf";"wiodr16_v1";"";"";"common/labour_force_value.m.mv.R";"indicator.labour_force_value.m.mv";"indicator.labour_force_value.m.mv";"replace";"run-20260823T233306933Z-0d783baec25acf32";"424303db8f42604fa5f2b061e625f5ba3d763f83bb8a6898bd879846cf4ebf07";"9b112af38d629221b104d70c0ed8dafd32b46cc1c924f675419fbc6d0fca0d84";"db341acaac977b4ed1716b1ff3a8cec068805691b55b5348f584d8d6bb02c26a";"cc2c86189a06676bcb9f0e05e08033d710a92509";"0cb1142cdadd74bf95272010f5393ebe2af79f47";"run-20260824T045719560Z-b4a1d9095337fbb9";"cd4afdd7ed2f94f73bf496549734eb3e27237eb7d868cbce75c246030b677900";"9b112af38d629221b104d70c0ed8dafd32b46cc1c924f675419fbc6d0fca0d84";"db341acaac977b4ed1716b1ff3a8cec068805691b55b5348f584d8d6bb02c26a";"7d7178150e2b91768f9ba95b86fb0aab84f02bf8";"314e65771523065a36f1e5781cc18977dbb0fbb2";"3";"3";"f84e505ff221d8de3446881d3bc16bfb6585bf6e4e397aff7f7afef9eec7062b"
"issue13-v5-diagnostic-module-bridge/1";"bridge-b899252ec446494013fedb86";"_anomalies.csv";"wiodr16v09";"wiodr16";"sea_sectors";"labour_force_value.m.mv";"after_stage_5";"5";"mark_not_applicable";"";"NaN";"wiodr16_v1";"";"";"common/labour_force_value.m.mv.R";"indicator.labour_force_value.m.mv";"indicator.labour_force_value.m.mv";"replace";"run-20260823T233306933Z-0d783baec25acf32";"424303db8f42604fa5f2b061e625f5ba3d763f83bb8a6898bd879846cf4ebf07";"9b112af38d629221b104d70c0ed8dafd32b46cc1c924f675419fbc6d0fca0d84";"db341acaac977b4ed1716b1ff3a8cec068805691b55b5348f584d8d6bb02c26a";"cc2c86189a06676bcb9f0e05e08033d710a92509";"0cb1142cdadd74bf95272010f5393ebe2af79f47";"run-20260824T045719560Z-b4a1d9095337fbb9";"cd4afdd7ed2f94f73bf496549734eb3e27237eb7d868cbce75c246030b677900";"9b112af38d629221b104d70c0ed8dafd32b46cc1c924f675419fbc6d0fca0d84";"db341acaac977b4ed1716b1ff3a8cec068805691b55b5348f584d8d6bb02c26a";"7d7178150e2b91768f9ba95b86fb0aab84f02bf8";"314e65771523065a36f1e5781cc18977dbb0fbb2";"2047";"2047";"b899252ec446494013fedb869e98f0020e240e2aae73867daa158f945c5ba7b1"
"issue13-v5-diagnostic-module-bridge/1";"bridge-596e01899334a100481b2303";"_anomalies.csv";"wiodr16v09";"wiodr16";"sea_sectors";"labour_requirements";"after_matrices";"3";"replace_both_zero_with_zero";"";"NaN";"wiodr16_v1";"";"";"transformation.R";"matrix.transformation";"matrix.transformation";"replace";"run-20260823T233306933Z-0d783baec25acf32";"424303db8f42604fa5f2b061e625f5ba3d763f83bb8a6898bd879846cf4ebf07";"9b112af38d629221b104d70c0ed8dafd32b46cc1c924f675419fbc6d0fca0d84";"db341acaac977b4ed1716b1ff3a8cec068805691b55b5348f584d8d6bb02c26a";"cc2c86189a06676bcb9f0e05e08033d710a92509";"0cb1142cdadd74bf95272010f5393ebe2af79f47";"run-20260824T045719560Z-b4a1d9095337fbb9";"cd4afdd7ed2f94f73bf496549734eb3e27237eb7d868cbce75c246030b677900";"9b112af38d629221b104d70c0ed8dafd32b46cc1c924f675419fbc6d0fca0d84";"db341acaac977b4ed1716b1ff3a8cec068805691b55b5348f584d8d6bb02c26a";"7d7178150e2b91768f9ba95b86fb0aab84f02bf8";"314e65771523065a36f1e5781cc18977dbb0fbb2";"2061";"2061";"596e01899334a100481b230393ec5c2f8616da8ef9da8afbbbd8e6e6345cf802"
"issue13-v5-diagnostic-module-bridge/1";"bridge-d36eff4080d01294428b11db";"_anomalies.csv";"wiodr16v09";"wiodr16";"sea_sectors";"surplus_value.emp.r.pc";"after_stage_5";"5";"mark_not_applicable";"";"NaN";"wiodr16_v1";"";"";"common/surplus_value.emp.r.pc.R";"indicator.surplus_value.emp.r.pc";"indicator.surplus_value.emp.r.pc";"replace";"run-20260823T233306933Z-0d783baec25acf32";"424303db8f42604fa5f2b061e625f5ba3d763f83bb8a6898bd879846cf4ebf07";"9b112af38d629221b104d70c0ed8dafd32b46cc1c924f675419fbc6d0fca0d84";"db341acaac977b4ed1716b1ff3a8cec068805691b55b5348f584d8d6bb02c26a";"cc2c86189a06676bcb9f0e05e08033d710a92509";"0cb1142cdadd74bf95272010f5393ebe2af79f47";"run-20260824T045719560Z-b4a1d9095337fbb9";"cd4afdd7ed2f94f73bf496549734eb3e27237eb7d868cbce75c246030b677900";"9b112af38d629221b104d70c0ed8dafd32b46cc1c924f675419fbc6d0fca0d84";"db341acaac977b4ed1716b1ff3a8cec068805691b55b5348f584d8d6bb02c26a";"7d7178150e2b91768f9ba95b86fb0aab84f02bf8";"314e65771523065a36f1e5781cc18977dbb0fbb2";"2047";"2047";"d36eff4080d01294428b11db9edd1169bcf7a53b1a795e90780bb1b949ebf363"
"issue13-v5-diagnostic-module-bridge/1";"bridge-4158ae4477bc5ffcf6892a1f";"_anomalies.csv";"wiodr16v09";"wiodr16";"sea_sectors";"surplus_value.empe.r.pc";"after_stage_5";"5";"mark_not_applicable";"";"Inf";"wiodr16_v1";"";"";"common/surplus_value.empe.r.pc.R";"indicator.surplus_value.empe.r.pc";"indicator.surplus_value.empe.r.pc";"replace";"run-20260823T233306933Z-0d783baec25acf32";"424303db8f42604fa5f2b061e625f5ba3d763f83bb8a6898bd879846cf4ebf07";"9b112af38d629221b104d70c0ed8dafd32b46cc1c924f675419fbc6d0fca0d84";"db341acaac977b4ed1716b1ff3a8cec068805691b55b5348f584d8d6bb02c26a";"cc2c86189a06676bcb9f0e05e08033d710a92509";"0cb1142cdadd74bf95272010f5393ebe2af79f47";"run-20260824T045719560Z-b4a1d9095337fbb9";"cd4afdd7ed2f94f73bf496549734eb3e27237eb7d868cbce75c246030b677900";"9b112af38d629221b104d70c0ed8dafd32b46cc1c924f675419fbc6d0fca0d84";"db341acaac977b4ed1716b1ff3a8cec068805691b55b5348f584d8d6bb02c26a";"7d7178150e2b91768f9ba95b86fb0aab84f02bf8";"314e65771523065a36f1e5781cc18977dbb0fbb2";"1";"1";"4158ae4477bc5ffcf6892a1fd623f1907448b99730a362ce324965619f63c1e1"
"issue13-v5-diagnostic-module-bridge/1";"bridge-c9e0bf48b3b73730b3488573";"_anomalies.csv";"wiodr16v09";"wiodr16";"sea_sectors";"surplus_value.empe.r.pc";"after_stage_5";"5";"mark_not_applicable";"";"NaN";"wiodr16_v1";"";"";"common/surplus_value.empe.r.pc.R";"indicator.surplus_value.empe.r.pc";"indicator.surplus_value.empe.r.pc";"replace";"run-20260823T233306933Z-0d783baec25acf32";"424303db8f42604fa5f2b061e625f5ba3d763f83bb8a6898bd879846cf4ebf07";"9b112af38d629221b104d70c0ed8dafd32b46cc1c924f675419fbc6d0fca0d84";"db341acaac977b4ed1716b1ff3a8cec068805691b55b5348f584d8d6bb02c26a";"cc2c86189a06676bcb9f0e05e08033d710a92509";"0cb1142cdadd74bf95272010f5393ebe2af79f47";"run-20260824T045719560Z-b4a1d9095337fbb9";"cd4afdd7ed2f94f73bf496549734eb3e27237eb7d868cbce75c246030b677900";"9b112af38d629221b104d70c0ed8dafd32b46cc1c924f675419fbc6d0fca0d84";"db341acaac977b4ed1716b1ff3a8cec068805691b55b5348f584d8d6bb02c26a";"7d7178150e2b91768f9ba95b86fb0aab84f02bf8";"314e65771523065a36f1e5781cc18977dbb0fbb2";"2047";"2047";"c9e0bf48b3b73730b3488573ec64e5b2d31813a55c36a36978d50d6dc2f794b6"
"issue13-v5-diagnostic-module-bridge/1";"bridge-5eee9b8ffb4b67d5acd7a5c2";"_anomalies.csv";"wiodr16v09";"wiodr16";"sea_sectors";"trade_transfers.p.m.pc";"after_stage_5";"5";"mark_not_applicable";"";"-Inf";"wiodr16_v1";"";"";"common/trade_transfers.p.m.pc.R";"indicator.trade_transfers.p.m.pc";"indicator.trade_transfers.p.m.pc";"replace";"run-20260823T233306933Z-0d783baec25acf32";"424303db8f42604fa5f2b061e625f5ba3d763f83bb8a6898bd879846cf4ebf07";"9b112af38d629221b104d70c0ed8dafd32b46cc1c924f675419fbc6d0fca0d84";"db341acaac977b4ed1716b1ff3a8cec068805691b55b5348f584d8d6bb02c26a";"cc2c86189a06676bcb9f0e05e08033d710a92509";"0cb1142cdadd74bf95272010f5393ebe2af79f47";"run-20260824T045719560Z-b4a1d9095337fbb9";"cd4afdd7ed2f94f73bf496549734eb3e27237eb7d868cbce75c246030b677900";"9b112af38d629221b104d70c0ed8dafd32b46cc1c924f675419fbc6d0fca0d84";"db341acaac977b4ed1716b1ff3a8cec068805691b55b5348f584d8d6bb02c26a";"7d7178150e2b91768f9ba95b86fb0aab84f02bf8";"314e65771523065a36f1e5781cc18977dbb0fbb2";"369";"369";"5eee9b8ffb4b67d5acd7a5c23c3e3616ec4d00d0a9affd87ddb2dc784ceb11df"
"issue13-v5-diagnostic-module-bridge/1";"bridge-45fd6ced77158c6cf49a0479";"_anomalies.csv";"wiodr16v09";"wiodr16";"sea_sectors";"trade_transfers.p.m.pc";"after_stage_5";"5";"mark_not_applicable";"";"Inf";"wiodr16_v1";"";"";"common/trade_transfers.p.m.pc.R";"indicator.trade_transfers.p.m.pc";"indicator.trade_transfers.p.m.pc";"replace";"run-20260823T233306933Z-0d783baec25acf32";"424303db8f42604fa5f2b061e625f5ba3d763f83bb8a6898bd879846cf4ebf07";"9b112af38d629221b104d70c0ed8dafd32b46cc1c924f675419fbc6d0fca0d84";"db341acaac977b4ed1716b1ff3a8cec068805691b55b5348f584d8d6bb02c26a";"cc2c86189a06676bcb9f0e05e08033d710a92509";"0cb1142cdadd74bf95272010f5393ebe2af79f47";"run-20260824T045719560Z-b4a1d9095337fbb9";"cd4afdd7ed2f94f73bf496549734eb3e27237eb7d868cbce75c246030b677900";"9b112af38d629221b104d70c0ed8dafd32b46cc1c924f675419fbc6d0fca0d84";"db341acaac977b4ed1716b1ff3a8cec068805691b55b5348f584d8d6bb02c26a";"7d7178150e2b91768f9ba95b86fb0aab84f02bf8";"314e65771523065a36f1e5781cc18977dbb0fbb2";"59";"59";"45fd6ced77158c6cf49a047942d8e70a6a181d0940e853aa937aada306b6be78"
"issue13-v5-diagnostic-module-bridge/1";"bridge-6cf3e47d3dc0943f83908374";"_anomalies.csv";"wiodr16v09";"wiodr16";"sea_sectors";"trade_transfers.p.m.pc";"after_stage_5";"5";"mark_not_applicable";"";"NaN";"wiodr16_v1";"";"";"common/trade_transfers.p.m.pc.R";"indicator.trade_transfers.p.m.pc";"indicator.trade_transfers.p.m.pc";"replace";"run-20260823T233306933Z-0d783baec25acf32";"424303db8f42604fa5f2b061e625f5ba3d763f83bb8a6898bd879846cf4ebf07";"9b112af38d629221b104d70c0ed8dafd32b46cc1c924f675419fbc6d0fca0d84";"db341acaac977b4ed1716b1ff3a8cec068805691b55b5348f584d8d6bb02c26a";"cc2c86189a06676bcb9f0e05e08033d710a92509";"0cb1142cdadd74bf95272010f5393ebe2af79f47";"run-20260824T045719560Z-b4a1d9095337fbb9";"cd4afdd7ed2f94f73bf496549734eb3e27237eb7d868cbce75c246030b677900";"9b112af38d629221b104d70c0ed8dafd32b46cc1c924f675419fbc6d0fca0d84";"db341acaac977b4ed1716b1ff3a8cec068805691b55b5348f584d8d6bb02c26a";"7d7178150e2b91768f9ba95b86fb0aab84f02bf8";"314e65771523065a36f1e5781cc18977dbb0fbb2";"15840";"15840";"6cf3e47d3dc0943f8390837476f87f9f91e59f85e8a08c17810c6b21be90b61c"
"issue13-v5-diagnostic-module-bridge/1";"bridge-6709c161ad27065ae9120ea8";"_anomalies.csv";"zerodep_1";"wiodr13";"sea_countries";"abstract_labour.empe.s.mv";"after_country_aggregation";"5";"preserve_all_missing";"";"NA";"wiodr13_v1";"";"";"sea_countries.R";"aggregation.direct";"aggregation.direct";"replace";"run-20260823T223131248Z-b824cb4eb30f0f2c";"308b786a8df410f91df9011994ee1130e71588dd915523474577c72c4ba6a275";"b40861670fcf2549d09c48ac6dc13bc129cd132f80ba9bb51815292991a5afa0";"3b8b125761e2bcf7c6f0e5c7bef1aa00d26d5853d57883a0e0e98fd50b4b71e6";"cc2c86189a06676bcb9f0e05e08033d710a92509";"0cb1142cdadd74bf95272010f5393ebe2af79f47";"run-20260824T045318468Z-a3b5880b7691bc98";"d9ed7bc58195d15ae302280dacac4e485b379a26fb15ef1ccb889f3103544990";"b40861670fcf2549d09c48ac6dc13bc129cd132f80ba9bb51815292991a5afa0";"3b8b125761e2bcf7c6f0e5c7bef1aa00d26d5853d57883a0e0e98fd50b4b71e6";"7d7178150e2b91768f9ba95b86fb0aab84f02bf8";"314e65771523065a36f1e5781cc18977dbb0fbb2";"525";"525";"6709c161ad27065ae9120ea87f9f03f26ead9480c8660862498e43d62186e2cc"
"issue13-v5-diagnostic-module-bridge/1";"bridge-1604cfecde435530b472bfb1";"_anomalies.csv";"zerodep_1";"wiodr13";"sea_countries";"abstract_labour.empe.s.mv";"after_world_aggregation";"5";"aggregate_available";"";"NA";"wiodr13_v1";"";"";"sea_countries.R";"aggregation.direct";"aggregation.direct";"replace";"run-20260823T223131248Z-b824cb4eb30f0f2c";"308b786a8df410f91df9011994ee1130e71588dd915523474577c72c4ba6a275";"b40861670fcf2549d09c48ac6dc13bc129cd132f80ba9bb51815292991a5afa0";"3b8b125761e2bcf7c6f0e5c7bef1aa00d26d5853d57883a0e0e98fd50b4b71e6";"cc2c86189a06676bcb9f0e05e08033d710a92509";"0cb1142cdadd74bf95272010f5393ebe2af79f47";"run-20260824T045318468Z-a3b5880b7691bc98";"d9ed7bc58195d15ae302280dacac4e485b379a26fb15ef1ccb889f3103544990";"b40861670fcf2549d09c48ac6dc13bc129cd132f80ba9bb51815292991a5afa0";"3b8b125761e2bcf7c6f0e5c7bef1aa00d26d5853d57883a0e0e98fd50b4b71e6";"7d7178150e2b91768f9ba95b86fb0aab84f02bf8";"314e65771523065a36f1e5781cc18977dbb0fbb2";"15";"15";"1604cfecde435530b472bfb18bbd16311b44c2e2a152e9472c67221ad76c27d7"
"issue13-v5-diagnostic-module-bridge/1";"bridge-fa20e0062c19b5c5f0da0262";"_anomalies.csv";"zerodep_1";"wiodr13";"sea_countries";"appropriated_profit.r.pc";"after_country_module";"5";"mark_not_applicable";"";"Inf";"wiodr13_v1";"";"";"common/appropriated_profit.r.pc-country.R";"indicator.appropriated_profit.r.pc";"indicator.appropriated_profit.r.pc";"replace";"run-20260823T223131248Z-b824cb4eb30f0f2c";"308b786a8df410f91df9011994ee1130e71588dd915523474577c72c4ba6a275";"b40861670fcf2549d09c48ac6dc13bc129cd132f80ba9bb51815292991a5afa0";"3b8b125761e2bcf7c6f0e5c7bef1aa00d26d5853d57883a0e0e98fd50b4b71e6";"cc2c86189a06676bcb9f0e05e08033d710a92509";"0cb1142cdadd74bf95272010f5393ebe2af79f47";"run-20260824T045318468Z-a3b5880b7691bc98";"d9ed7bc58195d15ae302280dacac4e485b379a26fb15ef1ccb889f3103544990";"b40861670fcf2549d09c48ac6dc13bc129cd132f80ba9bb51815292991a5afa0";"3b8b125761e2bcf7c6f0e5c7bef1aa00d26d5853d57883a0e0e98fd50b4b71e6";"7d7178150e2b91768f9ba95b86fb0aab84f02bf8";"314e65771523065a36f1e5781cc18977dbb0fbb2";"30";"30";"fa20e0062c19b5c5f0da02628e8b0209fed63ec7aeffc2d6eb16e07559934419"
"issue13-v5-diagnostic-module-bridge/1";"bridge-129604d45a2cfe6d61c95a26";"_anomalies.csv";"zerodep_1";"wiodr13";"sea_countries";"compensation.emp.s.cu";"after_country_aggregation";"5";"preserve_all_missing";"";"NA";"wiodr13_v1";"";"";"sea_countries.R";"aggregation.direct";"aggregation.direct";"replace";"run-20260823T223131248Z-b824cb4eb30f0f2c";"308b786a8df410f91df9011994ee1130e71588dd915523474577c72c4ba6a275";"b40861670fcf2549d09c48ac6dc13bc129cd132f80ba9bb51815292991a5afa0";"3b8b125761e2bcf7c6f0e5c7bef1aa00d26d5853d57883a0e0e98fd50b4b71e6";"cc2c86189a06676bcb9f0e05e08033d710a92509";"0cb1142cdadd74bf95272010f5393ebe2af79f47";"run-20260824T045318468Z-a3b5880b7691bc98";"d9ed7bc58195d15ae302280dacac4e485b379a26fb15ef1ccb889f3103544990";"b40861670fcf2549d09c48ac6dc13bc129cd132f80ba9bb51815292991a5afa0";"3b8b125761e2bcf7c6f0e5c7bef1aa00d26d5853d57883a0e0e98fd50b4b71e6";"7d7178150e2b91768f9ba95b86fb0aab84f02bf8";"314e65771523065a36f1e5781cc18977dbb0fbb2";"525";"525";"129604d45a2cfe6d61c95a26b4ac22890e28b5b8789bd734aaac9d8c54f57d83"
"issue13-v5-diagnostic-module-bridge/1";"bridge-ff7944a8fd16172be22a8ebd";"_anomalies.csv";"zerodep_1";"wiodr13";"sea_countries";"compensation.emp.s.cu";"after_world_aggregation";"5";"aggregate_available";"";"NA";"wiodr13_v1";"";"";"sea_countries.R";"aggregation.direct";"aggregation.direct";"replace";"run-20260823T223131248Z-b824cb4eb30f0f2c";"308b786a8df410f91df9011994ee1130e71588dd915523474577c72c4ba6a275";"b40861670fcf2549d09c48ac6dc13bc129cd132f80ba9bb51815292991a5afa0";"3b8b125761e2bcf7c6f0e5c7bef1aa00d26d5853d57883a0e0e98fd50b4b71e6";"cc2c86189a06676bcb9f0e05e08033d710a92509";"0cb1142cdadd74bf95272010f5393ebe2af79f47";"run-20260824T045318468Z-a3b5880b7691bc98";"d9ed7bc58195d15ae302280dacac4e485b379a26fb15ef1ccb889f3103544990";"b40861670fcf2549d09c48ac6dc13bc129cd132f80ba9bb51815292991a5afa0";"3b8b125761e2bcf7c6f0e5c7bef1aa00d26d5853d57883a0e0e98fd50b4b71e6";"7d7178150e2b91768f9ba95b86fb0aab84f02bf8";"314e65771523065a36f1e5781cc18977dbb0fbb2";"15";"15";"ff7944a8fd16172be22a8ebd87febc4d21b3ffa4e8677f98f266e04a08a41b19"
"issue13-v5-diagnostic-module-bridge/1";"bridge-fb30c8acf5b085f8014378ea";"_anomalies.csv";"zerodep_1";"wiodr13";"sea_countries";"compensation.emp.s.us";"after_country_aggregation";"5";"preserve_all_missing";"";"NA";"wiodr13_v1";"";"";"sea_countries.R";"aggregation.direct";"aggregation.direct";"replace";"run-20260823T223131248Z-b824cb4eb30f0f2c";"308b786a8df410f91df9011994ee1130e71588dd915523474577c72c4ba6a275";"b40861670fcf2549d09c48ac6dc13bc129cd132f80ba9bb51815292991a5afa0";"3b8b125761e2bcf7c6f0e5c7bef1aa00d26d5853d57883a0e0e98fd50b4b71e6";"cc2c86189a06676bcb9f0e05e08033d710a92509";"0cb1142cdadd74bf95272010f5393ebe2af79f47";"run-20260824T045318468Z-a3b5880b7691bc98";"d9ed7bc58195d15ae302280dacac4e485b379a26fb15ef1ccb889f3103544990";"b40861670fcf2549d09c48ac6dc13bc129cd132f80ba9bb51815292991a5afa0";"3b8b125761e2bcf7c6f0e5c7bef1aa00d26d5853d57883a0e0e98fd50b4b71e6";"7d7178150e2b91768f9ba95b86fb0aab84f02bf8";"314e65771523065a36f1e5781cc18977dbb0fbb2";"525";"525";"fb30c8acf5b085f8014378ea7ed3c0a2eb127791641d3bca5a270df5e1ee7982"
"issue13-v5-diagnostic-module-bridge/1";"bridge-438b01223250095f7cc7e5c4";"_anomalies.csv";"zerodep_1";"wiodr13";"sea_countries";"compensation.emp.s.us";"after_world_aggregation";"5";"aggregate_available";"";"NA";"wiodr13_v1";"";"";"sea_countries.R";"aggregation.direct";"aggregation.direct";"replace";"run-20260823T223131248Z-b824cb4eb30f0f2c";"308b786a8df410f91df9011994ee1130e71588dd915523474577c72c4ba6a275";"b40861670fcf2549d09c48ac6dc13bc129cd132f80ba9bb51815292991a5afa0";"3b8b125761e2bcf7c6f0e5c7bef1aa00d26d5853d57883a0e0e98fd50b4b71e6";"cc2c86189a06676bcb9f0e05e08033d710a92509";"0cb1142cdadd74bf95272010f5393ebe2af79f47";"run-20260824T045318468Z-a3b5880b7691bc98";"d9ed7bc58195d15ae302280dacac4e485b379a26fb15ef1ccb889f3103544990";"b40861670fcf2549d09c48ac6dc13bc129cd132f80ba9bb51815292991a5afa0";"3b8b125761e2bcf7c6f0e5c7bef1aa00d26d5853d57883a0e0e98fd50b4b71e6";"7d7178150e2b91768f9ba95b86fb0aab84f02bf8";"314e65771523065a36f1e5781cc18977dbb0fbb2";"15";"15";"438b01223250095f7cc7e5c451de1468c9006b192ff3b6640368dd95d5b35a88"
"issue13-v5-diagnostic-module-bridge/1";"bridge-bd47191533c7e80393af1ce8";"_anomalies.csv";"zerodep_1";"wiodr13";"sea_countries";"compensation.empe.s.cu";"after_country_aggregation";"5";"preserve_all_missing";"";"NA";"wiodr13_v1";"";"";"sea_countries.R";"aggregation.direct";"aggregation.direct";"replace";"run-20260823T223131248Z-b824cb4eb30f0f2c";"308b786a8df410f91df9011994ee1130e71588dd915523474577c72c4ba6a275";"b40861670fcf2549d09c48ac6dc13bc129cd132f80ba9bb51815292991a5afa0";"3b8b125761e2bcf7c6f0e5c7bef1aa00d26d5853d57883a0e0e98fd50b4b71e6";"cc2c86189a06676bcb9f0e05e08033d710a92509";"0cb1142cdadd74bf95272010f5393ebe2af79f47";"run-20260824T045318468Z-a3b5880b7691bc98";"d9ed7bc58195d15ae302280dacac4e485b379a26fb15ef1ccb889f3103544990";"b40861670fcf2549d09c48ac6dc13bc129cd132f80ba9bb51815292991a5afa0";"3b8b125761e2bcf7c6f0e5c7bef1aa00d26d5853d57883a0e0e98fd50b4b71e6";"7d7178150e2b91768f9ba95b86fb0aab84f02bf8";"314e65771523065a36f1e5781cc18977dbb0fbb2";"525";"525";"bd47191533c7e80393af1ce8d0ff880690d05f6d9ad4045266586206b37241c1"
"issue13-v5-diagnostic-module-bridge/1";"bridge-3b7f4098db7f6376574ec6cc";"_anomalies.csv";"zerodep_1";"wiodr13";"sea_countries";"compensation.empe.s.cu";"after_world_aggregation";"5";"aggregate_available";"";"NA";"wiodr13_v1";"";"";"sea_countries.R";"aggregation.direct";"aggregation.direct";"replace";"run-20260823T223131248Z-b824cb4eb30f0f2c";"308b786a8df410f91df9011994ee1130e71588dd915523474577c72c4ba6a275";"b40861670fcf2549d09c48ac6dc13bc129cd132f80ba9bb51815292991a5afa0";"3b8b125761e2bcf7c6f0e5c7bef1aa00d26d5853d57883a0e0e98fd50b4b71e6";"cc2c86189a06676bcb9f0e05e08033d710a92509";"0cb1142cdadd74bf95272010f5393ebe2af79f47";"run-20260824T045318468Z-a3b5880b7691bc98";"d9ed7bc58195d15ae302280dacac4e485b379a26fb15ef1ccb889f3103544990";"b40861670fcf2549d09c48ac6dc13bc129cd132f80ba9bb51815292991a5afa0";"3b8b125761e2bcf7c6f0e5c7bef1aa00d26d5853d57883a0e0e98fd50b4b71e6";"7d7178150e2b91768f9ba95b86fb0aab84f02bf8";"314e65771523065a36f1e5781cc18977dbb0fbb2";"15";"15";"3b7f4098db7f6376574ec6cc240f416f2e01af1d6fcc5b386fcddd8cec5f8202"
"issue13-v5-diagnostic-module-bridge/1";"bridge-33c343a15fa0d14ee23e1705";"_anomalies.csv";"zerodep_1";"wiodr13";"sea_countries";"compensation.empe.s.us";"after_country_aggregation";"5";"preserve_all_missing";"";"NA";"wiodr13_v1";"";"";"sea_countries.R";"aggregation.direct";"aggregation.direct";"replace";"run-20260823T223131248Z-b824cb4eb30f0f2c";"308b786a8df410f91df9011994ee1130e71588dd915523474577c72c4ba6a275";"b40861670fcf2549d09c48ac6dc13bc129cd132f80ba9bb51815292991a5afa0";"3b8b125761e2bcf7c6f0e5c7bef1aa00d26d5853d57883a0e0e98fd50b4b71e6";"cc2c86189a06676bcb9f0e05e08033d710a92509";"0cb1142cdadd74bf95272010f5393ebe2af79f47";"run-20260824T045318468Z-a3b5880b7691bc98";"d9ed7bc58195d15ae302280dacac4e485b379a26fb15ef1ccb889f3103544990";"b40861670fcf2549d09c48ac6dc13bc129cd132f80ba9bb51815292991a5afa0";"3b8b125761e2bcf7c6f0e5c7bef1aa00d26d5853d57883a0e0e98fd50b4b71e6";"7d7178150e2b91768f9ba95b86fb0aab84f02bf8";"314e65771523065a36f1e5781cc18977dbb0fbb2";"525";"525";"33c343a15fa0d14ee23e1705822cc2bc3712313fd1fff7d3beebd0b235d779ff"
"issue13-v5-diagnostic-module-bridge/1";"bridge-31172bf8c8c4969c65024fba";"_anomalies.csv";"zerodep_1";"wiodr13";"sea_countries";"compensation.empe.s.us";"after_world_aggregation";"5";"aggregate_available";"";"NA";"wiodr13_v1";"";"";"sea_countries.R";"aggregation.direct";"aggregation.direct";"replace";"run-20260823T223131248Z-b824cb4eb30f0f2c";"308b786a8df410f91df9011994ee1130e71588dd915523474577c72c4ba6a275";"b40861670fcf2549d09c48ac6dc13bc129cd132f80ba9bb51815292991a5afa0";"3b8b125761e2bcf7c6f0e5c7bef1aa00d26d5853d57883a0e0e98fd50b4b71e6";"cc2c86189a06676bcb9f0e05e08033d710a92509";"0cb1142cdadd74bf95272010f5393ebe2af79f47";"run-20260824T045318468Z-a3b5880b7691bc98";"d9ed7bc58195d15ae302280dacac4e485b379a26fb15ef1ccb889f3103544990";"b40861670fcf2549d09c48ac6dc13bc129cd132f80ba9bb51815292991a5afa0";"3b8b125761e2bcf7c6f0e5c7bef1aa00d26d5853d57883a0e0e98fd50b4b71e6";"7d7178150e2b91768f9ba95b86fb0aab84f02bf8";"314e65771523065a36f1e5781cc18977dbb0fbb2";"15";"15";"31172bf8c8c4969c65024fba3ccb190935583d862fd84bc074e0633d8b8a6943"
"issue13-v5-diagnostic-module-bridge/1";"bridge-738ba77c6949f9d525558aef";"_anomalies.csv";"zerodep_1";"wiodr13";"sea_countries";"compensation.empe_hs.r.pc";"after_country_aggregation";"5";"preserve_all_missing";"";"NA";"wiodr13_v1";"";"";"sea_countries.R";"aggregation.direct";"aggregation.direct";"replace";"run-20260823T223131248Z-b824cb4eb30f0f2c";"308b786a8df410f91df9011994ee1130e71588dd915523474577c72c4ba6a275";"b40861670fcf2549d09c48ac6dc13bc129cd132f80ba9bb51815292991a5afa0";"3b8b125761e2bcf7c6f0e5c7bef1aa00d26d5853d57883a0e0e98fd50b4b71e6";"cc2c86189a06676bcb9f0e05e08033d710a92509";"0cb1142cdadd74bf95272010f5393ebe2af79f47";"run-20260824T045318468Z-a3b5880b7691bc98";"d9ed7bc58195d15ae302280dacac4e485b379a26fb15ef1ccb889f3103544990";"b40861670fcf2549d09c48ac6dc13bc129cd132f80ba9bb51815292991a5afa0";"3b8b125761e2bcf7c6f0e5c7bef1aa00d26d5853d57883a0e0e98fd50b4b71e6";"7d7178150e2b91768f9ba95b86fb0aab84f02bf8";"314e65771523065a36f1e5781cc18977dbb0fbb2";"525";"525";"738ba77c6949f9d525558aefff23816af8926f92eb2f63a5a37dc27b8dbc723a"
"issue13-v5-diagnostic-module-bridge/1";"bridge-d98177deb65b72799bfa804e";"_anomalies.csv";"zerodep_1";"wiodr13";"sea_countries";"compensation.empe_hs.r.pc";"after_world_aggregation";"5";"aggregate_available";"";"NA";"wiodr13_v1";"";"";"sea_countries.R";"aggregation.direct";"aggregation.direct";"replace";"run-20260823T223131248Z-b824cb4eb30f0f2c";"308b786a8df410f91df9011994ee1130e71588dd915523474577c72c4ba6a275";"b40861670fcf2549d09c48ac6dc13bc129cd132f80ba9bb51815292991a5afa0";"3b8b125761e2bcf7c6f0e5c7bef1aa00d26d5853d57883a0e0e98fd50b4b71e6";"cc2c86189a06676bcb9f0e05e08033d710a92509";"0cb1142cdadd74bf95272010f5393ebe2af79f47";"run-20260824T045318468Z-a3b5880b7691bc98";"d9ed7bc58195d15ae302280dacac4e485b379a26fb15ef1ccb889f3103544990";"b40861670fcf2549d09c48ac6dc13bc129cd132f80ba9bb51815292991a5afa0";"3b8b125761e2bcf7c6f0e5c7bef1aa00d26d5853d57883a0e0e98fd50b4b71e6";"7d7178150e2b91768f9ba95b86fb0aab84f02bf8";"314e65771523065a36f1e5781cc18977dbb0fbb2";"15";"15";"d98177deb65b72799bfa804e9159704a2d92439c4d5a93af273034bb93f1b9c1"
"issue13-v5-diagnostic-module-bridge/1";"bridge-38c2345dba10aeed94e185f4";"_anomalies.csv";"zerodep_1";"wiodr13";"sea_countries";"compensation.empe_ls.r.pc";"after_country_aggregation";"5";"preserve_all_missing";"";"NA";"wiodr13_v1";"";"";"sea_countries.R";"aggregation.direct";"aggregation.direct";"replace";"run-20260823T223131248Z-b824cb4eb30f0f2c";"308b786a8df410f91df9011994ee1130e71588dd915523474577c72c4ba6a275";"b40861670fcf2549d09c48ac6dc13bc129cd132f80ba9bb51815292991a5afa0";"3b8b125761e2bcf7c6f0e5c7bef1aa00d26d5853d57883a0e0e98fd50b4b71e6";"cc2c86189a06676bcb9f0e05e08033d710a92509";"0cb1142cdadd74bf95272010f5393ebe2af79f47";"run-20260824T045318468Z-a3b5880b7691bc98";"d9ed7bc58195d15ae302280dacac4e485b379a26fb15ef1ccb889f3103544990";"b40861670fcf2549d09c48ac6dc13bc129cd132f80ba9bb51815292991a5afa0";"3b8b125761e2bcf7c6f0e5c7bef1aa00d26d5853d57883a0e0e98fd50b4b71e6";"7d7178150e2b91768f9ba95b86fb0aab84f02bf8";"314e65771523065a36f1e5781cc18977dbb0fbb2";"525";"525";"38c2345dba10aeed94e185f43a4ec55c69ddc8cddee30cb36dd1186b7c68a86d"
"issue13-v5-diagnostic-module-bridge/1";"bridge-a2bab651ddf9a4c6e3f912f0";"_anomalies.csv";"zerodep_1";"wiodr13";"sea_countries";"compensation.empe_ls.r.pc";"after_world_aggregation";"5";"aggregate_available";"";"NA";"wiodr13_v1";"";"";"sea_countries.R";"aggregation.direct";"aggregation.direct";"replace";"run-20260823T223131248Z-b824cb4eb30f0f2c";"308b786a8df410f91df9011994ee1130e71588dd915523474577c72c4ba6a275";"b40861670fcf2549d09c48ac6dc13bc129cd132f80ba9bb51815292991a5afa0";"3b8b125761e2bcf7c6f0e5c7bef1aa00d26d5853d57883a0e0e98fd50b4b71e6";"cc2c86189a06676bcb9f0e05e08033d710a92509";"0cb1142cdadd74bf95272010f5393ebe2af79f47";"run-20260824T045318468Z-a3b5880b7691bc98";"d9ed7bc58195d15ae302280dacac4e485b379a26fb15ef1ccb889f3103544990";"b40861670fcf2549d09c48ac6dc13bc129cd132f80ba9bb51815292991a5afa0";"3b8b125761e2bcf7c6f0e5c7bef1aa00d26d5853d57883a0e0e98fd50b4b71e6";"7d7178150e2b91768f9ba95b86fb0aab84f02bf8";"314e65771523065a36f1e5781cc18977dbb0fbb2";"15";"15";"a2bab651ddf9a4c6e3f912f0ec94a0e26bb444bfcb7104104df866b7b9e63847"
"issue13-v5-diagnostic-module-bridge/1";"bridge-72ac73c75479b2e77472b8cc";"_anomalies.csv";"zerodep_1";"wiodr13";"sea_countries";"compensation.empe_ms.r.pc";"after_country_aggregation";"5";"preserve_all_missing";"";"NA";"wiodr13_v1";"";"";"sea_countries.R";"aggregation.direct";"aggregation.direct";"replace";"run-20260823T223131248Z-b824cb4eb30f0f2c";"308b786a8df410f91df9011994ee1130e71588dd915523474577c72c4ba6a275";"b40861670fcf2549d09c48ac6dc13bc129cd132f80ba9bb51815292991a5afa0";"3b8b125761e2bcf7c6f0e5c7bef1aa00d26d5853d57883a0e0e98fd50b4b71e6";"cc2c86189a06676bcb9f0e05e08033d710a92509";"0cb1142cdadd74bf95272010f5393ebe2af79f47";"run-20260824T045318468Z-a3b5880b7691bc98";"d9ed7bc58195d15ae302280dacac4e485b379a26fb15ef1ccb889f3103544990";"b40861670fcf2549d09c48ac6dc13bc129cd132f80ba9bb51815292991a5afa0";"3b8b125761e2bcf7c6f0e5c7bef1aa00d26d5853d57883a0e0e98fd50b4b71e6";"7d7178150e2b91768f9ba95b86fb0aab84f02bf8";"314e65771523065a36f1e5781cc18977dbb0fbb2";"525";"525";"72ac73c75479b2e77472b8cc234ab37367aa060d8fc37bd25cf6abc88edc8835"
"issue13-v5-diagnostic-module-bridge/1";"bridge-17777227350d9dc9e0f79cb5";"_anomalies.csv";"zerodep_1";"wiodr13";"sea_countries";"compensation.empe_ms.r.pc";"after_world_aggregation";"5";"aggregate_available";"";"NA";"wiodr13_v1";"";"";"sea_countries.R";"aggregation.direct";"aggregation.direct";"replace";"run-20260823T223131248Z-b824cb4eb30f0f2c";"308b786a8df410f91df9011994ee1130e71588dd915523474577c72c4ba6a275";"b40861670fcf2549d09c48ac6dc13bc129cd132f80ba9bb51815292991a5afa0";"3b8b125761e2bcf7c6f0e5c7bef1aa00d26d5853d57883a0e0e98fd50b4b71e6";"cc2c86189a06676bcb9f0e05e08033d710a92509";"0cb1142cdadd74bf95272010f5393ebe2af79f47";"run-20260824T045318468Z-a3b5880b7691bc98";"d9ed7bc58195d15ae302280dacac4e485b379a26fb15ef1ccb889f3103544990";"b40861670fcf2549d09c48ac6dc13bc129cd132f80ba9bb51815292991a5afa0";"3b8b125761e2bcf7c6f0e5c7bef1aa00d26d5853d57883a0e0e98fd50b4b71e6";"7d7178150e2b91768f9ba95b86fb0aab84f02bf8";"314e65771523065a36f1e5781cc18977dbb0fbb2";"15";"15";"17777227350d9dc9e0f79cb56b629784bbd32c6aeb0389f5ddabb07d88010bad"
"issue13-v5-diagnostic-module-bridge/1";"bridge-915f5ff984dd646d7c5d63f9";"_anomalies.csv";"zerodep_1";"wiodr13";"sea_countries";"empe.s.un";"after_country_aggregation";"5";"preserve_all_missing";"";"NA";"wiodr13_v1";"";"";"sea_countries.R";"aggregation.direct";"aggregation.direct";"replace";"run-20260823T223131248Z-b824cb4eb30f0f2c";"308b786a8df410f91df9011994ee1130e71588dd915523474577c72c4ba6a275";"b40861670fcf2549d09c48ac6dc13bc129cd132f80ba9bb51815292991a5afa0";"3b8b125761e2bcf7c6f0e5c7bef1aa00d26d5853d57883a0e0e98fd50b4b71e6";"cc2c86189a06676bcb9f0e05e08033d710a92509";"0cb1142cdadd74bf95272010f5393ebe2af79f47";"run-20260824T045318468Z-a3b5880b7691bc98";"d9ed7bc58195d15ae302280dacac4e485b379a26fb15ef1ccb889f3103544990";"b40861670fcf2549d09c48ac6dc13bc129cd132f80ba9bb51815292991a5afa0";"3b8b125761e2bcf7c6f0e5c7bef1aa00d26d5853d57883a0e0e98fd50b4b71e6";"7d7178150e2b91768f9ba95b86fb0aab84f02bf8";"314e65771523065a36f1e5781cc18977dbb0fbb2";"525";"525";"915f5ff984dd646d7c5d63f934073243ae742e666ebba39e0d58acfb95f27a11"
"issue13-v5-diagnostic-module-bridge/1";"bridge-59062658a16d4694d56e4d2c";"_anomalies.csv";"zerodep_1";"wiodr13";"sea_countries";"empe.s.un";"after_world_aggregation";"5";"aggregate_available";"";"NA";"wiodr13_v1";"";"";"sea_countries.R";"aggregation.direct";"aggregation.direct";"replace";"run-20260823T223131248Z-b824cb4eb30f0f2c";"308b786a8df410f91df9011994ee1130e71588dd915523474577c72c4ba6a275";"b40861670fcf2549d09c48ac6dc13bc129cd132f80ba9bb51815292991a5afa0";"3b8b125761e2bcf7c6f0e5c7bef1aa00d26d5853d57883a0e0e98fd50b4b71e6";"cc2c86189a06676bcb9f0e05e08033d710a92509";"0cb1142cdadd74bf95272010f5393ebe2af79f47";"run-20260824T045318468Z-a3b5880b7691bc98";"d9ed7bc58195d15ae302280dacac4e485b379a26fb15ef1ccb889f3103544990";"b40861670fcf2549d09c48ac6dc13bc129cd132f80ba9bb51815292991a5afa0";"3b8b125761e2bcf7c6f0e5c7bef1aa00d26d5853d57883a0e0e98fd50b4b71e6";"7d7178150e2b91768f9ba95b86fb0aab84f02bf8";"314e65771523065a36f1e5781cc18977dbb0fbb2";"15";"15";"59062658a16d4694d56e4d2cb9eefb3e1b5a5dbdbfb58a237c77f1af8a729075"
"issue13-v5-diagnostic-module-bridge/1";"bridge-c901db5c18910207d4b65547";"_anomalies.csv";"zerodep_1";"wiodr13";"sea_countries";"exchange.r.us";"after_country_aggregation";"5";"preserve_all_missing";"";"NA";"wiodr13_v1";"";"";"sea_countries.R";"aggregation.direct";"aggregation.direct";"replace";"run-20260823T223131248Z-b824cb4eb30f0f2c";"308b786a8df410f91df9011994ee1130e71588dd915523474577c72c4ba6a275";"b40861670fcf2549d09c48ac6dc13bc129cd132f80ba9bb51815292991a5afa0";"3b8b125761e2bcf7c6f0e5c7bef1aa00d26d5853d57883a0e0e98fd50b4b71e6";"cc2c86189a06676bcb9f0e05e08033d710a92509";"0cb1142cdadd74bf95272010f5393ebe2af79f47";"run-20260824T045318468Z-a3b5880b7691bc98";"d9ed7bc58195d15ae302280dacac4e485b379a26fb15ef1ccb889f3103544990";"b40861670fcf2549d09c48ac6dc13bc129cd132f80ba9bb51815292991a5afa0";"3b8b125761e2bcf7c6f0e5c7bef1aa00d26d5853d57883a0e0e98fd50b4b71e6";"7d7178150e2b91768f9ba95b86fb0aab84f02bf8";"314e65771523065a36f1e5781cc18977dbb0fbb2";"525";"525";"c901db5c18910207d4b6554737b7394f229ef6c76220671d1fd5408d484ce725"
"issue13-v5-diagnostic-module-bridge/1";"bridge-3da527fa5ad7c8069bdfad48";"_anomalies.csv";"zerodep_1";"wiodr13";"sea_countries";"exchange.r.us";"after_world_aggregation";"5";"aggregate_available";"";"NA";"wiodr13_v1";"";"";"sea_countries.R";"aggregation.direct";"aggregation.direct";"replace";"run-20260823T223131248Z-b824cb4eb30f0f2c";"308b786a8df410f91df9011994ee1130e71588dd915523474577c72c4ba6a275";"b40861670fcf2549d09c48ac6dc13bc129cd132f80ba9bb51815292991a5afa0";"3b8b125761e2bcf7c6f0e5c7bef1aa00d26d5853d57883a0e0e98fd50b4b71e6";"cc2c86189a06676bcb9f0e05e08033d710a92509";"0cb1142cdadd74bf95272010f5393ebe2af79f47";"run-20260824T045318468Z-a3b5880b7691bc98";"d9ed7bc58195d15ae302280dacac4e485b379a26fb15ef1ccb889f3103544990";"b40861670fcf2549d09c48ac6dc13bc129cd132f80ba9bb51815292991a5afa0";"3b8b125761e2bcf7c6f0e5c7bef1aa00d26d5853d57883a0e0e98fd50b4b71e6";"7d7178150e2b91768f9ba95b86fb0aab84f02bf8";"314e65771523065a36f1e5781cc18977dbb0fbb2";"15";"15";"3da527fa5ad7c8069bdfad486a188730d580ce6e834d1c1fc86d0f79e7a0172b"
"issue13-v5-diagnostic-module-bridge/1";"bridge-0b83af9d835c8bd827f810ba";"_anomalies.csv";"zerodep_1";"wiodr13";"sea_countries";"go_price.r.id";"after_country_aggregation";"5";"aggregate_available";"";"NA";"wiodr13_v1";"";"";"sea_countries.R";"aggregation.direct";"aggregation.direct";"replace";"run-20260823T223131248Z-b824cb4eb30f0f2c";"308b786a8df410f91df9011994ee1130e71588dd915523474577c72c4ba6a275";"b40861670fcf2549d09c48ac6dc13bc129cd132f80ba9bb51815292991a5afa0";"3b8b125761e2bcf7c6f0e5c7bef1aa00d26d5853d57883a0e0e98fd50b4b71e6";"cc2c86189a06676bcb9f0e05e08033d710a92509";"0cb1142cdadd74bf95272010f5393ebe2af79f47";"run-20260824T045318468Z-a3b5880b7691bc98";"d9ed7bc58195d15ae302280dacac4e485b379a26fb15ef1ccb889f3103544990";"b40861670fcf2549d09c48ac6dc13bc129cd132f80ba9bb51815292991a5afa0";"3b8b125761e2bcf7c6f0e5c7bef1aa00d26d5853d57883a0e0e98fd50b4b71e6";"7d7178150e2b91768f9ba95b86fb0aab84f02bf8";"314e65771523065a36f1e5781cc18977dbb0fbb2";"240";"240";"0b83af9d835c8bd827f810ba63c726b712e053797fe4c0f7faeee51b5465d5d4"
"issue13-v5-diagnostic-module-bridge/1";"bridge-d1be8ec2d4a1423992b0f025";"_anomalies.csv";"zerodep_1";"wiodr13";"sea_countries";"hours_worked.empe.s.hr";"after_country_aggregation";"5";"preserve_all_missing";"";"NA";"wiodr13_v1";"";"";"sea_countries.R";"aggregation.direct";"aggregation.direct";"replace";"run-20260823T223131248Z-b824cb4eb30f0f2c";"308b786a8df410f91df9011994ee1130e71588dd915523474577c72c4ba6a275";"b40861670fcf2549d09c48ac6dc13bc129cd132f80ba9bb51815292991a5afa0";"3b8b125761e2bcf7c6f0e5c7bef1aa00d26d5853d57883a0e0e98fd50b4b71e6";"cc2c86189a06676bcb9f0e05e08033d710a92509";"0cb1142cdadd74bf95272010f5393ebe2af79f47";"run-20260824T045318468Z-a3b5880b7691bc98";"d9ed7bc58195d15ae302280dacac4e485b379a26fb15ef1ccb889f3103544990";"b40861670fcf2549d09c48ac6dc13bc129cd132f80ba9bb51815292991a5afa0";"3b8b125761e2bcf7c6f0e5c7bef1aa00d26d5853d57883a0e0e98fd50b4b71e6";"7d7178150e2b91768f9ba95b86fb0aab84f02bf8";"314e65771523065a36f1e5781cc18977dbb0fbb2";"525";"525";"d1be8ec2d4a1423992b0f0250559c0462d64bc368706e975fa9b0d4a8e4d1dbd"
"issue13-v5-diagnostic-module-bridge/1";"bridge-f9b8e4281ef0f888642f4a6f";"_anomalies.csv";"zerodep_1";"wiodr13";"sea_countries";"hours_worked.empe.s.hr";"after_world_aggregation";"5";"aggregate_available";"";"NA";"wiodr13_v1";"";"";"sea_countries.R";"aggregation.direct";"aggregation.direct";"replace";"run-20260823T223131248Z-b824cb4eb30f0f2c";"308b786a8df410f91df9011994ee1130e71588dd915523474577c72c4ba6a275";"b40861670fcf2549d09c48ac6dc13bc129cd132f80ba9bb51815292991a5afa0";"3b8b125761e2bcf7c6f0e5c7bef1aa00d26d5853d57883a0e0e98fd50b4b71e6";"cc2c86189a06676bcb9f0e05e08033d710a92509";"0cb1142cdadd74bf95272010f5393ebe2af79f47";"run-20260824T045318468Z-a3b5880b7691bc98";"d9ed7bc58195d15ae302280dacac4e485b379a26fb15ef1ccb889f3103544990";"b40861670fcf2549d09c48ac6dc13bc129cd132f80ba9bb51815292991a5afa0";"3b8b125761e2bcf7c6f0e5c7bef1aa00d26d5853d57883a0e0e98fd50b4b71e6";"7d7178150e2b91768f9ba95b86fb0aab84f02bf8";"314e65771523065a36f1e5781cc18977dbb0fbb2";"15";"15";"f9b8e4281ef0f888642f4a6f5155946c15fcdbdf7a2c3256058f6494abd8d234"
"issue13-v5-diagnostic-module-bridge/1";"bridge-d8e5fd942f5c1bfc2c3d8e6b";"_anomalies.csv";"zerodep_1";"wiodr13";"sea_countries";"hours_worked.empe_hs.r.pc";"after_country_aggregation";"5";"preserve_all_missing";"";"NA";"wiodr13_v1";"";"";"sea_countries.R";"aggregation.direct";"aggregation.direct";"replace";"run-20260823T223131248Z-b824cb4eb30f0f2c";"308b786a8df410f91df9011994ee1130e71588dd915523474577c72c4ba6a275";"b40861670fcf2549d09c48ac6dc13bc129cd132f80ba9bb51815292991a5afa0";"3b8b125761e2bcf7c6f0e5c7bef1aa00d26d5853d57883a0e0e98fd50b4b71e6";"cc2c86189a06676bcb9f0e05e08033d710a92509";"0cb1142cdadd74bf95272010f5393ebe2af79f47";"run-20260824T045318468Z-a3b5880b7691bc98";"d9ed7bc58195d15ae302280dacac4e485b379a26fb15ef1ccb889f3103544990";"b40861670fcf2549d09c48ac6dc13bc129cd132f80ba9bb51815292991a5afa0";"3b8b125761e2bcf7c6f0e5c7bef1aa00d26d5853d57883a0e0e98fd50b4b71e6";"7d7178150e2b91768f9ba95b86fb0aab84f02bf8";"314e65771523065a36f1e5781cc18977dbb0fbb2";"525";"525";"d8e5fd942f5c1bfc2c3d8e6bd521e59d565344b148be5b1667cc5d0fcca03966"
"issue13-v5-diagnostic-module-bridge/1";"bridge-4b6ba92fb06b03566b4f7253";"_anomalies.csv";"zerodep_1";"wiodr13";"sea_countries";"hours_worked.empe_hs.r.pc";"after_world_aggregation";"5";"aggregate_available";"";"NA";"wiodr13_v1";"";"";"sea_countries.R";"aggregation.direct";"aggregation.direct";"replace";"run-20260823T223131248Z-b824cb4eb30f0f2c";"308b786a8df410f91df9011994ee1130e71588dd915523474577c72c4ba6a275";"b40861670fcf2549d09c48ac6dc13bc129cd132f80ba9bb51815292991a5afa0";"3b8b125761e2bcf7c6f0e5c7bef1aa00d26d5853d57883a0e0e98fd50b4b71e6";"cc2c86189a06676bcb9f0e05e08033d710a92509";"0cb1142cdadd74bf95272010f5393ebe2af79f47";"run-20260824T045318468Z-a3b5880b7691bc98";"d9ed7bc58195d15ae302280dacac4e485b379a26fb15ef1ccb889f3103544990";"b40861670fcf2549d09c48ac6dc13bc129cd132f80ba9bb51815292991a5afa0";"3b8b125761e2bcf7c6f0e5c7bef1aa00d26d5853d57883a0e0e98fd50b4b71e6";"7d7178150e2b91768f9ba95b86fb0aab84f02bf8";"314e65771523065a36f1e5781cc18977dbb0fbb2";"15";"15";"4b6ba92fb06b03566b4f72532576ebe97d31516649ea6573ce0b4a34b1972520"
"issue13-v5-diagnostic-module-bridge/1";"bridge-7414ca214ca7fe9a22adc3e2";"_anomalies.csv";"zerodep_1";"wiodr13";"sea_countries";"hours_worked.empe_ls.r.pc";"after_country_aggregation";"5";"preserve_all_missing";"";"NA";"wiodr13_v1";"";"";"sea_countries.R";"aggregation.direct";"aggregation.direct";"replace";"run-20260823T223131248Z-b824cb4eb30f0f2c";"308b786a8df410f91df9011994ee1130e71588dd915523474577c72c4ba6a275";"b40861670fcf2549d09c48ac6dc13bc129cd132f80ba9bb51815292991a5afa0";"3b8b125761e2bcf7c6f0e5c7bef1aa00d26d5853d57883a0e0e98fd50b4b71e6";"cc2c86189a06676bcb9f0e05e08033d710a92509";"0cb1142cdadd74bf95272010f5393ebe2af79f47";"run-20260824T045318468Z-a3b5880b7691bc98";"d9ed7bc58195d15ae302280dacac4e485b379a26fb15ef1ccb889f3103544990";"b40861670fcf2549d09c48ac6dc13bc129cd132f80ba9bb51815292991a5afa0";"3b8b125761e2bcf7c6f0e5c7bef1aa00d26d5853d57883a0e0e98fd50b4b71e6";"7d7178150e2b91768f9ba95b86fb0aab84f02bf8";"314e65771523065a36f1e5781cc18977dbb0fbb2";"525";"525";"7414ca214ca7fe9a22adc3e2d9b095bf8737b42dfab7a8df6f0f44d3ecf1dd71"
"issue13-v5-diagnostic-module-bridge/1";"bridge-4b7edab562bc2e31ad9f15c0";"_anomalies.csv";"zerodep_1";"wiodr13";"sea_countries";"hours_worked.empe_ls.r.pc";"after_world_aggregation";"5";"aggregate_available";"";"NA";"wiodr13_v1";"";"";"sea_countries.R";"aggregation.direct";"aggregation.direct";"replace";"run-20260823T223131248Z-b824cb4eb30f0f2c";"308b786a8df410f91df9011994ee1130e71588dd915523474577c72c4ba6a275";"b40861670fcf2549d09c48ac6dc13bc129cd132f80ba9bb51815292991a5afa0";"3b8b125761e2bcf7c6f0e5c7bef1aa00d26d5853d57883a0e0e98fd50b4b71e6";"cc2c86189a06676bcb9f0e05e08033d710a92509";"0cb1142cdadd74bf95272010f5393ebe2af79f47";"run-20260824T045318468Z-a3b5880b7691bc98";"d9ed7bc58195d15ae302280dacac4e485b379a26fb15ef1ccb889f3103544990";"b40861670fcf2549d09c48ac6dc13bc129cd132f80ba9bb51815292991a5afa0";"3b8b125761e2bcf7c6f0e5c7bef1aa00d26d5853d57883a0e0e98fd50b4b71e6";"7d7178150e2b91768f9ba95b86fb0aab84f02bf8";"314e65771523065a36f1e5781cc18977dbb0fbb2";"15";"15";"4b7edab562bc2e31ad9f15c0af751fddb8b4d87c9f6a84b45f99698659cabd7c"
"issue13-v5-diagnostic-module-bridge/1";"bridge-6b72d92c1a5ad968739f7377";"_anomalies.csv";"zerodep_1";"wiodr13";"sea_countries";"hours_worked.empe_ms.r.pc";"after_country_aggregation";"5";"preserve_all_missing";"";"NA";"wiodr13_v1";"";"";"sea_countries.R";"aggregation.direct";"aggregation.direct";"replace";"run-20260823T223131248Z-b824cb4eb30f0f2c";"308b786a8df410f91df9011994ee1130e71588dd915523474577c72c4ba6a275";"b40861670fcf2549d09c48ac6dc13bc129cd132f80ba9bb51815292991a5afa0";"3b8b125761e2bcf7c6f0e5c7bef1aa00d26d5853d57883a0e0e98fd50b4b71e6";"cc2c86189a06676bcb9f0e05e08033d710a92509";"0cb1142cdadd74bf95272010f5393ebe2af79f47";"run-20260824T045318468Z-a3b5880b7691bc98";"d9ed7bc58195d15ae302280dacac4e485b379a26fb15ef1ccb889f3103544990";"b40861670fcf2549d09c48ac6dc13bc129cd132f80ba9bb51815292991a5afa0";"3b8b125761e2bcf7c6f0e5c7bef1aa00d26d5853d57883a0e0e98fd50b4b71e6";"7d7178150e2b91768f9ba95b86fb0aab84f02bf8";"314e65771523065a36f1e5781cc18977dbb0fbb2";"525";"525";"6b72d92c1a5ad968739f7377bc8da5cd5b3f725f1b80f8fe5247e97937129bb8"
"issue13-v5-diagnostic-module-bridge/1";"bridge-d3148986c5c6b983f56b5532";"_anomalies.csv";"zerodep_1";"wiodr13";"sea_countries";"hours_worked.empe_ms.r.pc";"after_world_aggregation";"5";"aggregate_available";"";"NA";"wiodr13_v1";"";"";"sea_countries.R";"aggregation.direct";"aggregation.direct";"replace";"run-20260823T223131248Z-b824cb4eb30f0f2c";"308b786a8df410f91df9011994ee1130e71588dd915523474577c72c4ba6a275";"b40861670fcf2549d09c48ac6dc13bc129cd132f80ba9bb51815292991a5afa0";"3b8b125761e2bcf7c6f0e5c7bef1aa00d26d5853d57883a0e0e98fd50b4b71e6";"cc2c86189a06676bcb9f0e05e08033d710a92509";"0cb1142cdadd74bf95272010f5393ebe2af79f47";"run-20260824T045318468Z-a3b5880b7691bc98";"d9ed7bc58195d15ae302280dacac4e485b379a26fb15ef1ccb889f3103544990";"b40861670fcf2549d09c48ac6dc13bc129cd132f80ba9bb51815292991a5afa0";"3b8b125761e2bcf7c6f0e5c7bef1aa00d26d5853d57883a0e0e98fd50b4b71e6";"7d7178150e2b91768f9ba95b86fb0aab84f02bf8";"314e65771523065a36f1e5781cc18977dbb0fbb2";"15";"15";"d3148986c5c6b983f56b5532c9eef043cee5a0010830939e3d0b4e718ec6b04f"
"issue13-v5-diagnostic-module-bridge/1";"bridge-c88bcbec603f80814417b336";"_anomalies.csv";"zerodep_1";"wiodr13";"sea_countries";"labour_force_value.emp.s.mv";"after_country_aggregation";"5";"preserve_all_missing";"";"NA";"wiodr13_v1";"";"";"sea_countries.R";"aggregation.direct";"aggregation.direct";"replace";"run-20260823T223131248Z-b824cb4eb30f0f2c";"308b786a8df410f91df9011994ee1130e71588dd915523474577c72c4ba6a275";"b40861670fcf2549d09c48ac6dc13bc129cd132f80ba9bb51815292991a5afa0";"3b8b125761e2bcf7c6f0e5c7bef1aa00d26d5853d57883a0e0e98fd50b4b71e6";"cc2c86189a06676bcb9f0e05e08033d710a92509";"0cb1142cdadd74bf95272010f5393ebe2af79f47";"run-20260824T045318468Z-a3b5880b7691bc98";"d9ed7bc58195d15ae302280dacac4e485b379a26fb15ef1ccb889f3103544990";"b40861670fcf2549d09c48ac6dc13bc129cd132f80ba9bb51815292991a5afa0";"3b8b125761e2bcf7c6f0e5c7bef1aa00d26d5853d57883a0e0e98fd50b4b71e6";"7d7178150e2b91768f9ba95b86fb0aab84f02bf8";"314e65771523065a36f1e5781cc18977dbb0fbb2";"525";"525";"c88bcbec603f80814417b3369beba4d5a599b0d63a6bccb7dfb808955eaac2b2"
"issue13-v5-diagnostic-module-bridge/1";"bridge-5916e23e3d11eedcbf4172a5";"_anomalies.csv";"zerodep_1";"wiodr13";"sea_countries";"labour_force_value.emp.s.mv";"after_world_aggregation";"5";"aggregate_available";"";"NA";"wiodr13_v1";"";"";"sea_countries.R";"aggregation.direct";"aggregation.direct";"replace";"run-20260823T223131248Z-b824cb4eb30f0f2c";"308b786a8df410f91df9011994ee1130e71588dd915523474577c72c4ba6a275";"b40861670fcf2549d09c48ac6dc13bc129cd132f80ba9bb51815292991a5afa0";"3b8b125761e2bcf7c6f0e5c7bef1aa00d26d5853d57883a0e0e98fd50b4b71e6";"cc2c86189a06676bcb9f0e05e08033d710a92509";"0cb1142cdadd74bf95272010f5393ebe2af79f47";"run-20260824T045318468Z-a3b5880b7691bc98";"d9ed7bc58195d15ae302280dacac4e485b379a26fb15ef1ccb889f3103544990";"b40861670fcf2549d09c48ac6dc13bc129cd132f80ba9bb51815292991a5afa0";"3b8b125761e2bcf7c6f0e5c7bef1aa00d26d5853d57883a0e0e98fd50b4b71e6";"7d7178150e2b91768f9ba95b86fb0aab84f02bf8";"314e65771523065a36f1e5781cc18977dbb0fbb2";"15";"15";"5916e23e3d11eedcbf4172a52a173ac85b714c2d0b160bfb7d1dd67374070c29"
"issue13-v5-diagnostic-module-bridge/1";"bridge-f75a9f5ec89c0b660129b868";"_anomalies.csv";"zerodep_1";"wiodr13";"sea_countries";"labour_force_value.s.mv";"after_country_aggregation";"5";"preserve_all_missing";"";"NA";"wiodr13_v1";"";"";"sea_countries.R";"aggregation.direct";"aggregation.direct";"replace";"run-20260823T223131248Z-b824cb4eb30f0f2c";"308b786a8df410f91df9011994ee1130e71588dd915523474577c72c4ba6a275";"b40861670fcf2549d09c48ac6dc13bc129cd132f80ba9bb51815292991a5afa0";"3b8b125761e2bcf7c6f0e5c7bef1aa00d26d5853d57883a0e0e98fd50b4b71e6";"cc2c86189a06676bcb9f0e05e08033d710a92509";"0cb1142cdadd74bf95272010f5393ebe2af79f47";"run-20260824T045318468Z-a3b5880b7691bc98";"d9ed7bc58195d15ae302280dacac4e485b379a26fb15ef1ccb889f3103544990";"b40861670fcf2549d09c48ac6dc13bc129cd132f80ba9bb51815292991a5afa0";"3b8b125761e2bcf7c6f0e5c7bef1aa00d26d5853d57883a0e0e98fd50b4b71e6";"7d7178150e2b91768f9ba95b86fb0aab84f02bf8";"314e65771523065a36f1e5781cc18977dbb0fbb2";"525";"525";"f75a9f5ec89c0b660129b8685642a338dd9124972f44ed9d8b0f3e4411afbe8c"
"issue13-v5-diagnostic-module-bridge/1";"bridge-e5b43d91422b6a4db7361765";"_anomalies.csv";"zerodep_1";"wiodr13";"sea_countries";"labour_force_value.s.mv";"after_world_aggregation";"5";"aggregate_available";"";"NA";"wiodr13_v1";"";"";"sea_countries.R";"aggregation.direct";"aggregation.direct";"replace";"run-20260823T223131248Z-b824cb4eb30f0f2c";"308b786a8df410f91df9011994ee1130e71588dd915523474577c72c4ba6a275";"b40861670fcf2549d09c48ac6dc13bc129cd132f80ba9bb51815292991a5afa0";"3b8b125761e2bcf7c6f0e5c7bef1aa00d26d5853d57883a0e0e98fd50b4b71e6";"cc2c86189a06676bcb9f0e05e08033d710a92509";"0cb1142cdadd74bf95272010f5393ebe2af79f47";"run-20260824T045318468Z-a3b5880b7691bc98";"d9ed7bc58195d15ae302280dacac4e485b379a26fb15ef1ccb889f3103544990";"b40861670fcf2549d09c48ac6dc13bc129cd132f80ba9bb51815292991a5afa0";"3b8b125761e2bcf7c6f0e5c7bef1aa00d26d5853d57883a0e0e98fd50b4b71e6";"7d7178150e2b91768f9ba95b86fb0aab84f02bf8";"314e65771523065a36f1e5781cc18977dbb0fbb2";"15";"15";"e5b43d91422b6a4db7361765b6fe679e18773e41f0bc474c88433fa0f447feff"
"issue13-v5-diagnostic-module-bridge/1";"bridge-e5009da6170eba4819d7232f";"_anomalies.csv";"zerodep_1";"wiodr13";"sea_countries";"profit.s.us";"after_country_aggregation";"5";"preserve_all_missing";"";"NA";"wiodr13_v1";"";"";"sea_countries.R";"aggregation.direct";"aggregation.direct";"replace";"run-20260823T223131248Z-b824cb4eb30f0f2c";"308b786a8df410f91df9011994ee1130e71588dd915523474577c72c4ba6a275";"b40861670fcf2549d09c48ac6dc13bc129cd132f80ba9bb51815292991a5afa0";"3b8b125761e2bcf7c6f0e5c7bef1aa00d26d5853d57883a0e0e98fd50b4b71e6";"cc2c86189a06676bcb9f0e05e08033d710a92509";"0cb1142cdadd74bf95272010f5393ebe2af79f47";"run-20260824T045318468Z-a3b5880b7691bc98";"d9ed7bc58195d15ae302280dacac4e485b379a26fb15ef1ccb889f3103544990";"b40861670fcf2549d09c48ac6dc13bc129cd132f80ba9bb51815292991a5afa0";"3b8b125761e2bcf7c6f0e5c7bef1aa00d26d5853d57883a0e0e98fd50b4b71e6";"7d7178150e2b91768f9ba95b86fb0aab84f02bf8";"314e65771523065a36f1e5781cc18977dbb0fbb2";"525";"525";"e5009da6170eba4819d7232f2f6e4a136b00a777d4f8c0ee8496f28a061cdd45"
"issue13-v5-diagnostic-module-bridge/1";"bridge-830b4b0fdaea37b7dcd9b893";"_anomalies.csv";"zerodep_1";"wiodr13";"sea_countries";"profit.s.us";"after_world_aggregation";"5";"aggregate_available";"";"NA";"wiodr13_v1";"";"";"sea_countries.R";"aggregation.direct";"aggregation.direct";"replace";"run-20260823T223131248Z-b824cb4eb30f0f2c";"308b786a8df410f91df9011994ee1130e71588dd915523474577c72c4ba6a275";"b40861670fcf2549d09c48ac6dc13bc129cd132f80ba9bb51815292991a5afa0";"3b8b125761e2bcf7c6f0e5c7bef1aa00d26d5853d57883a0e0e98fd50b4b71e6";"cc2c86189a06676bcb9f0e05e08033d710a92509";"0cb1142cdadd74bf95272010f5393ebe2af79f47";"run-20260824T045318468Z-a3b5880b7691bc98";"d9ed7bc58195d15ae302280dacac4e485b379a26fb15ef1ccb889f3103544990";"b40861670fcf2549d09c48ac6dc13bc129cd132f80ba9bb51815292991a5afa0";"3b8b125761e2bcf7c6f0e5c7bef1aa00d26d5853d57883a0e0e98fd50b4b71e6";"7d7178150e2b91768f9ba95b86fb0aab84f02bf8";"314e65771523065a36f1e5781cc18977dbb0fbb2";"15";"15";"830b4b0fdaea37b7dcd9b893c3e153c17a302cbb989556088afd2286d82e6e00"
"issue13-v5-diagnostic-module-bridge/1";"bridge-e639be516d9d46d5bdf09033";"_anomalies.csv";"zerodep_1";"wiodr13";"sea_countries";"surplus_value.emp_p.r.pc.denominator";"after_country_module";"5";"aggregate_available";"";"NA";"wiodr13_v1";"";"";"common/surplus_value.emp_p.r.pc-country.R";"indicator.surplus_value.emp_p.r.pc";"indicator.surplus_value.emp_p.r.pc";"replace";"run-20260823T223131248Z-b824cb4eb30f0f2c";"308b786a8df410f91df9011994ee1130e71588dd915523474577c72c4ba6a275";"b40861670fcf2549d09c48ac6dc13bc129cd132f80ba9bb51815292991a5afa0";"3b8b125761e2bcf7c6f0e5c7bef1aa00d26d5853d57883a0e0e98fd50b4b71e6";"cc2c86189a06676bcb9f0e05e08033d710a92509";"0cb1142cdadd74bf95272010f5393ebe2af79f47";"run-20260824T045318468Z-a3b5880b7691bc98";"d9ed7bc58195d15ae302280dacac4e485b379a26fb15ef1ccb889f3103544990";"b40861670fcf2549d09c48ac6dc13bc129cd132f80ba9bb51815292991a5afa0";"3b8b125761e2bcf7c6f0e5c7bef1aa00d26d5853d57883a0e0e98fd50b4b71e6";"7d7178150e2b91768f9ba95b86fb0aab84f02bf8";"314e65771523065a36f1e5781cc18977dbb0fbb2";"525";"525";"e639be516d9d46d5bdf09033d7e79fc83f2dcb10d139b89bc21306e48ca5f15f"
"issue13-v5-diagnostic-module-bridge/1";"bridge-c8fd828806e173135c2fa3e6";"_anomalies.csv";"zerodep_1";"wiodr13";"sea_countries";"surplus_value.emp_p.r.pc.denominator";"after_country_module";"5";"preserve_all_missing";"";"NA";"wiodr13_v1";"";"";"common/surplus_value.emp_p.r.pc-country.R";"indicator.surplus_value.emp_p.r.pc";"indicator.surplus_value.emp_p.r.pc";"replace";"run-20260823T223131248Z-b824cb4eb30f0f2c";"308b786a8df410f91df9011994ee1130e71588dd915523474577c72c4ba6a275";"b40861670fcf2549d09c48ac6dc13bc129cd132f80ba9bb51815292991a5afa0";"3b8b125761e2bcf7c6f0e5c7bef1aa00d26d5853d57883a0e0e98fd50b4b71e6";"cc2c86189a06676bcb9f0e05e08033d710a92509";"0cb1142cdadd74bf95272010f5393ebe2af79f47";"run-20260824T045318468Z-a3b5880b7691bc98";"d9ed7bc58195d15ae302280dacac4e485b379a26fb15ef1ccb889f3103544990";"b40861670fcf2549d09c48ac6dc13bc129cd132f80ba9bb51815292991a5afa0";"3b8b125761e2bcf7c6f0e5c7bef1aa00d26d5853d57883a0e0e98fd50b4b71e6";"7d7178150e2b91768f9ba95b86fb0aab84f02bf8";"314e65771523065a36f1e5781cc18977dbb0fbb2";"525";"525";"c8fd828806e173135c2fa3e6fa44faca54274b99425eaab2450e1430b23b72a2"
"issue13-v5-diagnostic-module-bridge/1";"bridge-100ba8268f785282775c56ea";"_anomalies.csv";"zerodep_1";"wiodr13";"sea_countries";"surplus_value.emp_p.r.pc.numerator";"after_country_module";"5";"aggregate_available";"";"NA";"wiodr13_v1";"";"";"common/surplus_value.emp_p.r.pc-country.R";"indicator.surplus_value.emp_p.r.pc";"indicator.surplus_value.emp_p.r.pc";"replace";"run-20260823T223131248Z-b824cb4eb30f0f2c";"308b786a8df410f91df9011994ee1130e71588dd915523474577c72c4ba6a275";"b40861670fcf2549d09c48ac6dc13bc129cd132f80ba9bb51815292991a5afa0";"3b8b125761e2bcf7c6f0e5c7bef1aa00d26d5853d57883a0e0e98fd50b4b71e6";"cc2c86189a06676bcb9f0e05e08033d710a92509";"0cb1142cdadd74bf95272010f5393ebe2af79f47";"run-20260824T045318468Z-a3b5880b7691bc98";"d9ed7bc58195d15ae302280dacac4e485b379a26fb15ef1ccb889f3103544990";"b40861670fcf2549d09c48ac6dc13bc129cd132f80ba9bb51815292991a5afa0";"3b8b125761e2bcf7c6f0e5c7bef1aa00d26d5853d57883a0e0e98fd50b4b71e6";"7d7178150e2b91768f9ba95b86fb0aab84f02bf8";"314e65771523065a36f1e5781cc18977dbb0fbb2";"525";"525";"100ba8268f785282775c56eaef40f13dac735ad911656a9e41d7237da66070e6"
"issue13-v5-diagnostic-module-bridge/1";"bridge-08c8377f65a3ebafcd5b3f63";"_anomalies.csv";"zerodep_1";"wiodr13";"sea_countries";"surplus_value.emp_p.r.pc.numerator";"after_country_module";"5";"preserve_all_missing";"";"NA";"wiodr13_v1";"";"";"common/surplus_value.emp_p.r.pc-country.R";"indicator.surplus_value.emp_p.r.pc";"indicator.surplus_value.emp_p.r.pc";"replace";"run-20260823T223131248Z-b824cb4eb30f0f2c";"308b786a8df410f91df9011994ee1130e71588dd915523474577c72c4ba6a275";"b40861670fcf2549d09c48ac6dc13bc129cd132f80ba9bb51815292991a5afa0";"3b8b125761e2bcf7c6f0e5c7bef1aa00d26d5853d57883a0e0e98fd50b4b71e6";"cc2c86189a06676bcb9f0e05e08033d710a92509";"0cb1142cdadd74bf95272010f5393ebe2af79f47";"run-20260824T045318468Z-a3b5880b7691bc98";"d9ed7bc58195d15ae302280dacac4e485b379a26fb15ef1ccb889f3103544990";"b40861670fcf2549d09c48ac6dc13bc129cd132f80ba9bb51815292991a5afa0";"3b8b125761e2bcf7c6f0e5c7bef1aa00d26d5853d57883a0e0e98fd50b4b71e6";"7d7178150e2b91768f9ba95b86fb0aab84f02bf8";"314e65771523065a36f1e5781cc18977dbb0fbb2";"525";"525";"08c8377f65a3ebafcd5b3f63cb5a151a9fee51d46e79a9320e67bc0ad8e51b7b"
"issue13-v5-diagnostic-module-bridge/1";"bridge-4e7448b6380b2617d93fd60b";"_anomalies.csv";"zerodep_1";"wiodr13";"sea_countries";"surplus_value.empe_hs.r.pc.denominator";"after_country_module";"5";"aggregate_available";"";"NA";"wiodr13_v1";"";"";"wiodr13/surplus_value.empe_hs.r.pc-country.R";"indicator.surplus_value.empe_hs.r.pc";"indicator.surplus_value.empe_hs.r.pc";"replace";"run-20260823T223131248Z-b824cb4eb30f0f2c";"308b786a8df410f91df9011994ee1130e71588dd915523474577c72c4ba6a275";"b40861670fcf2549d09c48ac6dc13bc129cd132f80ba9bb51815292991a5afa0";"3b8b125761e2bcf7c6f0e5c7bef1aa00d26d5853d57883a0e0e98fd50b4b71e6";"cc2c86189a06676bcb9f0e05e08033d710a92509";"0cb1142cdadd74bf95272010f5393ebe2af79f47";"run-20260824T045318468Z-a3b5880b7691bc98";"d9ed7bc58195d15ae302280dacac4e485b379a26fb15ef1ccb889f3103544990";"b40861670fcf2549d09c48ac6dc13bc129cd132f80ba9bb51815292991a5afa0";"3b8b125761e2bcf7c6f0e5c7bef1aa00d26d5853d57883a0e0e98fd50b4b71e6";"7d7178150e2b91768f9ba95b86fb0aab84f02bf8";"314e65771523065a36f1e5781cc18977dbb0fbb2";"525";"525";"4e7448b6380b2617d93fd60ba3e5964f400bf84673bf3926b56c7b44f0a6f777"
"issue13-v5-diagnostic-module-bridge/1";"bridge-fcd241dd4d5e9304599865cb";"_anomalies.csv";"zerodep_1";"wiodr13";"sea_countries";"surplus_value.empe_hs.r.pc.denominator";"after_country_module";"5";"preserve_all_missing";"";"NA";"wiodr13_v1";"";"";"wiodr13/surplus_value.empe_hs.r.pc-country.R";"indicator.surplus_value.empe_hs.r.pc";"indicator.surplus_value.empe_hs.r.pc";"replace";"run-20260823T223131248Z-b824cb4eb30f0f2c";"308b786a8df410f91df9011994ee1130e71588dd915523474577c72c4ba6a275";"b40861670fcf2549d09c48ac6dc13bc129cd132f80ba9bb51815292991a5afa0";"3b8b125761e2bcf7c6f0e5c7bef1aa00d26d5853d57883a0e0e98fd50b4b71e6";"cc2c86189a06676bcb9f0e05e08033d710a92509";"0cb1142cdadd74bf95272010f5393ebe2af79f47";"run-20260824T045318468Z-a3b5880b7691bc98";"d9ed7bc58195d15ae302280dacac4e485b379a26fb15ef1ccb889f3103544990";"b40861670fcf2549d09c48ac6dc13bc129cd132f80ba9bb51815292991a5afa0";"3b8b125761e2bcf7c6f0e5c7bef1aa00d26d5853d57883a0e0e98fd50b4b71e6";"7d7178150e2b91768f9ba95b86fb0aab84f02bf8";"314e65771523065a36f1e5781cc18977dbb0fbb2";"525";"525";"fcd241dd4d5e9304599865cb967f3e7289e3cc06447349c462e4abcee1dc25f5"
"issue13-v5-diagnostic-module-bridge/1";"bridge-4f7f4404c259d59cb39b6dc1";"_anomalies.csv";"zerodep_1";"wiodr13";"sea_countries";"surplus_value.empe_hs.r.pc.numerator";"after_country_module";"5";"aggregate_available";"";"NA";"wiodr13_v1";"";"";"wiodr13/surplus_value.empe_hs.r.pc-country.R";"indicator.surplus_value.empe_hs.r.pc";"indicator.surplus_value.empe_hs.r.pc";"replace";"run-20260823T223131248Z-b824cb4eb30f0f2c";"308b786a8df410f91df9011994ee1130e71588dd915523474577c72c4ba6a275";"b40861670fcf2549d09c48ac6dc13bc129cd132f80ba9bb51815292991a5afa0";"3b8b125761e2bcf7c6f0e5c7bef1aa00d26d5853d57883a0e0e98fd50b4b71e6";"cc2c86189a06676bcb9f0e05e08033d710a92509";"0cb1142cdadd74bf95272010f5393ebe2af79f47";"run-20260824T045318468Z-a3b5880b7691bc98";"d9ed7bc58195d15ae302280dacac4e485b379a26fb15ef1ccb889f3103544990";"b40861670fcf2549d09c48ac6dc13bc129cd132f80ba9bb51815292991a5afa0";"3b8b125761e2bcf7c6f0e5c7bef1aa00d26d5853d57883a0e0e98fd50b4b71e6";"7d7178150e2b91768f9ba95b86fb0aab84f02bf8";"314e65771523065a36f1e5781cc18977dbb0fbb2";"525";"525";"4f7f4404c259d59cb39b6dc1bd0cf9719a3aa7ae648f0f12509f65d6c293a52e"
"issue13-v5-diagnostic-module-bridge/1";"bridge-25a5da71106f63c5906d6322";"_anomalies.csv";"zerodep_1";"wiodr13";"sea_countries";"surplus_value.empe_hs.r.pc.numerator";"after_country_module";"5";"preserve_all_missing";"";"NA";"wiodr13_v1";"";"";"wiodr13/surplus_value.empe_hs.r.pc-country.R";"indicator.surplus_value.empe_hs.r.pc";"indicator.surplus_value.empe_hs.r.pc";"replace";"run-20260823T223131248Z-b824cb4eb30f0f2c";"308b786a8df410f91df9011994ee1130e71588dd915523474577c72c4ba6a275";"b40861670fcf2549d09c48ac6dc13bc129cd132f80ba9bb51815292991a5afa0";"3b8b125761e2bcf7c6f0e5c7bef1aa00d26d5853d57883a0e0e98fd50b4b71e6";"cc2c86189a06676bcb9f0e05e08033d710a92509";"0cb1142cdadd74bf95272010f5393ebe2af79f47";"run-20260824T045318468Z-a3b5880b7691bc98";"d9ed7bc58195d15ae302280dacac4e485b379a26fb15ef1ccb889f3103544990";"b40861670fcf2549d09c48ac6dc13bc129cd132f80ba9bb51815292991a5afa0";"3b8b125761e2bcf7c6f0e5c7bef1aa00d26d5853d57883a0e0e98fd50b4b71e6";"7d7178150e2b91768f9ba95b86fb0aab84f02bf8";"314e65771523065a36f1e5781cc18977dbb0fbb2";"525";"525";"25a5da71106f63c5906d6322581fc5a5301d4fef0d9d59ad605f2d7698e012c7"
"issue13-v5-diagnostic-module-bridge/1";"bridge-4ebf9d1dc979f617cdfd0f3d";"_anomalies.csv";"zerodep_1";"wiodr13";"sea_countries";"surplus_value.empe_ls.r.pc.denominator";"after_country_module";"5";"aggregate_available";"";"NA";"wiodr13_v1";"";"";"wiodr13/surplus_value.empe_ls.r.pc-country.R";"indicator.surplus_value.empe_ls.r.pc";"indicator.surplus_value.empe_ls.r.pc";"replace";"run-20260823T223131248Z-b824cb4eb30f0f2c";"308b786a8df410f91df9011994ee1130e71588dd915523474577c72c4ba6a275";"b40861670fcf2549d09c48ac6dc13bc129cd132f80ba9bb51815292991a5afa0";"3b8b125761e2bcf7c6f0e5c7bef1aa00d26d5853d57883a0e0e98fd50b4b71e6";"cc2c86189a06676bcb9f0e05e08033d710a92509";"0cb1142cdadd74bf95272010f5393ebe2af79f47";"run-20260824T045318468Z-a3b5880b7691bc98";"d9ed7bc58195d15ae302280dacac4e485b379a26fb15ef1ccb889f3103544990";"b40861670fcf2549d09c48ac6dc13bc129cd132f80ba9bb51815292991a5afa0";"3b8b125761e2bcf7c6f0e5c7bef1aa00d26d5853d57883a0e0e98fd50b4b71e6";"7d7178150e2b91768f9ba95b86fb0aab84f02bf8";"314e65771523065a36f1e5781cc18977dbb0fbb2";"525";"525";"4ebf9d1dc979f617cdfd0f3d33e740382ca2794ca672225b6271bbace72fa509"
"issue13-v5-diagnostic-module-bridge/1";"bridge-a02454196bc71a0dbf14a04e";"_anomalies.csv";"zerodep_1";"wiodr13";"sea_countries";"surplus_value.empe_ls.r.pc.denominator";"after_country_module";"5";"preserve_all_missing";"";"NA";"wiodr13_v1";"";"";"wiodr13/surplus_value.empe_ls.r.pc-country.R";"indicator.surplus_value.empe_ls.r.pc";"indicator.surplus_value.empe_ls.r.pc";"replace";"run-20260823T223131248Z-b824cb4eb30f0f2c";"308b786a8df410f91df9011994ee1130e71588dd915523474577c72c4ba6a275";"b40861670fcf2549d09c48ac6dc13bc129cd132f80ba9bb51815292991a5afa0";"3b8b125761e2bcf7c6f0e5c7bef1aa00d26d5853d57883a0e0e98fd50b4b71e6";"cc2c86189a06676bcb9f0e05e08033d710a92509";"0cb1142cdadd74bf95272010f5393ebe2af79f47";"run-20260824T045318468Z-a3b5880b7691bc98";"d9ed7bc58195d15ae302280dacac4e485b379a26fb15ef1ccb889f3103544990";"b40861670fcf2549d09c48ac6dc13bc129cd132f80ba9bb51815292991a5afa0";"3b8b125761e2bcf7c6f0e5c7bef1aa00d26d5853d57883a0e0e98fd50b4b71e6";"7d7178150e2b91768f9ba95b86fb0aab84f02bf8";"314e65771523065a36f1e5781cc18977dbb0fbb2";"525";"525";"a02454196bc71a0dbf14a04e1a5f827101e7390652e9e33da803edf35f632df1"
"issue13-v5-diagnostic-module-bridge/1";"bridge-c0077497182f3870c2b9f1d1";"_anomalies.csv";"zerodep_1";"wiodr13";"sea_countries";"surplus_value.empe_ls.r.pc.numerator";"after_country_module";"5";"aggregate_available";"";"NA";"wiodr13_v1";"";"";"wiodr13/surplus_value.empe_ls.r.pc-country.R";"indicator.surplus_value.empe_ls.r.pc";"indicator.surplus_value.empe_ls.r.pc";"replace";"run-20260823T223131248Z-b824cb4eb30f0f2c";"308b786a8df410f91df9011994ee1130e71588dd915523474577c72c4ba6a275";"b40861670fcf2549d09c48ac6dc13bc129cd132f80ba9bb51815292991a5afa0";"3b8b125761e2bcf7c6f0e5c7bef1aa00d26d5853d57883a0e0e98fd50b4b71e6";"cc2c86189a06676bcb9f0e05e08033d710a92509";"0cb1142cdadd74bf95272010f5393ebe2af79f47";"run-20260824T045318468Z-a3b5880b7691bc98";"d9ed7bc58195d15ae302280dacac4e485b379a26fb15ef1ccb889f3103544990";"b40861670fcf2549d09c48ac6dc13bc129cd132f80ba9bb51815292991a5afa0";"3b8b125761e2bcf7c6f0e5c7bef1aa00d26d5853d57883a0e0e98fd50b4b71e6";"7d7178150e2b91768f9ba95b86fb0aab84f02bf8";"314e65771523065a36f1e5781cc18977dbb0fbb2";"525";"525";"c0077497182f3870c2b9f1d1949a77b4fd1b12f744c57d3bdf662c66459c1cb2"
"issue13-v5-diagnostic-module-bridge/1";"bridge-a3701fb57f642fc4f6110126";"_anomalies.csv";"zerodep_1";"wiodr13";"sea_countries";"surplus_value.empe_ls.r.pc.numerator";"after_country_module";"5";"preserve_all_missing";"";"NA";"wiodr13_v1";"";"";"wiodr13/surplus_value.empe_ls.r.pc-country.R";"indicator.surplus_value.empe_ls.r.pc";"indicator.surplus_value.empe_ls.r.pc";"replace";"run-20260823T223131248Z-b824cb4eb30f0f2c";"308b786a8df410f91df9011994ee1130e71588dd915523474577c72c4ba6a275";"b40861670fcf2549d09c48ac6dc13bc129cd132f80ba9bb51815292991a5afa0";"3b8b125761e2bcf7c6f0e5c7bef1aa00d26d5853d57883a0e0e98fd50b4b71e6";"cc2c86189a06676bcb9f0e05e08033d710a92509";"0cb1142cdadd74bf95272010f5393ebe2af79f47";"run-20260824T045318468Z-a3b5880b7691bc98";"d9ed7bc58195d15ae302280dacac4e485b379a26fb15ef1ccb889f3103544990";"b40861670fcf2549d09c48ac6dc13bc129cd132f80ba9bb51815292991a5afa0";"3b8b125761e2bcf7c6f0e5c7bef1aa00d26d5853d57883a0e0e98fd50b4b71e6";"7d7178150e2b91768f9ba95b86fb0aab84f02bf8";"314e65771523065a36f1e5781cc18977dbb0fbb2";"525";"525";"a3701fb57f642fc4f6110126183fbbf1c8efd8ee395a64fdacabaaa0c9185b75"
"issue13-v5-diagnostic-module-bridge/1";"bridge-3b53051252b6a02cdcbe398b";"_anomalies.csv";"zerodep_1";"wiodr13";"sea_countries";"surplus_value.empe_ms.r.pc.denominator";"after_country_module";"5";"aggregate_available";"";"NA";"wiodr13_v1";"";"";"wiodr13/surplus_value.empe_ms.r.pc-country.R";"indicator.surplus_value.empe_ms.r.pc";"indicator.surplus_value.empe_ms.r.pc";"replace";"run-20260823T223131248Z-b824cb4eb30f0f2c";"308b786a8df410f91df9011994ee1130e71588dd915523474577c72c4ba6a275";"b40861670fcf2549d09c48ac6dc13bc129cd132f80ba9bb51815292991a5afa0";"3b8b125761e2bcf7c6f0e5c7bef1aa00d26d5853d57883a0e0e98fd50b4b71e6";"cc2c86189a06676bcb9f0e05e08033d710a92509";"0cb1142cdadd74bf95272010f5393ebe2af79f47";"run-20260824T045318468Z-a3b5880b7691bc98";"d9ed7bc58195d15ae302280dacac4e485b379a26fb15ef1ccb889f3103544990";"b40861670fcf2549d09c48ac6dc13bc129cd132f80ba9bb51815292991a5afa0";"3b8b125761e2bcf7c6f0e5c7bef1aa00d26d5853d57883a0e0e98fd50b4b71e6";"7d7178150e2b91768f9ba95b86fb0aab84f02bf8";"314e65771523065a36f1e5781cc18977dbb0fbb2";"525";"525";"3b53051252b6a02cdcbe398b40292be62504250cddc52eec5a9455e454f9ac50"
"issue13-v5-diagnostic-module-bridge/1";"bridge-b501f029e0dfd3ba8eaf6570";"_anomalies.csv";"zerodep_1";"wiodr13";"sea_countries";"surplus_value.empe_ms.r.pc.denominator";"after_country_module";"5";"preserve_all_missing";"";"NA";"wiodr13_v1";"";"";"wiodr13/surplus_value.empe_ms.r.pc-country.R";"indicator.surplus_value.empe_ms.r.pc";"indicator.surplus_value.empe_ms.r.pc";"replace";"run-20260823T223131248Z-b824cb4eb30f0f2c";"308b786a8df410f91df9011994ee1130e71588dd915523474577c72c4ba6a275";"b40861670fcf2549d09c48ac6dc13bc129cd132f80ba9bb51815292991a5afa0";"3b8b125761e2bcf7c6f0e5c7bef1aa00d26d5853d57883a0e0e98fd50b4b71e6";"cc2c86189a06676bcb9f0e05e08033d710a92509";"0cb1142cdadd74bf95272010f5393ebe2af79f47";"run-20260824T045318468Z-a3b5880b7691bc98";"d9ed7bc58195d15ae302280dacac4e485b379a26fb15ef1ccb889f3103544990";"b40861670fcf2549d09c48ac6dc13bc129cd132f80ba9bb51815292991a5afa0";"3b8b125761e2bcf7c6f0e5c7bef1aa00d26d5853d57883a0e0e98fd50b4b71e6";"7d7178150e2b91768f9ba95b86fb0aab84f02bf8";"314e65771523065a36f1e5781cc18977dbb0fbb2";"525";"525";"b501f029e0dfd3ba8eaf6570bf72cd39b328d401b9ba2a61735e20bfd1d8f316"
"issue13-v5-diagnostic-module-bridge/1";"bridge-c6e437f314e300c2c4bc7650";"_anomalies.csv";"zerodep_1";"wiodr13";"sea_countries";"surplus_value.empe_ms.r.pc.numerator";"after_country_module";"5";"aggregate_available";"";"NA";"wiodr13_v1";"";"";"wiodr13/surplus_value.empe_ms.r.pc-country.R";"indicator.surplus_value.empe_ms.r.pc";"indicator.surplus_value.empe_ms.r.pc";"replace";"run-20260823T223131248Z-b824cb4eb30f0f2c";"308b786a8df410f91df9011994ee1130e71588dd915523474577c72c4ba6a275";"b40861670fcf2549d09c48ac6dc13bc129cd132f80ba9bb51815292991a5afa0";"3b8b125761e2bcf7c6f0e5c7bef1aa00d26d5853d57883a0e0e98fd50b4b71e6";"cc2c86189a06676bcb9f0e05e08033d710a92509";"0cb1142cdadd74bf95272010f5393ebe2af79f47";"run-20260824T045318468Z-a3b5880b7691bc98";"d9ed7bc58195d15ae302280dacac4e485b379a26fb15ef1ccb889f3103544990";"b40861670fcf2549d09c48ac6dc13bc129cd132f80ba9bb51815292991a5afa0";"3b8b125761e2bcf7c6f0e5c7bef1aa00d26d5853d57883a0e0e98fd50b4b71e6";"7d7178150e2b91768f9ba95b86fb0aab84f02bf8";"314e65771523065a36f1e5781cc18977dbb0fbb2";"525";"525";"c6e437f314e300c2c4bc7650f4b44235a79dd20a28c95bb3f8531aefea8e6046"
"issue13-v5-diagnostic-module-bridge/1";"bridge-65316690039e07d62226e795";"_anomalies.csv";"zerodep_1";"wiodr13";"sea_countries";"surplus_value.empe_ms.r.pc.numerator";"after_country_module";"5";"preserve_all_missing";"";"NA";"wiodr13_v1";"";"";"wiodr13/surplus_value.empe_ms.r.pc-country.R";"indicator.surplus_value.empe_ms.r.pc";"indicator.surplus_value.empe_ms.r.pc";"replace";"run-20260823T223131248Z-b824cb4eb30f0f2c";"308b786a8df410f91df9011994ee1130e71588dd915523474577c72c4ba6a275";"b40861670fcf2549d09c48ac6dc13bc129cd132f80ba9bb51815292991a5afa0";"3b8b125761e2bcf7c6f0e5c7bef1aa00d26d5853d57883a0e0e98fd50b4b71e6";"cc2c86189a06676bcb9f0e05e08033d710a92509";"0cb1142cdadd74bf95272010f5393ebe2af79f47";"run-20260824T045318468Z-a3b5880b7691bc98";"d9ed7bc58195d15ae302280dacac4e485b379a26fb15ef1ccb889f3103544990";"b40861670fcf2549d09c48ac6dc13bc129cd132f80ba9bb51815292991a5afa0";"3b8b125761e2bcf7c6f0e5c7bef1aa00d26d5853d57883a0e0e98fd50b4b71e6";"7d7178150e2b91768f9ba95b86fb0aab84f02bf8";"314e65771523065a36f1e5781cc18977dbb0fbb2";"525";"525";"65316690039e07d62226e79541c16c72dacd47eb7d0b653cda9f0558cb10f1eb"
"issue13-v5-diagnostic-module-bridge/1";"bridge-a9faabc76aa6bfb03570285a";"_anomalies.csv";"zerodep_1";"wiodr13";"sea_countries";"surplus_value.empe_p.r.pc.denominator";"after_country_module";"5";"aggregate_available";"";"NA";"wiodr13_v1";"";"";"common/surplus_value.empe_p.r.pc-country.R";"indicator.surplus_value.empe_p.r.pc";"indicator.surplus_value.empe_p.r.pc";"replace";"run-20260823T223131248Z-b824cb4eb30f0f2c";"308b786a8df410f91df9011994ee1130e71588dd915523474577c72c4ba6a275";"b40861670fcf2549d09c48ac6dc13bc129cd132f80ba9bb51815292991a5afa0";"3b8b125761e2bcf7c6f0e5c7bef1aa00d26d5853d57883a0e0e98fd50b4b71e6";"cc2c86189a06676bcb9f0e05e08033d710a92509";"0cb1142cdadd74bf95272010f5393ebe2af79f47";"run-20260824T045318468Z-a3b5880b7691bc98";"d9ed7bc58195d15ae302280dacac4e485b379a26fb15ef1ccb889f3103544990";"b40861670fcf2549d09c48ac6dc13bc129cd132f80ba9bb51815292991a5afa0";"3b8b125761e2bcf7c6f0e5c7bef1aa00d26d5853d57883a0e0e98fd50b4b71e6";"7d7178150e2b91768f9ba95b86fb0aab84f02bf8";"314e65771523065a36f1e5781cc18977dbb0fbb2";"525";"525";"a9faabc76aa6bfb03570285a6e7399a80de6a556ea0044357e79092bacc98335"
"issue13-v5-diagnostic-module-bridge/1";"bridge-edd70d769121bcdc9e58f77c";"_anomalies.csv";"zerodep_1";"wiodr13";"sea_countries";"surplus_value.empe_p.r.pc.denominator";"after_country_module";"5";"preserve_all_missing";"";"NA";"wiodr13_v1";"";"";"common/surplus_value.empe_p.r.pc-country.R";"indicator.surplus_value.empe_p.r.pc";"indicator.surplus_value.empe_p.r.pc";"replace";"run-20260823T223131248Z-b824cb4eb30f0f2c";"308b786a8df410f91df9011994ee1130e71588dd915523474577c72c4ba6a275";"b40861670fcf2549d09c48ac6dc13bc129cd132f80ba9bb51815292991a5afa0";"3b8b125761e2bcf7c6f0e5c7bef1aa00d26d5853d57883a0e0e98fd50b4b71e6";"cc2c86189a06676bcb9f0e05e08033d710a92509";"0cb1142cdadd74bf95272010f5393ebe2af79f47";"run-20260824T045318468Z-a3b5880b7691bc98";"d9ed7bc58195d15ae302280dacac4e485b379a26fb15ef1ccb889f3103544990";"b40861670fcf2549d09c48ac6dc13bc129cd132f80ba9bb51815292991a5afa0";"3b8b125761e2bcf7c6f0e5c7bef1aa00d26d5853d57883a0e0e98fd50b4b71e6";"7d7178150e2b91768f9ba95b86fb0aab84f02bf8";"314e65771523065a36f1e5781cc18977dbb0fbb2";"525";"525";"edd70d769121bcdc9e58f77c89c77c0761370808efcda2ec3200f6b6325435c8"
"issue13-v5-diagnostic-module-bridge/1";"bridge-58143daffbad77656e14d7b5";"_anomalies.csv";"zerodep_1";"wiodr13";"sea_countries";"surplus_value.empe_p.r.pc.numerator";"after_country_module";"5";"aggregate_available";"";"NA";"wiodr13_v1";"";"";"common/surplus_value.empe_p.r.pc-country.R";"indicator.surplus_value.empe_p.r.pc";"indicator.surplus_value.empe_p.r.pc";"replace";"run-20260823T223131248Z-b824cb4eb30f0f2c";"308b786a8df410f91df9011994ee1130e71588dd915523474577c72c4ba6a275";"b40861670fcf2549d09c48ac6dc13bc129cd132f80ba9bb51815292991a5afa0";"3b8b125761e2bcf7c6f0e5c7bef1aa00d26d5853d57883a0e0e98fd50b4b71e6";"cc2c86189a06676bcb9f0e05e08033d710a92509";"0cb1142cdadd74bf95272010f5393ebe2af79f47";"run-20260824T045318468Z-a3b5880b7691bc98";"d9ed7bc58195d15ae302280dacac4e485b379a26fb15ef1ccb889f3103544990";"b40861670fcf2549d09c48ac6dc13bc129cd132f80ba9bb51815292991a5afa0";"3b8b125761e2bcf7c6f0e5c7bef1aa00d26d5853d57883a0e0e98fd50b4b71e6";"7d7178150e2b91768f9ba95b86fb0aab84f02bf8";"314e65771523065a36f1e5781cc18977dbb0fbb2";"525";"525";"58143daffbad77656e14d7b55b1d26de2ab3d4f1c85968ee7e6e1aa051cf9797"
"issue13-v5-diagnostic-module-bridge/1";"bridge-516745728f1ff6ceaf97f4d0";"_anomalies.csv";"zerodep_1";"wiodr13";"sea_countries";"surplus_value.empe_p.r.pc.numerator";"after_country_module";"5";"preserve_all_missing";"";"NA";"wiodr13_v1";"";"";"common/surplus_value.empe_p.r.pc-country.R";"indicator.surplus_value.empe_p.r.pc";"indicator.surplus_value.empe_p.r.pc";"replace";"run-20260823T223131248Z-b824cb4eb30f0f2c";"308b786a8df410f91df9011994ee1130e71588dd915523474577c72c4ba6a275";"b40861670fcf2549d09c48ac6dc13bc129cd132f80ba9bb51815292991a5afa0";"3b8b125761e2bcf7c6f0e5c7bef1aa00d26d5853d57883a0e0e98fd50b4b71e6";"cc2c86189a06676bcb9f0e05e08033d710a92509";"0cb1142cdadd74bf95272010f5393ebe2af79f47";"run-20260824T045318468Z-a3b5880b7691bc98";"d9ed7bc58195d15ae302280dacac4e485b379a26fb15ef1ccb889f3103544990";"b40861670fcf2549d09c48ac6dc13bc129cd132f80ba9bb51815292991a5afa0";"3b8b125761e2bcf7c6f0e5c7bef1aa00d26d5853d57883a0e0e98fd50b4b71e6";"7d7178150e2b91768f9ba95b86fb0aab84f02bf8";"314e65771523065a36f1e5781cc18977dbb0fbb2";"525";"525";"516745728f1ff6ceaf97f4d043ef3c4babd95f2338a6684eb77265032f4c024b"
"issue13-v5-diagnostic-module-bridge/1";"bridge-787edbf136384d05cf5b9824";"_anomalies.csv";"zerodep_1";"wiodr13";"sea_sectors";"abstract_labour.emp.m.mv";"after_stage_5";"5";"mark_not_applicable";"";"Inf";"wiodr13_v1";"";"";"common/abstract_labour.emp.m.mv.R";"indicator.abstract_labour.emp.m.mv";"indicator.abstract_labour.emp.m.mv";"replace";"run-20260823T223131248Z-b824cb4eb30f0f2c";"308b786a8df410f91df9011994ee1130e71588dd915523474577c72c4ba6a275";"b40861670fcf2549d09c48ac6dc13bc129cd132f80ba9bb51815292991a5afa0";"3b8b125761e2bcf7c6f0e5c7bef1aa00d26d5853d57883a0e0e98fd50b4b71e6";"cc2c86189a06676bcb9f0e05e08033d710a92509";"0cb1142cdadd74bf95272010f5393ebe2af79f47";"run-20260824T045318468Z-a3b5880b7691bc98";"d9ed7bc58195d15ae302280dacac4e485b379a26fb15ef1ccb889f3103544990";"b40861670fcf2549d09c48ac6dc13bc129cd132f80ba9bb51815292991a5afa0";"3b8b125761e2bcf7c6f0e5c7bef1aa00d26d5853d57883a0e0e98fd50b4b71e6";"7d7178150e2b91768f9ba95b86fb0aab84f02bf8";"314e65771523065a36f1e5781cc18977dbb0fbb2";"2";"2";"787edbf136384d05cf5b98243568b7d0d34a41aacdbb593d93bdcde41ef54a33"
"issue13-v5-diagnostic-module-bridge/1";"bridge-49c0a954f00dc682482fef32";"_anomalies.csv";"zerodep_1";"wiodr13";"sea_sectors";"abstract_labour.emp.m.mv";"after_stage_5";"5";"mark_not_applicable";"";"NaN";"wiodr13_v1";"";"";"common/abstract_labour.emp.m.mv.R";"indicator.abstract_labour.emp.m.mv";"indicator.abstract_labour.emp.m.mv";"replace";"run-20260823T223131248Z-b824cb4eb30f0f2c";"308b786a8df410f91df9011994ee1130e71588dd915523474577c72c4ba6a275";"b40861670fcf2549d09c48ac6dc13bc129cd132f80ba9bb51815292991a5afa0";"3b8b125761e2bcf7c6f0e5c7bef1aa00d26d5853d57883a0e0e98fd50b4b71e6";"cc2c86189a06676bcb9f0e05e08033d710a92509";"0cb1142cdadd74bf95272010f5393ebe2af79f47";"run-20260824T045318468Z-a3b5880b7691bc98";"d9ed7bc58195d15ae302280dacac4e485b379a26fb15ef1ccb889f3103544990";"b40861670fcf2549d09c48ac6dc13bc129cd132f80ba9bb51815292991a5afa0";"3b8b125761e2bcf7c6f0e5c7bef1aa00d26d5853d57883a0e0e98fd50b4b71e6";"7d7178150e2b91768f9ba95b86fb0aab84f02bf8";"314e65771523065a36f1e5781cc18977dbb0fbb2";"264";"264";"49c0a954f00dc682482fef3216824e0e1f77845dbe89d66d66b3e303201c96ed"
"issue13-v5-diagnostic-module-bridge/1";"bridge-ced1a75553a5945c177ca279";"_anomalies.csv";"zerodep_1";"wiodr13";"sea_sectors";"abstract_labour.empe.m.mv";"after_stage_5";"5";"mark_not_applicable";"";"NaN";"wiodr13_v1";"";"";"common/abstract_labour.empe.m.mv.R";"indicator.abstract_labour.empe.m.mv";"indicator.abstract_labour.empe.m.mv";"replace";"run-20260823T223131248Z-b824cb4eb30f0f2c";"308b786a8df410f91df9011994ee1130e71588dd915523474577c72c4ba6a275";"b40861670fcf2549d09c48ac6dc13bc129cd132f80ba9bb51815292991a5afa0";"3b8b125761e2bcf7c6f0e5c7bef1aa00d26d5853d57883a0e0e98fd50b4b71e6";"cc2c86189a06676bcb9f0e05e08033d710a92509";"0cb1142cdadd74bf95272010f5393ebe2af79f47";"run-20260824T045318468Z-a3b5880b7691bc98";"d9ed7bc58195d15ae302280dacac4e485b379a26fb15ef1ccb889f3103544990";"b40861670fcf2549d09c48ac6dc13bc129cd132f80ba9bb51815292991a5afa0";"3b8b125761e2bcf7c6f0e5c7bef1aa00d26d5853d57883a0e0e98fd50b4b71e6";"7d7178150e2b91768f9ba95b86fb0aab84f02bf8";"314e65771523065a36f1e5781cc18977dbb0fbb2";"266";"266";"ced1a75553a5945c177ca2792574634bfac2ae2b324961e1287662b033e2e3f8"
"issue13-v5-diagnostic-module-bridge/1";"bridge-0476228a7c43b56ea5f03b30";"_anomalies.csv";"zerodep_1";"wiodr13";"sea_sectors";"appropriated_profit.r.pc";"after_stage_5";"5";"mark_not_applicable";"";"-Inf";"wiodr13_v1";"";"";"common/appropriated_profit.r.pc.R";"indicator.appropriated_profit.r.pc";"indicator.appropriated_profit.r.pc";"replace";"run-20260823T223131248Z-b824cb4eb30f0f2c";"308b786a8df410f91df9011994ee1130e71588dd915523474577c72c4ba6a275";"b40861670fcf2549d09c48ac6dc13bc129cd132f80ba9bb51815292991a5afa0";"3b8b125761e2bcf7c6f0e5c7bef1aa00d26d5853d57883a0e0e98fd50b4b71e6";"cc2c86189a06676bcb9f0e05e08033d710a92509";"0cb1142cdadd74bf95272010f5393ebe2af79f47";"run-20260824T045318468Z-a3b5880b7691bc98";"d9ed7bc58195d15ae302280dacac4e485b379a26fb15ef1ccb889f3103544990";"b40861670fcf2549d09c48ac6dc13bc129cd132f80ba9bb51815292991a5afa0";"3b8b125761e2bcf7c6f0e5c7bef1aa00d26d5853d57883a0e0e98fd50b4b71e6";"7d7178150e2b91768f9ba95b86fb0aab84f02bf8";"314e65771523065a36f1e5781cc18977dbb0fbb2";"62";"62";"0476228a7c43b56ea5f03b3036b1aec96570e15d8202f68e5ecf71cabb95bd65"
"issue13-v5-diagnostic-module-bridge/1";"bridge-af00bc526d93d9f5a984c27d";"_anomalies.csv";"zerodep_1";"wiodr13";"sea_sectors";"appropriated_profit.r.pc";"after_stage_5";"5";"mark_not_applicable";"";"Inf";"wiodr13_v1";"";"";"common/appropriated_profit.r.pc.R";"indicator.appropriated_profit.r.pc";"indicator.appropriated_profit.r.pc";"replace";"run-20260823T223131248Z-b824cb4eb30f0f2c";"308b786a8df410f91df9011994ee1130e71588dd915523474577c72c4ba6a275";"b40861670fcf2549d09c48ac6dc13bc129cd132f80ba9bb51815292991a5afa0";"3b8b125761e2bcf7c6f0e5c7bef1aa00d26d5853d57883a0e0e98fd50b4b71e6";"cc2c86189a06676bcb9f0e05e08033d710a92509";"0cb1142cdadd74bf95272010f5393ebe2af79f47";"run-20260824T045318468Z-a3b5880b7691bc98";"d9ed7bc58195d15ae302280dacac4e485b379a26fb15ef1ccb889f3103544990";"b40861670fcf2549d09c48ac6dc13bc129cd132f80ba9bb51815292991a5afa0";"3b8b125761e2bcf7c6f0e5c7bef1aa00d26d5853d57883a0e0e98fd50b4b71e6";"7d7178150e2b91768f9ba95b86fb0aab84f02bf8";"314e65771523065a36f1e5781cc18977dbb0fbb2";"958";"958";"af00bc526d93d9f5a984c27d36acf11d6508799ef3b87c4ff644c62c064d6f6c"
"issue13-v5-diagnostic-module-bridge/1";"bridge-6be69027b791716017b4779a";"_anomalies.csv";"zerodep_1";"wiodr13";"sea_sectors";"appropriated_profit.r.pc";"after_stage_5";"5";"mark_not_applicable";"";"NaN";"wiodr13_v1";"";"";"common/appropriated_profit.r.pc.R";"indicator.appropriated_profit.r.pc";"indicator.appropriated_profit.r.pc";"replace";"run-20260823T223131248Z-b824cb4eb30f0f2c";"308b786a8df410f91df9011994ee1130e71588dd915523474577c72c4ba6a275";"b40861670fcf2549d09c48ac6dc13bc129cd132f80ba9bb51815292991a5afa0";"3b8b125761e2bcf7c6f0e5c7bef1aa00d26d5853d57883a0e0e98fd50b4b71e6";"cc2c86189a06676bcb9f0e05e08033d710a92509";"0cb1142cdadd74bf95272010f5393ebe2af79f47";"run-20260824T045318468Z-a3b5880b7691bc98";"d9ed7bc58195d15ae302280dacac4e485b379a26fb15ef1ccb889f3103544990";"b40861670fcf2549d09c48ac6dc13bc129cd132f80ba9bb51815292991a5afa0";"3b8b125761e2bcf7c6f0e5c7bef1aa00d26d5853d57883a0e0e98fd50b4b71e6";"7d7178150e2b91768f9ba95b86fb0aab84f02bf8";"314e65771523065a36f1e5781cc18977dbb0fbb2";"589";"589";"6be69027b791716017b4779a453a59c286207ab12b3568ed561ddd729e0a8258"
"issue13-v5-diagnostic-module-bridge/1";"bridge-616b3c64d20e89bb151a9e9e";"_anomalies.csv";"zerodep_1";"wiodr13";"sea_sectors";"go_price.r.id";"after_price_normalization";"4";"mark_not_applicable";"";"NaN";"wiodr13_v1";"";"";"wiodr13/normalize_price_indices.R";"indicator.price_index.normalize";"indicator.price_index.normalize";"preserve";"run-20260823T223131248Z-b824cb4eb30f0f2c";"308b786a8df410f91df9011994ee1130e71588dd915523474577c72c4ba6a275";"b40861670fcf2549d09c48ac6dc13bc129cd132f80ba9bb51815292991a5afa0";"3b8b125761e2bcf7c6f0e5c7bef1aa00d26d5853d57883a0e0e98fd50b4b71e6";"cc2c86189a06676bcb9f0e05e08033d710a92509";"0cb1142cdadd74bf95272010f5393ebe2af79f47";"run-20260824T045318468Z-a3b5880b7691bc98";"d9ed7bc58195d15ae302280dacac4e485b379a26fb15ef1ccb889f3103544990";"b40861670fcf2549d09c48ac6dc13bc129cd132f80ba9bb51815292991a5afa0";"3b8b125761e2bcf7c6f0e5c7bef1aa00d26d5853d57883a0e0e98fd50b4b71e6";"7d7178150e2b91768f9ba95b86fb0aab84f02bf8";"314e65771523065a36f1e5781cc18977dbb0fbb2";"240";"240";"616b3c64d20e89bb151a9e9e20def9431a217e5dbfdc3bcda90f6ec4d44e563f"
"issue13-v5-diagnostic-module-bridge/1";"bridge-623462543dad63f20d9b721d";"_anomalies.csv";"zerodep_1";"wiodr13";"sea_sectors";"labour_force_value.emp.m.mv";"after_stage_5";"5";"mark_not_applicable";"";"Inf";"wiodr13_v1";"";"";"common/labour_force_value.emp.m.mv.R";"indicator.labour_force_value.emp.m.mv";"indicator.labour_force_value.emp.m.mv";"replace";"run-20260823T223131248Z-b824cb4eb30f0f2c";"308b786a8df410f91df9011994ee1130e71588dd915523474577c72c4ba6a275";"b40861670fcf2549d09c48ac6dc13bc129cd132f80ba9bb51815292991a5afa0";"3b8b125761e2bcf7c6f0e5c7bef1aa00d26d5853d57883a0e0e98fd50b4b71e6";"cc2c86189a06676bcb9f0e05e08033d710a92509";"0cb1142cdadd74bf95272010f5393ebe2af79f47";"run-20260824T045318468Z-a3b5880b7691bc98";"d9ed7bc58195d15ae302280dacac4e485b379a26fb15ef1ccb889f3103544990";"b40861670fcf2549d09c48ac6dc13bc129cd132f80ba9bb51815292991a5afa0";"3b8b125761e2bcf7c6f0e5c7bef1aa00d26d5853d57883a0e0e98fd50b4b71e6";"7d7178150e2b91768f9ba95b86fb0aab84f02bf8";"314e65771523065a36f1e5781cc18977dbb0fbb2";"2";"2";"623462543dad63f20d9b721db40414678e8ad8fc44a5d46e7770d8ae66ebfd8e"
"issue13-v5-diagnostic-module-bridge/1";"bridge-ba1a3290e5222d69d13fc80e";"_anomalies.csv";"zerodep_1";"wiodr13";"sea_sectors";"labour_force_value.emp.m.mv";"after_stage_5";"5";"mark_not_applicable";"";"NaN";"wiodr13_v1";"";"";"common/labour_force_value.emp.m.mv.R";"indicator.labour_force_value.emp.m.mv";"indicator.labour_force_value.emp.m.mv";"replace";"run-20260823T223131248Z-b824cb4eb30f0f2c";"308b786a8df410f91df9011994ee1130e71588dd915523474577c72c4ba6a275";"b40861670fcf2549d09c48ac6dc13bc129cd132f80ba9bb51815292991a5afa0";"3b8b125761e2bcf7c6f0e5c7bef1aa00d26d5853d57883a0e0e98fd50b4b71e6";"cc2c86189a06676bcb9f0e05e08033d710a92509";"0cb1142cdadd74bf95272010f5393ebe2af79f47";"run-20260824T045318468Z-a3b5880b7691bc98";"d9ed7bc58195d15ae302280dacac4e485b379a26fb15ef1ccb889f3103544990";"b40861670fcf2549d09c48ac6dc13bc129cd132f80ba9bb51815292991a5afa0";"3b8b125761e2bcf7c6f0e5c7bef1aa00d26d5853d57883a0e0e98fd50b4b71e6";"7d7178150e2b91768f9ba95b86fb0aab84f02bf8";"314e65771523065a36f1e5781cc18977dbb0fbb2";"264";"264";"ba1a3290e5222d69d13fc80ed3ae8a0730ba09119d80412b332334a45852647d"
"issue13-v5-diagnostic-module-bridge/1";"bridge-9c5217ef746f8af96b3ec2ca";"_anomalies.csv";"zerodep_1";"wiodr13";"sea_sectors";"labour_force_value.m.mv";"after_stage_5";"5";"mark_not_applicable";"";"Inf";"wiodr13_v1";"";"";"common/labour_force_value.m.mv.R";"indicator.labour_force_value.m.mv";"indicator.labour_force_value.m.mv";"replace";"run-20260823T223131248Z-b824cb4eb30f0f2c";"308b786a8df410f91df9011994ee1130e71588dd915523474577c72c4ba6a275";"b40861670fcf2549d09c48ac6dc13bc129cd132f80ba9bb51815292991a5afa0";"3b8b125761e2bcf7c6f0e5c7bef1aa00d26d5853d57883a0e0e98fd50b4b71e6";"cc2c86189a06676bcb9f0e05e08033d710a92509";"0cb1142cdadd74bf95272010f5393ebe2af79f47";"run-20260824T045318468Z-a3b5880b7691bc98";"d9ed7bc58195d15ae302280dacac4e485b379a26fb15ef1ccb889f3103544990";"b40861670fcf2549d09c48ac6dc13bc129cd132f80ba9bb51815292991a5afa0";"3b8b125761e2bcf7c6f0e5c7bef1aa00d26d5853d57883a0e0e98fd50b4b71e6";"7d7178150e2b91768f9ba95b86fb0aab84f02bf8";"314e65771523065a36f1e5781cc18977dbb0fbb2";"4";"4";"9c5217ef746f8af96b3ec2cac488d0dbe603e37fe03c29e01b1165302879eb4c"
"issue13-v5-diagnostic-module-bridge/1";"bridge-f8e7dc9c4eeedaa18e92aa50";"_anomalies.csv";"zerodep_1";"wiodr13";"sea_sectors";"labour_force_value.m.mv";"after_stage_5";"5";"mark_not_applicable";"";"NaN";"wiodr13_v1";"";"";"common/labour_force_value.m.mv.R";"indicator.labour_force_value.m.mv";"indicator.labour_force_value.m.mv";"replace";"run-20260823T223131248Z-b824cb4eb30f0f2c";"308b786a8df410f91df9011994ee1130e71588dd915523474577c72c4ba6a275";"b40861670fcf2549d09c48ac6dc13bc129cd132f80ba9bb51815292991a5afa0";"3b8b125761e2bcf7c6f0e5c7bef1aa00d26d5853d57883a0e0e98fd50b4b71e6";"cc2c86189a06676bcb9f0e05e08033d710a92509";"0cb1142cdadd74bf95272010f5393ebe2af79f47";"run-20260824T045318468Z-a3b5880b7691bc98";"d9ed7bc58195d15ae302280dacac4e485b379a26fb15ef1ccb889f3103544990";"b40861670fcf2549d09c48ac6dc13bc129cd132f80ba9bb51815292991a5afa0";"3b8b125761e2bcf7c6f0e5c7bef1aa00d26d5853d57883a0e0e98fd50b4b71e6";"7d7178150e2b91768f9ba95b86fb0aab84f02bf8";"314e65771523065a36f1e5781cc18977dbb0fbb2";"262";"262";"f8e7dc9c4eeedaa18e92aa50aaa00684b1d0faf80766446260503ba35aeffbde"
"issue13-v5-diagnostic-module-bridge/1";"bridge-ae0686f6b153f905bb8b895b";"_anomalies.csv";"zerodep_1";"wiodr13";"sea_sectors";"labour_requirements";"after_matrices";"3";"replace_both_zero_with_zero";"";"NaN";"wiodr13_v1";"";"";"transformation.R";"matrix.transformation";"matrix.transformation";"replace";"run-20260823T223131248Z-b824cb4eb30f0f2c";"308b786a8df410f91df9011994ee1130e71588dd915523474577c72c4ba6a275";"b40861670fcf2549d09c48ac6dc13bc129cd132f80ba9bb51815292991a5afa0";"3b8b125761e2bcf7c6f0e5c7bef1aa00d26d5853d57883a0e0e98fd50b4b71e6";"cc2c86189a06676bcb9f0e05e08033d710a92509";"0cb1142cdadd74bf95272010f5393ebe2af79f47";"run-20260824T045318468Z-a3b5880b7691bc98";"d9ed7bc58195d15ae302280dacac4e485b379a26fb15ef1ccb889f3103544990";"b40861670fcf2549d09c48ac6dc13bc129cd132f80ba9bb51815292991a5afa0";"3b8b125761e2bcf7c6f0e5c7bef1aa00d26d5853d57883a0e0e98fd50b4b71e6";"7d7178150e2b91768f9ba95b86fb0aab84f02bf8";"314e65771523065a36f1e5781cc18977dbb0fbb2";"277";"277";"ae0686f6b153f905bb8b895b688d2b01be8a01a1a9f6600f7331f25807dc2ca8"
"issue13-v5-diagnostic-module-bridge/1";"bridge-2a61ff1031c96d8f5eaaea2a";"_anomalies.csv";"zerodep_1";"wiodr13";"sea_sectors";"surplus_value.emp.r.pc";"after_stage_5";"5";"mark_not_applicable";"";"Inf";"wiodr13_v1";"";"";"common/surplus_value.emp.r.pc.R";"indicator.surplus_value.emp.r.pc";"indicator.surplus_value.emp.r.pc";"replace";"run-20260823T223131248Z-b824cb4eb30f0f2c";"308b786a8df410f91df9011994ee1130e71588dd915523474577c72c4ba6a275";"b40861670fcf2549d09c48ac6dc13bc129cd132f80ba9bb51815292991a5afa0";"3b8b125761e2bcf7c6f0e5c7bef1aa00d26d5853d57883a0e0e98fd50b4b71e6";"cc2c86189a06676bcb9f0e05e08033d710a92509";"0cb1142cdadd74bf95272010f5393ebe2af79f47";"run-20260824T045318468Z-a3b5880b7691bc98";"d9ed7bc58195d15ae302280dacac4e485b379a26fb15ef1ccb889f3103544990";"b40861670fcf2549d09c48ac6dc13bc129cd132f80ba9bb51815292991a5afa0";"3b8b125761e2bcf7c6f0e5c7bef1aa00d26d5853d57883a0e0e98fd50b4b71e6";"7d7178150e2b91768f9ba95b86fb0aab84f02bf8";"314e65771523065a36f1e5781cc18977dbb0fbb2";"23";"23";"2a61ff1031c96d8f5eaaea2a49240904c05fa21dcbbdf5444a0e85bf2b609342"
"issue13-v5-diagnostic-module-bridge/1";"bridge-53be8c710cb1bfe91a1408aa";"_anomalies.csv";"zerodep_1";"wiodr13";"sea_sectors";"surplus_value.emp.r.pc";"after_stage_5";"5";"mark_not_applicable";"";"NaN";"wiodr13_v1";"";"";"common/surplus_value.emp.r.pc.R";"indicator.surplus_value.emp.r.pc";"indicator.surplus_value.emp.r.pc";"replace";"run-20260823T223131248Z-b824cb4eb30f0f2c";"308b786a8df410f91df9011994ee1130e71588dd915523474577c72c4ba6a275";"b40861670fcf2549d09c48ac6dc13bc129cd132f80ba9bb51815292991a5afa0";"3b8b125761e2bcf7c6f0e5c7bef1aa00d26d5853d57883a0e0e98fd50b4b71e6";"cc2c86189a06676bcb9f0e05e08033d710a92509";"0cb1142cdadd74bf95272010f5393ebe2af79f47";"run-20260824T045318468Z-a3b5880b7691bc98";"d9ed7bc58195d15ae302280dacac4e485b379a26fb15ef1ccb889f3103544990";"b40861670fcf2549d09c48ac6dc13bc129cd132f80ba9bb51815292991a5afa0";"3b8b125761e2bcf7c6f0e5c7bef1aa00d26d5853d57883a0e0e98fd50b4b71e6";"7d7178150e2b91768f9ba95b86fb0aab84f02bf8";"314e65771523065a36f1e5781cc18977dbb0fbb2";"264";"264";"53be8c710cb1bfe91a1408aa1ddfd1d8e9c2a8a03a17ec374369c6ca9c1c082c"
"issue13-v5-diagnostic-module-bridge/1";"bridge-72a96d5e297ca316f403bce1";"_anomalies.csv";"zerodep_1";"wiodr13";"sea_sectors";"surplus_value.empe.r.pc";"after_stage_5";"5";"mark_not_applicable";"";"Inf";"wiodr13_v1";"";"";"common/surplus_value.empe.r.pc.R";"indicator.surplus_value.empe.r.pc";"indicator.surplus_value.empe.r.pc";"replace";"run-20260823T223131248Z-b824cb4eb30f0f2c";"308b786a8df410f91df9011994ee1130e71588dd915523474577c72c4ba6a275";"b40861670fcf2549d09c48ac6dc13bc129cd132f80ba9bb51815292991a5afa0";"3b8b125761e2bcf7c6f0e5c7bef1aa00d26d5853d57883a0e0e98fd50b4b71e6";"cc2c86189a06676bcb9f0e05e08033d710a92509";"0cb1142cdadd74bf95272010f5393ebe2af79f47";"run-20260824T045318468Z-a3b5880b7691bc98";"d9ed7bc58195d15ae302280dacac4e485b379a26fb15ef1ccb889f3103544990";"b40861670fcf2549d09c48ac6dc13bc129cd132f80ba9bb51815292991a5afa0";"3b8b125761e2bcf7c6f0e5c7bef1aa00d26d5853d57883a0e0e98fd50b4b71e6";"7d7178150e2b91768f9ba95b86fb0aab84f02bf8";"314e65771523065a36f1e5781cc18977dbb0fbb2";"31";"31";"72a96d5e297ca316f403bce1c52ab8881d85be46779085529644f6f4fd74ac54"
"issue13-v5-diagnostic-module-bridge/1";"bridge-cc3f938ea1d93608c1f6d319";"_anomalies.csv";"zerodep_1";"wiodr13";"sea_sectors";"surplus_value.empe.r.pc";"after_stage_5";"5";"mark_not_applicable";"";"NaN";"wiodr13_v1";"";"";"common/surplus_value.empe.r.pc.R";"indicator.surplus_value.empe.r.pc";"indicator.surplus_value.empe.r.pc";"replace";"run-20260823T223131248Z-b824cb4eb30f0f2c";"308b786a8df410f91df9011994ee1130e71588dd915523474577c72c4ba6a275";"b40861670fcf2549d09c48ac6dc13bc129cd132f80ba9bb51815292991a5afa0";"3b8b125761e2bcf7c6f0e5c7bef1aa00d26d5853d57883a0e0e98fd50b4b71e6";"cc2c86189a06676bcb9f0e05e08033d710a92509";"0cb1142cdadd74bf95272010f5393ebe2af79f47";"run-20260824T045318468Z-a3b5880b7691bc98";"d9ed7bc58195d15ae302280dacac4e485b379a26fb15ef1ccb889f3103544990";"b40861670fcf2549d09c48ac6dc13bc129cd132f80ba9bb51815292991a5afa0";"3b8b125761e2bcf7c6f0e5c7bef1aa00d26d5853d57883a0e0e98fd50b4b71e6";"7d7178150e2b91768f9ba95b86fb0aab84f02bf8";"314e65771523065a36f1e5781cc18977dbb0fbb2";"262";"262";"cc3f938ea1d93608c1f6d319870c54876b1f1ce39b227d15f57732e3a335a1cb"
"issue13-v5-diagnostic-module-bridge/1";"bridge-f37388039e04567dd9435bbf";"_anomalies.csv";"zerodep_1";"wiodr13";"sea_sectors";"surplus_value.empe_hs.r.pc";"after_stage_5";"5";"mark_not_applicable";"";"Inf";"wiodr13_v1";"";"";"wiodr13/surplus_value.empe_hs.r.pc.R";"indicator.surplus_value.empe_hs.r.pc";"indicator.surplus_value.empe_hs.r.pc";"replace";"run-20260823T223131248Z-b824cb4eb30f0f2c";"308b786a8df410f91df9011994ee1130e71588dd915523474577c72c4ba6a275";"b40861670fcf2549d09c48ac6dc13bc129cd132f80ba9bb51815292991a5afa0";"3b8b125761e2bcf7c6f0e5c7bef1aa00d26d5853d57883a0e0e98fd50b4b71e6";"cc2c86189a06676bcb9f0e05e08033d710a92509";"0cb1142cdadd74bf95272010f5393ebe2af79f47";"run-20260824T045318468Z-a3b5880b7691bc98";"d9ed7bc58195d15ae302280dacac4e485b379a26fb15ef1ccb889f3103544990";"b40861670fcf2549d09c48ac6dc13bc129cd132f80ba9bb51815292991a5afa0";"3b8b125761e2bcf7c6f0e5c7bef1aa00d26d5853d57883a0e0e98fd50b4b71e6";"7d7178150e2b91768f9ba95b86fb0aab84f02bf8";"314e65771523065a36f1e5781cc18977dbb0fbb2";"31";"31";"f37388039e04567dd9435bbf9fa768abaddd2c00dad998e5dd5312c0a22460b1"
"issue13-v5-diagnostic-module-bridge/1";"bridge-c3011717983a16d33a68967a";"_anomalies.csv";"zerodep_1";"wiodr13";"sea_sectors";"surplus_value.empe_hs.r.pc";"after_stage_5";"5";"mark_not_applicable";"";"NaN";"wiodr13_v1";"";"";"wiodr13/surplus_value.empe_hs.r.pc.R";"indicator.surplus_value.empe_hs.r.pc";"indicator.surplus_value.empe_hs.r.pc";"replace";"run-20260823T223131248Z-b824cb4eb30f0f2c";"308b786a8df410f91df9011994ee1130e71588dd915523474577c72c4ba6a275";"b40861670fcf2549d09c48ac6dc13bc129cd132f80ba9bb51815292991a5afa0";"3b8b125761e2bcf7c6f0e5c7bef1aa00d26d5853d57883a0e0e98fd50b4b71e6";"cc2c86189a06676bcb9f0e05e08033d710a92509";"0cb1142cdadd74bf95272010f5393ebe2af79f47";"run-20260824T045318468Z-a3b5880b7691bc98";"d9ed7bc58195d15ae302280dacac4e485b379a26fb15ef1ccb889f3103544990";"b40861670fcf2549d09c48ac6dc13bc129cd132f80ba9bb51815292991a5afa0";"3b8b125761e2bcf7c6f0e5c7bef1aa00d26d5853d57883a0e0e98fd50b4b71e6";"7d7178150e2b91768f9ba95b86fb0aab84f02bf8";"314e65771523065a36f1e5781cc18977dbb0fbb2";"277";"277";"c3011717983a16d33a68967a3945d8b9d4b6d51cf8d5c4319a2627b4c62b3a4b"
"issue13-v5-diagnostic-module-bridge/1";"bridge-9879e38e5e96ef1acef7f1e4";"_anomalies.csv";"zerodep_1";"wiodr13";"sea_sectors";"surplus_value.empe_ls.r.pc";"after_stage_5";"5";"mark_not_applicable";"";"Inf";"wiodr13_v1";"";"";"wiodr13/surplus_value.empe_ls.r.pc.R";"indicator.surplus_value.empe_ls.r.pc";"indicator.surplus_value.empe_ls.r.pc";"replace";"run-20260823T223131248Z-b824cb4eb30f0f2c";"308b786a8df410f91df9011994ee1130e71588dd915523474577c72c4ba6a275";"b40861670fcf2549d09c48ac6dc13bc129cd132f80ba9bb51815292991a5afa0";"3b8b125761e2bcf7c6f0e5c7bef1aa00d26d5853d57883a0e0e98fd50b4b71e6";"cc2c86189a06676bcb9f0e05e08033d710a92509";"0cb1142cdadd74bf95272010f5393ebe2af79f47";"run-20260824T045318468Z-a3b5880b7691bc98";"d9ed7bc58195d15ae302280dacac4e485b379a26fb15ef1ccb889f3103544990";"b40861670fcf2549d09c48ac6dc13bc129cd132f80ba9bb51815292991a5afa0";"3b8b125761e2bcf7c6f0e5c7bef1aa00d26d5853d57883a0e0e98fd50b4b71e6";"7d7178150e2b91768f9ba95b86fb0aab84f02bf8";"314e65771523065a36f1e5781cc18977dbb0fbb2";"31";"31";"9879e38e5e96ef1acef7f1e42705d24d71f9a6a85c6f74a699075860218f07ab"
"issue13-v5-diagnostic-module-bridge/1";"bridge-f502e589e63be2fefae763f3";"_anomalies.csv";"zerodep_1";"wiodr13";"sea_sectors";"surplus_value.empe_ls.r.pc";"after_stage_5";"5";"mark_not_applicable";"";"NaN";"wiodr13_v1";"";"";"wiodr13/surplus_value.empe_ls.r.pc.R";"indicator.surplus_value.empe_ls.r.pc";"indicator.surplus_value.empe_ls.r.pc";"replace";"run-20260823T223131248Z-b824cb4eb30f0f2c";"308b786a8df410f91df9011994ee1130e71588dd915523474577c72c4ba6a275";"b40861670fcf2549d09c48ac6dc13bc129cd132f80ba9bb51815292991a5afa0";"3b8b125761e2bcf7c6f0e5c7bef1aa00d26d5853d57883a0e0e98fd50b4b71e6";"cc2c86189a06676bcb9f0e05e08033d710a92509";"0cb1142cdadd74bf95272010f5393ebe2af79f47";"run-20260824T045318468Z-a3b5880b7691bc98";"d9ed7bc58195d15ae302280dacac4e485b379a26fb15ef1ccb889f3103544990";"b40861670fcf2549d09c48ac6dc13bc129cd132f80ba9bb51815292991a5afa0";"3b8b125761e2bcf7c6f0e5c7bef1aa00d26d5853d57883a0e0e98fd50b4b71e6";"7d7178150e2b91768f9ba95b86fb0aab84f02bf8";"314e65771523065a36f1e5781cc18977dbb0fbb2";"262";"262";"f502e589e63be2fefae763f340e5098ac2325679c53fe006d5402ce13f2dec61"
"issue13-v5-diagnostic-module-bridge/1";"bridge-157e4ea3459dcd4a51da3c7e";"_anomalies.csv";"zerodep_1";"wiodr13";"sea_sectors";"surplus_value.empe_ms.r.pc";"after_stage_5";"5";"mark_not_applicable";"";"Inf";"wiodr13_v1";"";"";"wiodr13/surplus_value.empe_ms.r.pc.R";"indicator.surplus_value.empe_ms.r.pc";"indicator.surplus_value.empe_ms.r.pc";"replace";"run-20260823T223131248Z-b824cb4eb30f0f2c";"308b786a8df410f91df9011994ee1130e71588dd915523474577c72c4ba6a275";"b40861670fcf2549d09c48ac6dc13bc129cd132f80ba9bb51815292991a5afa0";"3b8b125761e2bcf7c6f0e5c7bef1aa00d26d5853d57883a0e0e98fd50b4b71e6";"cc2c86189a06676bcb9f0e05e08033d710a92509";"0cb1142cdadd74bf95272010f5393ebe2af79f47";"run-20260824T045318468Z-a3b5880b7691bc98";"d9ed7bc58195d15ae302280dacac4e485b379a26fb15ef1ccb889f3103544990";"b40861670fcf2549d09c48ac6dc13bc129cd132f80ba9bb51815292991a5afa0";"3b8b125761e2bcf7c6f0e5c7bef1aa00d26d5853d57883a0e0e98fd50b4b71e6";"7d7178150e2b91768f9ba95b86fb0aab84f02bf8";"314e65771523065a36f1e5781cc18977dbb0fbb2";"31";"31";"157e4ea3459dcd4a51da3c7eb094587ae221cfe36822c901a8ce7809c0bfc740"
"issue13-v5-diagnostic-module-bridge/1";"bridge-b9f6fad086acb69d35952145";"_anomalies.csv";"zerodep_1";"wiodr13";"sea_sectors";"surplus_value.empe_ms.r.pc";"after_stage_5";"5";"mark_not_applicable";"";"NaN";"wiodr13_v1";"";"";"wiodr13/surplus_value.empe_ms.r.pc.R";"indicator.surplus_value.empe_ms.r.pc";"indicator.surplus_value.empe_ms.r.pc";"replace";"run-20260823T223131248Z-b824cb4eb30f0f2c";"308b786a8df410f91df9011994ee1130e71588dd915523474577c72c4ba6a275";"b40861670fcf2549d09c48ac6dc13bc129cd132f80ba9bb51815292991a5afa0";"3b8b125761e2bcf7c6f0e5c7bef1aa00d26d5853d57883a0e0e98fd50b4b71e6";"cc2c86189a06676bcb9f0e05e08033d710a92509";"0cb1142cdadd74bf95272010f5393ebe2af79f47";"run-20260824T045318468Z-a3b5880b7691bc98";"d9ed7bc58195d15ae302280dacac4e485b379a26fb15ef1ccb889f3103544990";"b40861670fcf2549d09c48ac6dc13bc129cd132f80ba9bb51815292991a5afa0";"3b8b125761e2bcf7c6f0e5c7bef1aa00d26d5853d57883a0e0e98fd50b4b71e6";"7d7178150e2b91768f9ba95b86fb0aab84f02bf8";"314e65771523065a36f1e5781cc18977dbb0fbb2";"262";"262";"b9f6fad086acb69d35952145f0378082b91af90696390f0877f3c7c2196baf3d"
"issue13-v5-diagnostic-module-bridge/1";"bridge-4ad4cecbfb7993a4fcb9fbcc";"_anomalies.csv";"zerodep_1";"wiodr13";"sea_sectors";"trade_transfers.p.m.pc";"after_stage_5";"5";"mark_not_applicable";"";"-Inf";"wiodr13_v1";"";"";"common/trade_transfers.p.m.pc.R";"indicator.trade_transfers.p.m.pc";"indicator.trade_transfers.p.m.pc";"replace";"run-20260823T223131248Z-b824cb4eb30f0f2c";"308b786a8df410f91df9011994ee1130e71588dd915523474577c72c4ba6a275";"b40861670fcf2549d09c48ac6dc13bc129cd132f80ba9bb51815292991a5afa0";"3b8b125761e2bcf7c6f0e5c7bef1aa00d26d5853d57883a0e0e98fd50b4b71e6";"cc2c86189a06676bcb9f0e05e08033d710a92509";"0cb1142cdadd74bf95272010f5393ebe2af79f47";"run-20260824T045318468Z-a3b5880b7691bc98";"d9ed7bc58195d15ae302280dacac4e485b379a26fb15ef1ccb889f3103544990";"b40861670fcf2549d09c48ac6dc13bc129cd132f80ba9bb51815292991a5afa0";"3b8b125761e2bcf7c6f0e5c7bef1aa00d26d5853d57883a0e0e98fd50b4b71e6";"7d7178150e2b91768f9ba95b86fb0aab84f02bf8";"314e65771523065a36f1e5781cc18977dbb0fbb2";"38";"38";"4ad4cecbfb7993a4fcb9fbcceca3bc41c2cf845be31f43941ced7fed951f04ba"
"issue13-v5-diagnostic-module-bridge/1";"bridge-0aabded2eec60fbd4e23f40e";"_anomalies.csv";"zerodep_1";"wiodr13";"sea_sectors";"trade_transfers.p.m.pc";"after_stage_5";"5";"mark_not_applicable";"";"Inf";"wiodr13_v1";"";"";"common/trade_transfers.p.m.pc.R";"indicator.trade_transfers.p.m.pc";"indicator.trade_transfers.p.m.pc";"replace";"run-20260823T223131248Z-b824cb4eb30f0f2c";"308b786a8df410f91df9011994ee1130e71588dd915523474577c72c4ba6a275";"b40861670fcf2549d09c48ac6dc13bc129cd132f80ba9bb51815292991a5afa0";"3b8b125761e2bcf7c6f0e5c7bef1aa00d26d5853d57883a0e0e98fd50b4b71e6";"cc2c86189a06676bcb9f0e05e08033d710a92509";"0cb1142cdadd74bf95272010f5393ebe2af79f47";"run-20260824T045318468Z-a3b5880b7691bc98";"d9ed7bc58195d15ae302280dacac4e485b379a26fb15ef1ccb889f3103544990";"b40861670fcf2549d09c48ac6dc13bc129cd132f80ba9bb51815292991a5afa0";"3b8b125761e2bcf7c6f0e5c7bef1aa00d26d5853d57883a0e0e98fd50b4b71e6";"7d7178150e2b91768f9ba95b86fb0aab84f02bf8";"314e65771523065a36f1e5781cc18977dbb0fbb2";"1";"1";"0aabded2eec60fbd4e23f40e0dbb6021eed740ed2d05471691d0ebf974688d2f"
"issue13-v5-diagnostic-module-bridge/1";"bridge-69560c8ce0a61c342d4f452b";"_anomalies.csv";"zerodep_1";"wiodr13";"sea_sectors";"trade_transfers.p.m.pc";"after_stage_5";"5";"mark_not_applicable";"";"NaN";"wiodr13_v1";"";"";"common/trade_transfers.p.m.pc.R";"indicator.trade_transfers.p.m.pc";"indicator.trade_transfers.p.m.pc";"replace";"run-20260823T223131248Z-b824cb4eb30f0f2c";"308b786a8df410f91df9011994ee1130e71588dd915523474577c72c4ba6a275";"b40861670fcf2549d09c48ac6dc13bc129cd132f80ba9bb51815292991a5afa0";"3b8b125761e2bcf7c6f0e5c7bef1aa00d26d5853d57883a0e0e98fd50b4b71e6";"cc2c86189a06676bcb9f0e05e08033d710a92509";"0cb1142cdadd74bf95272010f5393ebe2af79f47";"run-20260824T045318468Z-a3b5880b7691bc98";"d9ed7bc58195d15ae302280dacac4e485b379a26fb15ef1ccb889f3103544990";"b40861670fcf2549d09c48ac6dc13bc129cd132f80ba9bb51815292991a5afa0";"3b8b125761e2bcf7c6f0e5c7bef1aa00d26d5853d57883a0e0e98fd50b4b71e6";"7d7178150e2b91768f9ba95b86fb0aab84f02bf8";"314e65771523065a36f1e5781cc18977dbb0fbb2";"6765";"6765";"69560c8ce0a61c342d4f452b508d31831b03920fbcf092a7d64486fdadab1d6a"
"issue13-v5-diagnostic-module-bridge/1";"bridge-a3716af7c55439386060447a";"_anomalies.csv";"zerodep_2";"wiodr16";"sea_countries";"abstract_labour.empe.s.mv";"after_country_aggregation";"5";"preserve_all_missing";"";"NA";"wiodr16_v1";"";"";"sea_countries.R";"aggregation.direct";"aggregation.direct";"replace";"run-20260823T224901679Z-9afe569971bb5b72";"b7e5171ae81d9f8a9b5ab2fa6b5b058569dd1aa457a628c7cce49709bc7853f3";"3bf65b1807eeacdf4025f090d29b59527498f57771972395f8652f2481e91951";"db341acaac977b4ed1716b1ff3a8cec068805691b55b5348f584d8d6bb02c26a";"cc2c86189a06676bcb9f0e05e08033d710a92509";"0cb1142cdadd74bf95272010f5393ebe2af79f47";"run-20260824T051429007Z-488d8377d459b34a";"45a0713fa2da6c9083b1de3a9b8549f0b7f88117cd1aecf04eba35d11472ebde";"3bf65b1807eeacdf4025f090d29b59527498f57771972395f8652f2481e91951";"db341acaac977b4ed1716b1ff3a8cec068805691b55b5348f584d8d6bb02c26a";"7d7178150e2b91768f9ba95b86fb0aab84f02bf8";"314e65771523065a36f1e5781cc18977dbb0fbb2";"840";"840";"a3716af7c55439386060447aae0e63ba5e98c5650a4cdd998fc0c5f5f7b45b3d"
"issue13-v5-diagnostic-module-bridge/1";"bridge-1330c4e7d0b37e11bd44e888";"_anomalies.csv";"zerodep_2";"wiodr16";"sea_countries";"abstract_labour.empe.s.mv";"after_world_aggregation";"5";"aggregate_available";"";"NA";"wiodr16_v1";"";"";"sea_countries.R";"aggregation.direct";"aggregation.direct";"replace";"run-20260823T224901679Z-9afe569971bb5b72";"b7e5171ae81d9f8a9b5ab2fa6b5b058569dd1aa457a628c7cce49709bc7853f3";"3bf65b1807eeacdf4025f090d29b59527498f57771972395f8652f2481e91951";"db341acaac977b4ed1716b1ff3a8cec068805691b55b5348f584d8d6bb02c26a";"cc2c86189a06676bcb9f0e05e08033d710a92509";"0cb1142cdadd74bf95272010f5393ebe2af79f47";"run-20260824T051429007Z-488d8377d459b34a";"45a0713fa2da6c9083b1de3a9b8549f0b7f88117cd1aecf04eba35d11472ebde";"3bf65b1807eeacdf4025f090d29b59527498f57771972395f8652f2481e91951";"db341acaac977b4ed1716b1ff3a8cec068805691b55b5348f584d8d6bb02c26a";"7d7178150e2b91768f9ba95b86fb0aab84f02bf8";"314e65771523065a36f1e5781cc18977dbb0fbb2";"15";"15";"1330c4e7d0b37e11bd44e888905c07d79d3ac9d3be9bfe9a9a5eb472788ae640"
"issue13-v5-diagnostic-module-bridge/1";"bridge-f37fb3665e3172b6a3083f5e";"_anomalies.csv";"zerodep_2";"wiodr16";"sea_countries";"compensation.emp.s.cu";"after_country_aggregation";"5";"preserve_all_missing";"";"NA";"wiodr16_v1";"";"";"sea_countries.R";"aggregation.direct";"aggregation.direct";"replace";"run-20260823T224901679Z-9afe569971bb5b72";"b7e5171ae81d9f8a9b5ab2fa6b5b058569dd1aa457a628c7cce49709bc7853f3";"3bf65b1807eeacdf4025f090d29b59527498f57771972395f8652f2481e91951";"db341acaac977b4ed1716b1ff3a8cec068805691b55b5348f584d8d6bb02c26a";"cc2c86189a06676bcb9f0e05e08033d710a92509";"0cb1142cdadd74bf95272010f5393ebe2af79f47";"run-20260824T051429007Z-488d8377d459b34a";"45a0713fa2da6c9083b1de3a9b8549f0b7f88117cd1aecf04eba35d11472ebde";"3bf65b1807eeacdf4025f090d29b59527498f57771972395f8652f2481e91951";"db341acaac977b4ed1716b1ff3a8cec068805691b55b5348f584d8d6bb02c26a";"7d7178150e2b91768f9ba95b86fb0aab84f02bf8";"314e65771523065a36f1e5781cc18977dbb0fbb2";"840";"840";"f37fb3665e3172b6a3083f5ef632d9af11a967cde4715a354249b3bea53d9cd5"
"issue13-v5-diagnostic-module-bridge/1";"bridge-7a54ebb73161ec11994cc539";"_anomalies.csv";"zerodep_2";"wiodr16";"sea_countries";"compensation.emp.s.cu";"after_world_aggregation";"5";"aggregate_available";"";"NA";"wiodr16_v1";"";"";"sea_countries.R";"aggregation.direct";"aggregation.direct";"replace";"run-20260823T224901679Z-9afe569971bb5b72";"b7e5171ae81d9f8a9b5ab2fa6b5b058569dd1aa457a628c7cce49709bc7853f3";"3bf65b1807eeacdf4025f090d29b59527498f57771972395f8652f2481e91951";"db341acaac977b4ed1716b1ff3a8cec068805691b55b5348f584d8d6bb02c26a";"cc2c86189a06676bcb9f0e05e08033d710a92509";"0cb1142cdadd74bf95272010f5393ebe2af79f47";"run-20260824T051429007Z-488d8377d459b34a";"45a0713fa2da6c9083b1de3a9b8549f0b7f88117cd1aecf04eba35d11472ebde";"3bf65b1807eeacdf4025f090d29b59527498f57771972395f8652f2481e91951";"db341acaac977b4ed1716b1ff3a8cec068805691b55b5348f584d8d6bb02c26a";"7d7178150e2b91768f9ba95b86fb0aab84f02bf8";"314e65771523065a36f1e5781cc18977dbb0fbb2";"15";"15";"7a54ebb73161ec11994cc539bb16b75fa2f0a2b1e7d7c2d19278365810f8686d"
"issue13-v5-diagnostic-module-bridge/1";"bridge-78e69b04a89ed89c02f6980a";"_anomalies.csv";"zerodep_2";"wiodr16";"sea_countries";"compensation.emp.s.us";"after_country_aggregation";"5";"preserve_all_missing";"";"NA";"wiodr16_v1";"";"";"sea_countries.R";"aggregation.direct";"aggregation.direct";"replace";"run-20260823T224901679Z-9afe569971bb5b72";"b7e5171ae81d9f8a9b5ab2fa6b5b058569dd1aa457a628c7cce49709bc7853f3";"3bf65b1807eeacdf4025f090d29b59527498f57771972395f8652f2481e91951";"db341acaac977b4ed1716b1ff3a8cec068805691b55b5348f584d8d6bb02c26a";"cc2c86189a06676bcb9f0e05e08033d710a92509";"0cb1142cdadd74bf95272010f5393ebe2af79f47";"run-20260824T051429007Z-488d8377d459b34a";"45a0713fa2da6c9083b1de3a9b8549f0b7f88117cd1aecf04eba35d11472ebde";"3bf65b1807eeacdf4025f090d29b59527498f57771972395f8652f2481e91951";"db341acaac977b4ed1716b1ff3a8cec068805691b55b5348f584d8d6bb02c26a";"7d7178150e2b91768f9ba95b86fb0aab84f02bf8";"314e65771523065a36f1e5781cc18977dbb0fbb2";"840";"840";"78e69b04a89ed89c02f6980a4fc693bb74597100874d6a3ee0cfbb3923d4fa5e"
"issue13-v5-diagnostic-module-bridge/1";"bridge-0e2f6e07a39eeaba444dca28";"_anomalies.csv";"zerodep_2";"wiodr16";"sea_countries";"compensation.emp.s.us";"after_world_aggregation";"5";"aggregate_available";"";"NA";"wiodr16_v1";"";"";"sea_countries.R";"aggregation.direct";"aggregation.direct";"replace";"run-20260823T224901679Z-9afe569971bb5b72";"b7e5171ae81d9f8a9b5ab2fa6b5b058569dd1aa457a628c7cce49709bc7853f3";"3bf65b1807eeacdf4025f090d29b59527498f57771972395f8652f2481e91951";"db341acaac977b4ed1716b1ff3a8cec068805691b55b5348f584d8d6bb02c26a";"cc2c86189a06676bcb9f0e05e08033d710a92509";"0cb1142cdadd74bf95272010f5393ebe2af79f47";"run-20260824T051429007Z-488d8377d459b34a";"45a0713fa2da6c9083b1de3a9b8549f0b7f88117cd1aecf04eba35d11472ebde";"3bf65b1807eeacdf4025f090d29b59527498f57771972395f8652f2481e91951";"db341acaac977b4ed1716b1ff3a8cec068805691b55b5348f584d8d6bb02c26a";"7d7178150e2b91768f9ba95b86fb0aab84f02bf8";"314e65771523065a36f1e5781cc18977dbb0fbb2";"15";"15";"0e2f6e07a39eeaba444dca28079fdd68b493c743125368c090dbfeb712983d5d"
"issue13-v5-diagnostic-module-bridge/1";"bridge-73074b17606fe62c9f859702";"_anomalies.csv";"zerodep_2";"wiodr16";"sea_countries";"compensation.empe.s.cu";"after_country_aggregation";"5";"preserve_all_missing";"";"NA";"wiodr16_v1";"";"";"sea_countries.R";"aggregation.direct";"aggregation.direct";"replace";"run-20260823T224901679Z-9afe569971bb5b72";"b7e5171ae81d9f8a9b5ab2fa6b5b058569dd1aa457a628c7cce49709bc7853f3";"3bf65b1807eeacdf4025f090d29b59527498f57771972395f8652f2481e91951";"db341acaac977b4ed1716b1ff3a8cec068805691b55b5348f584d8d6bb02c26a";"cc2c86189a06676bcb9f0e05e08033d710a92509";"0cb1142cdadd74bf95272010f5393ebe2af79f47";"run-20260824T051429007Z-488d8377d459b34a";"45a0713fa2da6c9083b1de3a9b8549f0b7f88117cd1aecf04eba35d11472ebde";"3bf65b1807eeacdf4025f090d29b59527498f57771972395f8652f2481e91951";"db341acaac977b4ed1716b1ff3a8cec068805691b55b5348f584d8d6bb02c26a";"7d7178150e2b91768f9ba95b86fb0aab84f02bf8";"314e65771523065a36f1e5781cc18977dbb0fbb2";"840";"840";"73074b17606fe62c9f8597028208e18962dc3125774757a650f60c67a3c0e941"
"issue13-v5-diagnostic-module-bridge/1";"bridge-34b936b245982c3e43ace1ca";"_anomalies.csv";"zerodep_2";"wiodr16";"sea_countries";"compensation.empe.s.cu";"after_world_aggregation";"5";"aggregate_available";"";"NA";"wiodr16_v1";"";"";"sea_countries.R";"aggregation.direct";"aggregation.direct";"replace";"run-20260823T224901679Z-9afe569971bb5b72";"b7e5171ae81d9f8a9b5ab2fa6b5b058569dd1aa457a628c7cce49709bc7853f3";"3bf65b1807eeacdf4025f090d29b59527498f57771972395f8652f2481e91951";"db341acaac977b4ed1716b1ff3a8cec068805691b55b5348f584d8d6bb02c26a";"cc2c86189a06676bcb9f0e05e08033d710a92509";"0cb1142cdadd74bf95272010f5393ebe2af79f47";"run-20260824T051429007Z-488d8377d459b34a";"45a0713fa2da6c9083b1de3a9b8549f0b7f88117cd1aecf04eba35d11472ebde";"3bf65b1807eeacdf4025f090d29b59527498f57771972395f8652f2481e91951";"db341acaac977b4ed1716b1ff3a8cec068805691b55b5348f584d8d6bb02c26a";"7d7178150e2b91768f9ba95b86fb0aab84f02bf8";"314e65771523065a36f1e5781cc18977dbb0fbb2";"15";"15";"34b936b245982c3e43ace1ca54a6c8ae403f8282816b712fc8d9b0bce113449a"
"issue13-v5-diagnostic-module-bridge/1";"bridge-46cceb44a7cddd8424fad253";"_anomalies.csv";"zerodep_2";"wiodr16";"sea_countries";"compensation.empe.s.us";"after_country_aggregation";"5";"preserve_all_missing";"";"NA";"wiodr16_v1";"";"";"sea_countries.R";"aggregation.direct";"aggregation.direct";"replace";"run-20260823T224901679Z-9afe569971bb5b72";"b7e5171ae81d9f8a9b5ab2fa6b5b058569dd1aa457a628c7cce49709bc7853f3";"3bf65b1807eeacdf4025f090d29b59527498f57771972395f8652f2481e91951";"db341acaac977b4ed1716b1ff3a8cec068805691b55b5348f584d8d6bb02c26a";"cc2c86189a06676bcb9f0e05e08033d710a92509";"0cb1142cdadd74bf95272010f5393ebe2af79f47";"run-20260824T051429007Z-488d8377d459b34a";"45a0713fa2da6c9083b1de3a9b8549f0b7f88117cd1aecf04eba35d11472ebde";"3bf65b1807eeacdf4025f090d29b59527498f57771972395f8652f2481e91951";"db341acaac977b4ed1716b1ff3a8cec068805691b55b5348f584d8d6bb02c26a";"7d7178150e2b91768f9ba95b86fb0aab84f02bf8";"314e65771523065a36f1e5781cc18977dbb0fbb2";"840";"840";"46cceb44a7cddd8424fad2532893c7a2d7b7fc0502771451d4e53316bde68709"
"issue13-v5-diagnostic-module-bridge/1";"bridge-c15fa641caa40a0f77811cf6";"_anomalies.csv";"zerodep_2";"wiodr16";"sea_countries";"compensation.empe.s.us";"after_world_aggregation";"5";"aggregate_available";"";"NA";"wiodr16_v1";"";"";"sea_countries.R";"aggregation.direct";"aggregation.direct";"replace";"run-20260823T224901679Z-9afe569971bb5b72";"b7e5171ae81d9f8a9b5ab2fa6b5b058569dd1aa457a628c7cce49709bc7853f3";"3bf65b1807eeacdf4025f090d29b59527498f57771972395f8652f2481e91951";"db341acaac977b4ed1716b1ff3a8cec068805691b55b5348f584d8d6bb02c26a";"cc2c86189a06676bcb9f0e05e08033d710a92509";"0cb1142cdadd74bf95272010f5393ebe2af79f47";"run-20260824T051429007Z-488d8377d459b34a";"45a0713fa2da6c9083b1de3a9b8549f0b7f88117cd1aecf04eba35d11472ebde";"3bf65b1807eeacdf4025f090d29b59527498f57771972395f8652f2481e91951";"db341acaac977b4ed1716b1ff3a8cec068805691b55b5348f584d8d6bb02c26a";"7d7178150e2b91768f9ba95b86fb0aab84f02bf8";"314e65771523065a36f1e5781cc18977dbb0fbb2";"15";"15";"c15fa641caa40a0f77811cf62a372840c3c25857835a139cb7129926553db720"
"issue13-v5-diagnostic-module-bridge/1";"bridge-3436d21a53b4822101a4f338";"_anomalies.csv";"zerodep_2";"wiodr16";"sea_countries";"empe.s.un";"after_country_aggregation";"5";"preserve_all_missing";"";"NA";"wiodr16_v1";"";"";"sea_countries.R";"aggregation.direct";"aggregation.direct";"replace";"run-20260823T224901679Z-9afe569971bb5b72";"b7e5171ae81d9f8a9b5ab2fa6b5b058569dd1aa457a628c7cce49709bc7853f3";"3bf65b1807eeacdf4025f090d29b59527498f57771972395f8652f2481e91951";"db341acaac977b4ed1716b1ff3a8cec068805691b55b5348f584d8d6bb02c26a";"cc2c86189a06676bcb9f0e05e08033d710a92509";"0cb1142cdadd74bf95272010f5393ebe2af79f47";"run-20260824T051429007Z-488d8377d459b34a";"45a0713fa2da6c9083b1de3a9b8549f0b7f88117cd1aecf04eba35d11472ebde";"3bf65b1807eeacdf4025f090d29b59527498f57771972395f8652f2481e91951";"db341acaac977b4ed1716b1ff3a8cec068805691b55b5348f584d8d6bb02c26a";"7d7178150e2b91768f9ba95b86fb0aab84f02bf8";"314e65771523065a36f1e5781cc18977dbb0fbb2";"840";"840";"3436d21a53b4822101a4f338a38e97119705a4c99d3047a761c4ccdeae59b0db"
"issue13-v5-diagnostic-module-bridge/1";"bridge-6ce253ebc5da0c539e51266b";"_anomalies.csv";"zerodep_2";"wiodr16";"sea_countries";"empe.s.un";"after_world_aggregation";"5";"aggregate_available";"";"NA";"wiodr16_v1";"";"";"sea_countries.R";"aggregation.direct";"aggregation.direct";"replace";"run-20260823T224901679Z-9afe569971bb5b72";"b7e5171ae81d9f8a9b5ab2fa6b5b058569dd1aa457a628c7cce49709bc7853f3";"3bf65b1807eeacdf4025f090d29b59527498f57771972395f8652f2481e91951";"db341acaac977b4ed1716b1ff3a8cec068805691b55b5348f584d8d6bb02c26a";"cc2c86189a06676bcb9f0e05e08033d710a92509";"0cb1142cdadd74bf95272010f5393ebe2af79f47";"run-20260824T051429007Z-488d8377d459b34a";"45a0713fa2da6c9083b1de3a9b8549f0b7f88117cd1aecf04eba35d11472ebde";"3bf65b1807eeacdf4025f090d29b59527498f57771972395f8652f2481e91951";"db341acaac977b4ed1716b1ff3a8cec068805691b55b5348f584d8d6bb02c26a";"7d7178150e2b91768f9ba95b86fb0aab84f02bf8";"314e65771523065a36f1e5781cc18977dbb0fbb2";"15";"15";"6ce253ebc5da0c539e51266be099cb182ec664d791ec2046995a92228eda1931"
"issue13-v5-diagnostic-module-bridge/1";"bridge-868da0d42caed43ac609e1e3";"_anomalies.csv";"zerodep_2";"wiodr16";"sea_countries";"exchange.r.us";"after_country_aggregation";"5";"preserve_all_missing";"";"NA";"wiodr16_v1";"";"";"sea_countries.R";"aggregation.direct";"aggregation.direct";"replace";"run-20260823T224901679Z-9afe569971bb5b72";"b7e5171ae81d9f8a9b5ab2fa6b5b058569dd1aa457a628c7cce49709bc7853f3";"3bf65b1807eeacdf4025f090d29b59527498f57771972395f8652f2481e91951";"db341acaac977b4ed1716b1ff3a8cec068805691b55b5348f584d8d6bb02c26a";"cc2c86189a06676bcb9f0e05e08033d710a92509";"0cb1142cdadd74bf95272010f5393ebe2af79f47";"run-20260824T051429007Z-488d8377d459b34a";"45a0713fa2da6c9083b1de3a9b8549f0b7f88117cd1aecf04eba35d11472ebde";"3bf65b1807eeacdf4025f090d29b59527498f57771972395f8652f2481e91951";"db341acaac977b4ed1716b1ff3a8cec068805691b55b5348f584d8d6bb02c26a";"7d7178150e2b91768f9ba95b86fb0aab84f02bf8";"314e65771523065a36f1e5781cc18977dbb0fbb2";"840";"840";"868da0d42caed43ac609e1e3ee889086e5a33eaa5aef1692160866a5609fd88f"
"issue13-v5-diagnostic-module-bridge/1";"bridge-b47d1ef5002e165f9fd85d4f";"_anomalies.csv";"zerodep_2";"wiodr16";"sea_countries";"exchange.r.us";"after_world_aggregation";"5";"aggregate_available";"";"NA";"wiodr16_v1";"";"";"sea_countries.R";"aggregation.direct";"aggregation.direct";"replace";"run-20260823T224901679Z-9afe569971bb5b72";"b7e5171ae81d9f8a9b5ab2fa6b5b058569dd1aa457a628c7cce49709bc7853f3";"3bf65b1807eeacdf4025f090d29b59527498f57771972395f8652f2481e91951";"db341acaac977b4ed1716b1ff3a8cec068805691b55b5348f584d8d6bb02c26a";"cc2c86189a06676bcb9f0e05e08033d710a92509";"0cb1142cdadd74bf95272010f5393ebe2af79f47";"run-20260824T051429007Z-488d8377d459b34a";"45a0713fa2da6c9083b1de3a9b8549f0b7f88117cd1aecf04eba35d11472ebde";"3bf65b1807eeacdf4025f090d29b59527498f57771972395f8652f2481e91951";"db341acaac977b4ed1716b1ff3a8cec068805691b55b5348f584d8d6bb02c26a";"7d7178150e2b91768f9ba95b86fb0aab84f02bf8";"314e65771523065a36f1e5781cc18977dbb0fbb2";"15";"15";"b47d1ef5002e165f9fd85d4f2d135e4657bb2571fe140de3e9da47362f0f379b"
"issue13-v5-diagnostic-module-bridge/1";"bridge-58b633a18a7ca800137cf269";"_anomalies.csv";"zerodep_2";"wiodr16";"sea_countries";"hours_worked.empe.s.hr";"after_country_aggregation";"5";"preserve_all_missing";"";"NA";"wiodr16_v1";"";"";"sea_countries.R";"aggregation.direct";"aggregation.direct";"replace";"run-20260823T224901679Z-9afe569971bb5b72";"b7e5171ae81d9f8a9b5ab2fa6b5b058569dd1aa457a628c7cce49709bc7853f3";"3bf65b1807eeacdf4025f090d29b59527498f57771972395f8652f2481e91951";"db341acaac977b4ed1716b1ff3a8cec068805691b55b5348f584d8d6bb02c26a";"cc2c86189a06676bcb9f0e05e08033d710a92509";"0cb1142cdadd74bf95272010f5393ebe2af79f47";"run-20260824T051429007Z-488d8377d459b34a";"45a0713fa2da6c9083b1de3a9b8549f0b7f88117cd1aecf04eba35d11472ebde";"3bf65b1807eeacdf4025f090d29b59527498f57771972395f8652f2481e91951";"db341acaac977b4ed1716b1ff3a8cec068805691b55b5348f584d8d6bb02c26a";"7d7178150e2b91768f9ba95b86fb0aab84f02bf8";"314e65771523065a36f1e5781cc18977dbb0fbb2";"840";"840";"58b633a18a7ca800137cf269b81c865f5d132b4fdb70a70bdf886fbf267e11d0"
"issue13-v5-diagnostic-module-bridge/1";"bridge-4e53cb0b3d128b31f3185cc0";"_anomalies.csv";"zerodep_2";"wiodr16";"sea_countries";"hours_worked.empe.s.hr";"after_world_aggregation";"5";"aggregate_available";"";"NA";"wiodr16_v1";"";"";"sea_countries.R";"aggregation.direct";"aggregation.direct";"replace";"run-20260823T224901679Z-9afe569971bb5b72";"b7e5171ae81d9f8a9b5ab2fa6b5b058569dd1aa457a628c7cce49709bc7853f3";"3bf65b1807eeacdf4025f090d29b59527498f57771972395f8652f2481e91951";"db341acaac977b4ed1716b1ff3a8cec068805691b55b5348f584d8d6bb02c26a";"cc2c86189a06676bcb9f0e05e08033d710a92509";"0cb1142cdadd74bf95272010f5393ebe2af79f47";"run-20260824T051429007Z-488d8377d459b34a";"45a0713fa2da6c9083b1de3a9b8549f0b7f88117cd1aecf04eba35d11472ebde";"3bf65b1807eeacdf4025f090d29b59527498f57771972395f8652f2481e91951";"db341acaac977b4ed1716b1ff3a8cec068805691b55b5348f584d8d6bb02c26a";"7d7178150e2b91768f9ba95b86fb0aab84f02bf8";"314e65771523065a36f1e5781cc18977dbb0fbb2";"15";"15";"4e53cb0b3d128b31f3185cc0fed45627240f5f5ad39d58c082daeb90f9764ec6"
"issue13-v5-diagnostic-module-bridge/1";"bridge-0aad62f235e2f1f7372b0a22";"_anomalies.csv";"zerodep_2";"wiodr16";"sea_countries";"labour_force_value.emp.s.mv";"after_country_aggregation";"5";"preserve_all_missing";"";"NA";"wiodr16_v1";"";"";"sea_countries.R";"aggregation.direct";"aggregation.direct";"replace";"run-20260823T224901679Z-9afe569971bb5b72";"b7e5171ae81d9f8a9b5ab2fa6b5b058569dd1aa457a628c7cce49709bc7853f3";"3bf65b1807eeacdf4025f090d29b59527498f57771972395f8652f2481e91951";"db341acaac977b4ed1716b1ff3a8cec068805691b55b5348f584d8d6bb02c26a";"cc2c86189a06676bcb9f0e05e08033d710a92509";"0cb1142cdadd74bf95272010f5393ebe2af79f47";"run-20260824T051429007Z-488d8377d459b34a";"45a0713fa2da6c9083b1de3a9b8549f0b7f88117cd1aecf04eba35d11472ebde";"3bf65b1807eeacdf4025f090d29b59527498f57771972395f8652f2481e91951";"db341acaac977b4ed1716b1ff3a8cec068805691b55b5348f584d8d6bb02c26a";"7d7178150e2b91768f9ba95b86fb0aab84f02bf8";"314e65771523065a36f1e5781cc18977dbb0fbb2";"840";"840";"0aad62f235e2f1f7372b0a22582534a0bc515301fba5fb2255c82dd3b6c3a654"
"issue13-v5-diagnostic-module-bridge/1";"bridge-393420cc1e709191d99f792a";"_anomalies.csv";"zerodep_2";"wiodr16";"sea_countries";"labour_force_value.emp.s.mv";"after_world_aggregation";"5";"aggregate_available";"";"NA";"wiodr16_v1";"";"";"sea_countries.R";"aggregation.direct";"aggregation.direct";"replace";"run-20260823T224901679Z-9afe569971bb5b72";"b7e5171ae81d9f8a9b5ab2fa6b5b058569dd1aa457a628c7cce49709bc7853f3";"3bf65b1807eeacdf4025f090d29b59527498f57771972395f8652f2481e91951";"db341acaac977b4ed1716b1ff3a8cec068805691b55b5348f584d8d6bb02c26a";"cc2c86189a06676bcb9f0e05e08033d710a92509";"0cb1142cdadd74bf95272010f5393ebe2af79f47";"run-20260824T051429007Z-488d8377d459b34a";"45a0713fa2da6c9083b1de3a9b8549f0b7f88117cd1aecf04eba35d11472ebde";"3bf65b1807eeacdf4025f090d29b59527498f57771972395f8652f2481e91951";"db341acaac977b4ed1716b1ff3a8cec068805691b55b5348f584d8d6bb02c26a";"7d7178150e2b91768f9ba95b86fb0aab84f02bf8";"314e65771523065a36f1e5781cc18977dbb0fbb2";"15";"15";"393420cc1e709191d99f792a2d3156f7477a39d63be3a1d2662056f02ffd8ce8"
"issue13-v5-diagnostic-module-bridge/1";"bridge-b06b7b2593be5b23d20eff6e";"_anomalies.csv";"zerodep_2";"wiodr16";"sea_countries";"labour_force_value.s.mv";"after_country_aggregation";"5";"preserve_all_missing";"";"NA";"wiodr16_v1";"";"";"sea_countries.R";"aggregation.direct";"aggregation.direct";"replace";"run-20260823T224901679Z-9afe569971bb5b72";"b7e5171ae81d9f8a9b5ab2fa6b5b058569dd1aa457a628c7cce49709bc7853f3";"3bf65b1807eeacdf4025f090d29b59527498f57771972395f8652f2481e91951";"db341acaac977b4ed1716b1ff3a8cec068805691b55b5348f584d8d6bb02c26a";"cc2c86189a06676bcb9f0e05e08033d710a92509";"0cb1142cdadd74bf95272010f5393ebe2af79f47";"run-20260824T051429007Z-488d8377d459b34a";"45a0713fa2da6c9083b1de3a9b8549f0b7f88117cd1aecf04eba35d11472ebde";"3bf65b1807eeacdf4025f090d29b59527498f57771972395f8652f2481e91951";"db341acaac977b4ed1716b1ff3a8cec068805691b55b5348f584d8d6bb02c26a";"7d7178150e2b91768f9ba95b86fb0aab84f02bf8";"314e65771523065a36f1e5781cc18977dbb0fbb2";"840";"840";"b06b7b2593be5b23d20eff6eb9d086bc4773adc51e47c65746a8b11c4e4991c7"
"issue13-v5-diagnostic-module-bridge/1";"bridge-cd9378da68c9958437b8c490";"_anomalies.csv";"zerodep_2";"wiodr16";"sea_countries";"labour_force_value.s.mv";"after_world_aggregation";"5";"aggregate_available";"";"NA";"wiodr16_v1";"";"";"sea_countries.R";"aggregation.direct";"aggregation.direct";"replace";"run-20260823T224901679Z-9afe569971bb5b72";"b7e5171ae81d9f8a9b5ab2fa6b5b058569dd1aa457a628c7cce49709bc7853f3";"3bf65b1807eeacdf4025f090d29b59527498f57771972395f8652f2481e91951";"db341acaac977b4ed1716b1ff3a8cec068805691b55b5348f584d8d6bb02c26a";"cc2c86189a06676bcb9f0e05e08033d710a92509";"0cb1142cdadd74bf95272010f5393ebe2af79f47";"run-20260824T051429007Z-488d8377d459b34a";"45a0713fa2da6c9083b1de3a9b8549f0b7f88117cd1aecf04eba35d11472ebde";"3bf65b1807eeacdf4025f090d29b59527498f57771972395f8652f2481e91951";"db341acaac977b4ed1716b1ff3a8cec068805691b55b5348f584d8d6bb02c26a";"7d7178150e2b91768f9ba95b86fb0aab84f02bf8";"314e65771523065a36f1e5781cc18977dbb0fbb2";"15";"15";"cd9378da68c9958437b8c4902c44c136cc8ec2b3da41e691bfdc5f2ada4d81c5"
"issue13-v5-diagnostic-module-bridge/1";"bridge-7398ffb1369e6af55b22ba49";"_anomalies.csv";"zerodep_2";"wiodr16";"sea_countries";"profit.s.us";"after_country_aggregation";"5";"preserve_all_missing";"";"NA";"wiodr16_v1";"";"";"sea_countries.R";"aggregation.direct";"aggregation.direct";"replace";"run-20260823T224901679Z-9afe569971bb5b72";"b7e5171ae81d9f8a9b5ab2fa6b5b058569dd1aa457a628c7cce49709bc7853f3";"3bf65b1807eeacdf4025f090d29b59527498f57771972395f8652f2481e91951";"db341acaac977b4ed1716b1ff3a8cec068805691b55b5348f584d8d6bb02c26a";"cc2c86189a06676bcb9f0e05e08033d710a92509";"0cb1142cdadd74bf95272010f5393ebe2af79f47";"run-20260824T051429007Z-488d8377d459b34a";"45a0713fa2da6c9083b1de3a9b8549f0b7f88117cd1aecf04eba35d11472ebde";"3bf65b1807eeacdf4025f090d29b59527498f57771972395f8652f2481e91951";"db341acaac977b4ed1716b1ff3a8cec068805691b55b5348f584d8d6bb02c26a";"7d7178150e2b91768f9ba95b86fb0aab84f02bf8";"314e65771523065a36f1e5781cc18977dbb0fbb2";"840";"840";"7398ffb1369e6af55b22ba493cbc8b9c745112d36ac14a767960a53d17400313"
"issue13-v5-diagnostic-module-bridge/1";"bridge-432047d3ab0d19a3b0a2b952";"_anomalies.csv";"zerodep_2";"wiodr16";"sea_countries";"profit.s.us";"after_world_aggregation";"5";"aggregate_available";"";"NA";"wiodr16_v1";"";"";"sea_countries.R";"aggregation.direct";"aggregation.direct";"replace";"run-20260823T224901679Z-9afe569971bb5b72";"b7e5171ae81d9f8a9b5ab2fa6b5b058569dd1aa457a628c7cce49709bc7853f3";"3bf65b1807eeacdf4025f090d29b59527498f57771972395f8652f2481e91951";"db341acaac977b4ed1716b1ff3a8cec068805691b55b5348f584d8d6bb02c26a";"cc2c86189a06676bcb9f0e05e08033d710a92509";"0cb1142cdadd74bf95272010f5393ebe2af79f47";"run-20260824T051429007Z-488d8377d459b34a";"45a0713fa2da6c9083b1de3a9b8549f0b7f88117cd1aecf04eba35d11472ebde";"3bf65b1807eeacdf4025f090d29b59527498f57771972395f8652f2481e91951";"db341acaac977b4ed1716b1ff3a8cec068805691b55b5348f584d8d6bb02c26a";"7d7178150e2b91768f9ba95b86fb0aab84f02bf8";"314e65771523065a36f1e5781cc18977dbb0fbb2";"15";"15";"432047d3ab0d19a3b0a2b95222dabd23fad11871559d0a28af7568e86eef3c00"
"issue13-v5-diagnostic-module-bridge/1";"bridge-4b429224d5cbb926475e2e01";"_anomalies.csv";"zerodep_2";"wiodr16";"sea_countries";"surplus_value.emp_p.r.pc.denominator";"after_country_module";"5";"aggregate_available";"";"NA";"wiodr16_v1";"";"";"common/surplus_value.emp_p.r.pc-country.R";"indicator.surplus_value.emp_p.r.pc";"indicator.surplus_value.emp_p.r.pc";"replace";"run-20260823T224901679Z-9afe569971bb5b72";"b7e5171ae81d9f8a9b5ab2fa6b5b058569dd1aa457a628c7cce49709bc7853f3";"3bf65b1807eeacdf4025f090d29b59527498f57771972395f8652f2481e91951";"db341acaac977b4ed1716b1ff3a8cec068805691b55b5348f584d8d6bb02c26a";"cc2c86189a06676bcb9f0e05e08033d710a92509";"0cb1142cdadd74bf95272010f5393ebe2af79f47";"run-20260824T051429007Z-488d8377d459b34a";"45a0713fa2da6c9083b1de3a9b8549f0b7f88117cd1aecf04eba35d11472ebde";"3bf65b1807eeacdf4025f090d29b59527498f57771972395f8652f2481e91951";"db341acaac977b4ed1716b1ff3a8cec068805691b55b5348f584d8d6bb02c26a";"7d7178150e2b91768f9ba95b86fb0aab84f02bf8";"314e65771523065a36f1e5781cc18977dbb0fbb2";"840";"840";"4b429224d5cbb926475e2e01b4994d38fbe252e5712e2ef89b7fbed1682c05a6"
"issue13-v5-diagnostic-module-bridge/1";"bridge-369e7a063d45988677645488";"_anomalies.csv";"zerodep_2";"wiodr16";"sea_countries";"surplus_value.emp_p.r.pc.denominator";"after_country_module";"5";"preserve_all_missing";"";"NA";"wiodr16_v1";"";"";"common/surplus_value.emp_p.r.pc-country.R";"indicator.surplus_value.emp_p.r.pc";"indicator.surplus_value.emp_p.r.pc";"replace";"run-20260823T224901679Z-9afe569971bb5b72";"b7e5171ae81d9f8a9b5ab2fa6b5b058569dd1aa457a628c7cce49709bc7853f3";"3bf65b1807eeacdf4025f090d29b59527498f57771972395f8652f2481e91951";"db341acaac977b4ed1716b1ff3a8cec068805691b55b5348f584d8d6bb02c26a";"cc2c86189a06676bcb9f0e05e08033d710a92509";"0cb1142cdadd74bf95272010f5393ebe2af79f47";"run-20260824T051429007Z-488d8377d459b34a";"45a0713fa2da6c9083b1de3a9b8549f0b7f88117cd1aecf04eba35d11472ebde";"3bf65b1807eeacdf4025f090d29b59527498f57771972395f8652f2481e91951";"db341acaac977b4ed1716b1ff3a8cec068805691b55b5348f584d8d6bb02c26a";"7d7178150e2b91768f9ba95b86fb0aab84f02bf8";"314e65771523065a36f1e5781cc18977dbb0fbb2";"840";"840";"369e7a063d4598867764548847e9d2d758ea6df6bbbe74d35a4b6126a3952c2e"
"issue13-v5-diagnostic-module-bridge/1";"bridge-da64d48320b5caf1f33545c6";"_anomalies.csv";"zerodep_2";"wiodr16";"sea_countries";"surplus_value.emp_p.r.pc.numerator";"after_country_module";"5";"aggregate_available";"";"NA";"wiodr16_v1";"";"";"common/surplus_value.emp_p.r.pc-country.R";"indicator.surplus_value.emp_p.r.pc";"indicator.surplus_value.emp_p.r.pc";"replace";"run-20260823T224901679Z-9afe569971bb5b72";"b7e5171ae81d9f8a9b5ab2fa6b5b058569dd1aa457a628c7cce49709bc7853f3";"3bf65b1807eeacdf4025f090d29b59527498f57771972395f8652f2481e91951";"db341acaac977b4ed1716b1ff3a8cec068805691b55b5348f584d8d6bb02c26a";"cc2c86189a06676bcb9f0e05e08033d710a92509";"0cb1142cdadd74bf95272010f5393ebe2af79f47";"run-20260824T051429007Z-488d8377d459b34a";"45a0713fa2da6c9083b1de3a9b8549f0b7f88117cd1aecf04eba35d11472ebde";"3bf65b1807eeacdf4025f090d29b59527498f57771972395f8652f2481e91951";"db341acaac977b4ed1716b1ff3a8cec068805691b55b5348f584d8d6bb02c26a";"7d7178150e2b91768f9ba95b86fb0aab84f02bf8";"314e65771523065a36f1e5781cc18977dbb0fbb2";"840";"840";"da64d48320b5caf1f33545c6294789e3421af95a8a1dfe8e6c6cb77f091a0f52"
"issue13-v5-diagnostic-module-bridge/1";"bridge-aa438b6556d82169a5936c63";"_anomalies.csv";"zerodep_2";"wiodr16";"sea_countries";"surplus_value.emp_p.r.pc.numerator";"after_country_module";"5";"preserve_all_missing";"";"NA";"wiodr16_v1";"";"";"common/surplus_value.emp_p.r.pc-country.R";"indicator.surplus_value.emp_p.r.pc";"indicator.surplus_value.emp_p.r.pc";"replace";"run-20260823T224901679Z-9afe569971bb5b72";"b7e5171ae81d9f8a9b5ab2fa6b5b058569dd1aa457a628c7cce49709bc7853f3";"3bf65b1807eeacdf4025f090d29b59527498f57771972395f8652f2481e91951";"db341acaac977b4ed1716b1ff3a8cec068805691b55b5348f584d8d6bb02c26a";"cc2c86189a06676bcb9f0e05e08033d710a92509";"0cb1142cdadd74bf95272010f5393ebe2af79f47";"run-20260824T051429007Z-488d8377d459b34a";"45a0713fa2da6c9083b1de3a9b8549f0b7f88117cd1aecf04eba35d11472ebde";"3bf65b1807eeacdf4025f090d29b59527498f57771972395f8652f2481e91951";"db341acaac977b4ed1716b1ff3a8cec068805691b55b5348f584d8d6bb02c26a";"7d7178150e2b91768f9ba95b86fb0aab84f02bf8";"314e65771523065a36f1e5781cc18977dbb0fbb2";"840";"840";"aa438b6556d82169a5936c631d24ad9f8b91f3bb635b91ff93d7fb1110afd8d6"
"issue13-v5-diagnostic-module-bridge/1";"bridge-21ba67b41790ae23e0e578d5";"_anomalies.csv";"zerodep_2";"wiodr16";"sea_countries";"surplus_value.empe_p.r.pc.denominator";"after_country_module";"5";"aggregate_available";"";"NA";"wiodr16_v1";"";"";"common/surplus_value.empe_p.r.pc-country.R";"indicator.surplus_value.empe_p.r.pc";"indicator.surplus_value.empe_p.r.pc";"replace";"run-20260823T224901679Z-9afe569971bb5b72";"b7e5171ae81d9f8a9b5ab2fa6b5b058569dd1aa457a628c7cce49709bc7853f3";"3bf65b1807eeacdf4025f090d29b59527498f57771972395f8652f2481e91951";"db341acaac977b4ed1716b1ff3a8cec068805691b55b5348f584d8d6bb02c26a";"cc2c86189a06676bcb9f0e05e08033d710a92509";"0cb1142cdadd74bf95272010f5393ebe2af79f47";"run-20260824T051429007Z-488d8377d459b34a";"45a0713fa2da6c9083b1de3a9b8549f0b7f88117cd1aecf04eba35d11472ebde";"3bf65b1807eeacdf4025f090d29b59527498f57771972395f8652f2481e91951";"db341acaac977b4ed1716b1ff3a8cec068805691b55b5348f584d8d6bb02c26a";"7d7178150e2b91768f9ba95b86fb0aab84f02bf8";"314e65771523065a36f1e5781cc18977dbb0fbb2";"840";"840";"21ba67b41790ae23e0e578d5c3994d05b4ef5876d2f2ab5e5ae1c833e5bd7523"
"issue13-v5-diagnostic-module-bridge/1";"bridge-f78c75624aa32861843d79db";"_anomalies.csv";"zerodep_2";"wiodr16";"sea_countries";"surplus_value.empe_p.r.pc.denominator";"after_country_module";"5";"preserve_all_missing";"";"NA";"wiodr16_v1";"";"";"common/surplus_value.empe_p.r.pc-country.R";"indicator.surplus_value.empe_p.r.pc";"indicator.surplus_value.empe_p.r.pc";"replace";"run-20260823T224901679Z-9afe569971bb5b72";"b7e5171ae81d9f8a9b5ab2fa6b5b058569dd1aa457a628c7cce49709bc7853f3";"3bf65b1807eeacdf4025f090d29b59527498f57771972395f8652f2481e91951";"db341acaac977b4ed1716b1ff3a8cec068805691b55b5348f584d8d6bb02c26a";"cc2c86189a06676bcb9f0e05e08033d710a92509";"0cb1142cdadd74bf95272010f5393ebe2af79f47";"run-20260824T051429007Z-488d8377d459b34a";"45a0713fa2da6c9083b1de3a9b8549f0b7f88117cd1aecf04eba35d11472ebde";"3bf65b1807eeacdf4025f090d29b59527498f57771972395f8652f2481e91951";"db341acaac977b4ed1716b1ff3a8cec068805691b55b5348f584d8d6bb02c26a";"7d7178150e2b91768f9ba95b86fb0aab84f02bf8";"314e65771523065a36f1e5781cc18977dbb0fbb2";"840";"840";"f78c75624aa32861843d79db655378183c13586dae353d0e8615f2ee0e38874a"
"issue13-v5-diagnostic-module-bridge/1";"bridge-bcbf6bbb07ce51770f7ab469";"_anomalies.csv";"zerodep_2";"wiodr16";"sea_countries";"surplus_value.empe_p.r.pc.numerator";"after_country_module";"5";"aggregate_available";"";"NA";"wiodr16_v1";"";"";"common/surplus_value.empe_p.r.pc-country.R";"indicator.surplus_value.empe_p.r.pc";"indicator.surplus_value.empe_p.r.pc";"replace";"run-20260823T224901679Z-9afe569971bb5b72";"b7e5171ae81d9f8a9b5ab2fa6b5b058569dd1aa457a628c7cce49709bc7853f3";"3bf65b1807eeacdf4025f090d29b59527498f57771972395f8652f2481e91951";"db341acaac977b4ed1716b1ff3a8cec068805691b55b5348f584d8d6bb02c26a";"cc2c86189a06676bcb9f0e05e08033d710a92509";"0cb1142cdadd74bf95272010f5393ebe2af79f47";"run-20260824T051429007Z-488d8377d459b34a";"45a0713fa2da6c9083b1de3a9b8549f0b7f88117cd1aecf04eba35d11472ebde";"3bf65b1807eeacdf4025f090d29b59527498f57771972395f8652f2481e91951";"db341acaac977b4ed1716b1ff3a8cec068805691b55b5348f584d8d6bb02c26a";"7d7178150e2b91768f9ba95b86fb0aab84f02bf8";"314e65771523065a36f1e5781cc18977dbb0fbb2";"840";"840";"bcbf6bbb07ce51770f7ab4691128fb113e225b0fde97b4d7a10a00dcc6e0e43b"
"issue13-v5-diagnostic-module-bridge/1";"bridge-524741484abd01f53ce31838";"_anomalies.csv";"zerodep_2";"wiodr16";"sea_countries";"surplus_value.empe_p.r.pc.numerator";"after_country_module";"5";"preserve_all_missing";"";"NA";"wiodr16_v1";"";"";"common/surplus_value.empe_p.r.pc-country.R";"indicator.surplus_value.empe_p.r.pc";"indicator.surplus_value.empe_p.r.pc";"replace";"run-20260823T224901679Z-9afe569971bb5b72";"b7e5171ae81d9f8a9b5ab2fa6b5b058569dd1aa457a628c7cce49709bc7853f3";"3bf65b1807eeacdf4025f090d29b59527498f57771972395f8652f2481e91951";"db341acaac977b4ed1716b1ff3a8cec068805691b55b5348f584d8d6bb02c26a";"cc2c86189a06676bcb9f0e05e08033d710a92509";"0cb1142cdadd74bf95272010f5393ebe2af79f47";"run-20260824T051429007Z-488d8377d459b34a";"45a0713fa2da6c9083b1de3a9b8549f0b7f88117cd1aecf04eba35d11472ebde";"3bf65b1807eeacdf4025f090d29b59527498f57771972395f8652f2481e91951";"db341acaac977b4ed1716b1ff3a8cec068805691b55b5348f584d8d6bb02c26a";"7d7178150e2b91768f9ba95b86fb0aab84f02bf8";"314e65771523065a36f1e5781cc18977dbb0fbb2";"840";"840";"524741484abd01f53ce3183895352cf958c45c9477d245aaafc9c4086cde0138"
"issue13-v5-diagnostic-module-bridge/1";"bridge-3bbcb5219b90673bd4112e78";"_anomalies.csv";"zerodep_2";"wiodr16";"sea_sectors";"abstract_labour.emp.m.mv";"after_stage_5";"5";"mark_not_applicable";"";"NaN";"wiodr16_v1";"";"";"common/abstract_labour.emp.m.mv.R";"indicator.abstract_labour.emp.m.mv";"indicator.abstract_labour.emp.m.mv";"replace";"run-20260823T224901679Z-9afe569971bb5b72";"b7e5171ae81d9f8a9b5ab2fa6b5b058569dd1aa457a628c7cce49709bc7853f3";"3bf65b1807eeacdf4025f090d29b59527498f57771972395f8652f2481e91951";"db341acaac977b4ed1716b1ff3a8cec068805691b55b5348f584d8d6bb02c26a";"cc2c86189a06676bcb9f0e05e08033d710a92509";"0cb1142cdadd74bf95272010f5393ebe2af79f47";"run-20260824T051429007Z-488d8377d459b34a";"45a0713fa2da6c9083b1de3a9b8549f0b7f88117cd1aecf04eba35d11472ebde";"3bf65b1807eeacdf4025f090d29b59527498f57771972395f8652f2481e91951";"db341acaac977b4ed1716b1ff3a8cec068805691b55b5348f584d8d6bb02c26a";"7d7178150e2b91768f9ba95b86fb0aab84f02bf8";"314e65771523065a36f1e5781cc18977dbb0fbb2";"2064";"2064";"3bbcb5219b90673bd4112e78a18127c67810004e2e761be08d1cc270139c7924"
"issue13-v5-diagnostic-module-bridge/1";"bridge-dad8c3cf5ee6f49a67ebbfe9";"_anomalies.csv";"zerodep_2";"wiodr16";"sea_sectors";"abstract_labour.empe.m.mv";"after_stage_5";"5";"mark_not_applicable";"";"Inf";"wiodr16_v1";"";"";"common/abstract_labour.empe.m.mv.R";"indicator.abstract_labour.empe.m.mv";"indicator.abstract_labour.empe.m.mv";"replace";"run-20260823T224901679Z-9afe569971bb5b72";"b7e5171ae81d9f8a9b5ab2fa6b5b058569dd1aa457a628c7cce49709bc7853f3";"3bf65b1807eeacdf4025f090d29b59527498f57771972395f8652f2481e91951";"db341acaac977b4ed1716b1ff3a8cec068805691b55b5348f584d8d6bb02c26a";"cc2c86189a06676bcb9f0e05e08033d710a92509";"0cb1142cdadd74bf95272010f5393ebe2af79f47";"run-20260824T051429007Z-488d8377d459b34a";"45a0713fa2da6c9083b1de3a9b8549f0b7f88117cd1aecf04eba35d11472ebde";"3bf65b1807eeacdf4025f090d29b59527498f57771972395f8652f2481e91951";"db341acaac977b4ed1716b1ff3a8cec068805691b55b5348f584d8d6bb02c26a";"7d7178150e2b91768f9ba95b86fb0aab84f02bf8";"314e65771523065a36f1e5781cc18977dbb0fbb2";"3";"3";"dad8c3cf5ee6f49a67ebbfe9a10c42edca55a71c2ea224eb4d28ff070e03cedb"
"issue13-v5-diagnostic-module-bridge/1";"bridge-eeacf63df4063936d9545aed";"_anomalies.csv";"zerodep_2";"wiodr16";"sea_sectors";"abstract_labour.empe.m.mv";"after_stage_5";"5";"mark_not_applicable";"";"NaN";"wiodr16_v1";"";"";"common/abstract_labour.empe.m.mv.R";"indicator.abstract_labour.empe.m.mv";"indicator.abstract_labour.empe.m.mv";"replace";"run-20260823T224901679Z-9afe569971bb5b72";"b7e5171ae81d9f8a9b5ab2fa6b5b058569dd1aa457a628c7cce49709bc7853f3";"3bf65b1807eeacdf4025f090d29b59527498f57771972395f8652f2481e91951";"db341acaac977b4ed1716b1ff3a8cec068805691b55b5348f584d8d6bb02c26a";"cc2c86189a06676bcb9f0e05e08033d710a92509";"0cb1142cdadd74bf95272010f5393ebe2af79f47";"run-20260824T051429007Z-488d8377d459b34a";"45a0713fa2da6c9083b1de3a9b8549f0b7f88117cd1aecf04eba35d11472ebde";"3bf65b1807eeacdf4025f090d29b59527498f57771972395f8652f2481e91951";"db341acaac977b4ed1716b1ff3a8cec068805691b55b5348f584d8d6bb02c26a";"7d7178150e2b91768f9ba95b86fb0aab84f02bf8";"314e65771523065a36f1e5781cc18977dbb0fbb2";"2047";"2047";"eeacf63df4063936d9545aed5813914bddc1dff5848759bbc7a7d514bed086e6"
"issue13-v5-diagnostic-module-bridge/1";"bridge-06e7f174dd46763247b40f9c";"_anomalies.csv";"zerodep_2";"wiodr16";"sea_sectors";"appropriated_profit.r.pc";"after_stage_5";"5";"mark_not_applicable";"";"-Inf";"wiodr16_v1";"";"";"common/appropriated_profit.r.pc.R";"indicator.appropriated_profit.r.pc";"indicator.appropriated_profit.r.pc";"replace";"run-20260823T224901679Z-9afe569971bb5b72";"b7e5171ae81d9f8a9b5ab2fa6b5b058569dd1aa457a628c7cce49709bc7853f3";"3bf65b1807eeacdf4025f090d29b59527498f57771972395f8652f2481e91951";"db341acaac977b4ed1716b1ff3a8cec068805691b55b5348f584d8d6bb02c26a";"cc2c86189a06676bcb9f0e05e08033d710a92509";"0cb1142cdadd74bf95272010f5393ebe2af79f47";"run-20260824T051429007Z-488d8377d459b34a";"45a0713fa2da6c9083b1de3a9b8549f0b7f88117cd1aecf04eba35d11472ebde";"3bf65b1807eeacdf4025f090d29b59527498f57771972395f8652f2481e91951";"db341acaac977b4ed1716b1ff3a8cec068805691b55b5348f584d8d6bb02c26a";"7d7178150e2b91768f9ba95b86fb0aab84f02bf8";"314e65771523065a36f1e5781cc18977dbb0fbb2";"93";"93";"06e7f174dd46763247b40f9c632e8fbbc32d17bc8eac948ab196d962801a18e3"
"issue13-v5-diagnostic-module-bridge/1";"bridge-50abde4e6d7696630440c1ad";"_anomalies.csv";"zerodep_2";"wiodr16";"sea_sectors";"appropriated_profit.r.pc";"after_stage_5";"5";"mark_not_applicable";"";"Inf";"wiodr16_v1";"";"";"common/appropriated_profit.r.pc.R";"indicator.appropriated_profit.r.pc";"indicator.appropriated_profit.r.pc";"replace";"run-20260823T224901679Z-9afe569971bb5b72";"b7e5171ae81d9f8a9b5ab2fa6b5b058569dd1aa457a628c7cce49709bc7853f3";"3bf65b1807eeacdf4025f090d29b59527498f57771972395f8652f2481e91951";"db341acaac977b4ed1716b1ff3a8cec068805691b55b5348f584d8d6bb02c26a";"cc2c86189a06676bcb9f0e05e08033d710a92509";"0cb1142cdadd74bf95272010f5393ebe2af79f47";"run-20260824T051429007Z-488d8377d459b34a";"45a0713fa2da6c9083b1de3a9b8549f0b7f88117cd1aecf04eba35d11472ebde";"3bf65b1807eeacdf4025f090d29b59527498f57771972395f8652f2481e91951";"db341acaac977b4ed1716b1ff3a8cec068805691b55b5348f584d8d6bb02c26a";"7d7178150e2b91768f9ba95b86fb0aab84f02bf8";"314e65771523065a36f1e5781cc18977dbb0fbb2";"146";"146";"50abde4e6d7696630440c1ada9b14ef1d6658dfe33f6b737e255f56e6d8d34e8"
"issue13-v5-diagnostic-module-bridge/1";"bridge-502b60004c4a919d51cfabb9";"_anomalies.csv";"zerodep_2";"wiodr16";"sea_sectors";"appropriated_profit.r.pc";"after_stage_5";"5";"mark_not_applicable";"";"NaN";"wiodr16_v1";"";"";"common/appropriated_profit.r.pc.R";"indicator.appropriated_profit.r.pc";"indicator.appropriated_profit.r.pc";"replace";"run-20260823T224901679Z-9afe569971bb5b72";"b7e5171ae81d9f8a9b5ab2fa6b5b058569dd1aa457a628c7cce49709bc7853f3";"3bf65b1807eeacdf4025f090d29b59527498f57771972395f8652f2481e91951";"db341acaac977b4ed1716b1ff3a8cec068805691b55b5348f584d8d6bb02c26a";"cc2c86189a06676bcb9f0e05e08033d710a92509";"0cb1142cdadd74bf95272010f5393ebe2af79f47";"run-20260824T051429007Z-488d8377d459b34a";"45a0713fa2da6c9083b1de3a9b8549f0b7f88117cd1aecf04eba35d11472ebde";"3bf65b1807eeacdf4025f090d29b59527498f57771972395f8652f2481e91951";"db341acaac977b4ed1716b1ff3a8cec068805691b55b5348f584d8d6bb02c26a";"7d7178150e2b91768f9ba95b86fb0aab84f02bf8";"314e65771523065a36f1e5781cc18977dbb0fbb2";"2257";"2257";"502b60004c4a919d51cfabb9f90b02970ea5e1ce88d521a62c096907a67090ef"
"issue13-v5-diagnostic-module-bridge/1";"bridge-273612c76028f22e6eb452fa";"_anomalies.csv";"zerodep_2";"wiodr16";"sea_sectors";"capital_stock.s.cu";"after_assumptions";"1";"preserve_zero_row_constant_capital";"";"0";"wiodr16_row_constant_capital_v1";"";"";"row/row.R";"assumption.row.standard";"assumption.row.standard";"replace";"run-20260823T224901679Z-9afe569971bb5b72";"b7e5171ae81d9f8a9b5ab2fa6b5b058569dd1aa457a628c7cce49709bc7853f3";"3bf65b1807eeacdf4025f090d29b59527498f57771972395f8652f2481e91951";"db341acaac977b4ed1716b1ff3a8cec068805691b55b5348f584d8d6bb02c26a";"cc2c86189a06676bcb9f0e05e08033d710a92509";"0cb1142cdadd74bf95272010f5393ebe2af79f47";"run-20260824T051429007Z-488d8377d459b34a";"45a0713fa2da6c9083b1de3a9b8549f0b7f88117cd1aecf04eba35d11472ebde";"3bf65b1807eeacdf4025f090d29b59527498f57771972395f8652f2481e91951";"db341acaac977b4ed1716b1ff3a8cec068805691b55b5348f584d8d6bb02c26a";"7d7178150e2b91768f9ba95b86fb0aab84f02bf8";"314e65771523065a36f1e5781cc18977dbb0fbb2";"15";"15";"273612c76028f22e6eb452fa99f5afb80f9ad756d7445d1575c4d65e5123f835"
"issue13-v5-diagnostic-module-bridge/1";"bridge-d6577f2a887b4d58b4eaaaa9";"_anomalies.csv";"zerodep_2";"wiodr16";"sea_sectors";"capital_stock.s.cu";"after_stage_1";"1";"truncate_allowlisted_negative_capital_stock";"";"-260937782.66456985";"wiodr16_negative_capital_stock_v1";"";"";"wiodr16/capital_stock.s.cu.R";"indicator.capital_stock.s.cu.wiodr16";"indicator.capital_stock.s.cu.wiodr16";"replace";"run-20260823T224901679Z-9afe569971bb5b72";"b7e5171ae81d9f8a9b5ab2fa6b5b058569dd1aa457a628c7cce49709bc7853f3";"3bf65b1807eeacdf4025f090d29b59527498f57771972395f8652f2481e91951";"db341acaac977b4ed1716b1ff3a8cec068805691b55b5348f584d8d6bb02c26a";"cc2c86189a06676bcb9f0e05e08033d710a92509";"0cb1142cdadd74bf95272010f5393ebe2af79f47";"run-20260824T051429007Z-488d8377d459b34a";"45a0713fa2da6c9083b1de3a9b8549f0b7f88117cd1aecf04eba35d11472ebde";"3bf65b1807eeacdf4025f090d29b59527498f57771972395f8652f2481e91951";"db341acaac977b4ed1716b1ff3a8cec068805691b55b5348f584d8d6bb02c26a";"7d7178150e2b91768f9ba95b86fb0aab84f02bf8";"314e65771523065a36f1e5781cc18977dbb0fbb2";"1";"1";"d6577f2a887b4d58b4eaaaa93a3cbdf283bf83b6baf5a02783ba641df04b09ed"
"issue13-v5-diagnostic-module-bridge/1";"bridge-43a9b2e6be704ef5c40d6059";"_anomalies.csv";"zerodep_2";"wiodr16";"sea_sectors";"capital_stock.s.cu";"after_stage_1";"1";"truncate_allowlisted_negative_capital_stock";"";"-457588718.46497697";"wiodr16_negative_capital_stock_v1";"";"";"wiodr16/capital_stock.s.cu.R";"indicator.capital_stock.s.cu.wiodr16";"indicator.capital_stock.s.cu.wiodr16";"replace";"run-20260823T224901679Z-9afe569971bb5b72";"b7e5171ae81d9f8a9b5ab2fa6b5b058569dd1aa457a628c7cce49709bc7853f3";"3bf65b1807eeacdf4025f090d29b59527498f57771972395f8652f2481e91951";"db341acaac977b4ed1716b1ff3a8cec068805691b55b5348f584d8d6bb02c26a";"cc2c86189a06676bcb9f0e05e08033d710a92509";"0cb1142cdadd74bf95272010f5393ebe2af79f47";"run-20260824T051429007Z-488d8377d459b34a";"45a0713fa2da6c9083b1de3a9b8549f0b7f88117cd1aecf04eba35d11472ebde";"3bf65b1807eeacdf4025f090d29b59527498f57771972395f8652f2481e91951";"db341acaac977b4ed1716b1ff3a8cec068805691b55b5348f584d8d6bb02c26a";"7d7178150e2b91768f9ba95b86fb0aab84f02bf8";"314e65771523065a36f1e5781cc18977dbb0fbb2";"1";"1";"43a9b2e6be704ef5c40d605956fee92176f49fe05e6536961e767378503f3d25"
"issue13-v5-diagnostic-module-bridge/1";"bridge-ad84d9ac46110eabec17dd2a";"_anomalies.csv";"zerodep_2";"wiodr16";"sea_sectors";"capital_stock.s.cu";"after_stage_1";"1";"truncate_allowlisted_negative_capital_stock";"";"-712935762.28251147";"wiodr16_negative_capital_stock_v1";"";"";"wiodr16/capital_stock.s.cu.R";"indicator.capital_stock.s.cu.wiodr16";"indicator.capital_stock.s.cu.wiodr16";"replace";"run-20260823T224901679Z-9afe569971bb5b72";"b7e5171ae81d9f8a9b5ab2fa6b5b058569dd1aa457a628c7cce49709bc7853f3";"3bf65b1807eeacdf4025f090d29b59527498f57771972395f8652f2481e91951";"db341acaac977b4ed1716b1ff3a8cec068805691b55b5348f584d8d6bb02c26a";"cc2c86189a06676bcb9f0e05e08033d710a92509";"0cb1142cdadd74bf95272010f5393ebe2af79f47";"run-20260824T051429007Z-488d8377d459b34a";"45a0713fa2da6c9083b1de3a9b8549f0b7f88117cd1aecf04eba35d11472ebde";"3bf65b1807eeacdf4025f090d29b59527498f57771972395f8652f2481e91951";"db341acaac977b4ed1716b1ff3a8cec068805691b55b5348f584d8d6bb02c26a";"7d7178150e2b91768f9ba95b86fb0aab84f02bf8";"314e65771523065a36f1e5781cc18977dbb0fbb2";"1";"1";"ad84d9ac46110eabec17dd2a60aeb5c04c8c6e681a8eb85d03865b0f6a61cfe5"
"issue13-v5-diagnostic-module-bridge/1";"bridge-84cd9c6fec1604b4c09974e1";"_anomalies.csv";"zerodep_2";"wiodr16";"sea_sectors";"capital_stock.s.us";"after_assumptions";"1";"fallback_to_reference_country_capital_intensity";"";"NaN";"wiodr16_row_capital_intensity_v1";"";"";"row/row.R";"assumption.row.standard";"assumption.row.standard";"replace";"run-20260823T224901679Z-9afe569971bb5b72";"b7e5171ae81d9f8a9b5ab2fa6b5b058569dd1aa457a628c7cce49709bc7853f3";"3bf65b1807eeacdf4025f090d29b59527498f57771972395f8652f2481e91951";"db341acaac977b4ed1716b1ff3a8cec068805691b55b5348f584d8d6bb02c26a";"cc2c86189a06676bcb9f0e05e08033d710a92509";"0cb1142cdadd74bf95272010f5393ebe2af79f47";"run-20260824T051429007Z-488d8377d459b34a";"45a0713fa2da6c9083b1de3a9b8549f0b7f88117cd1aecf04eba35d11472ebde";"3bf65b1807eeacdf4025f090d29b59527498f57771972395f8652f2481e91951";"db341acaac977b4ed1716b1ff3a8cec068805691b55b5348f584d8d6bb02c26a";"7d7178150e2b91768f9ba95b86fb0aab84f02bf8";"314e65771523065a36f1e5781cc18977dbb0fbb2";"150";"150";"84cd9c6fec1604b4c09974e18e1c5520b4dcbd75115634b68f0ad2781437917f"
"issue13-v5-diagnostic-module-bridge/1";"bridge-136b6995e8c142c23b6d6cbb";"_anomalies.csv";"zerodep_2";"wiodr16";"sea_sectors";"capital_stock.s.us";"after_assumptions";"1";"zero_row_capital_when_hours_zero";"";"NaN";"wiodr16_row_capital_intensity_v1";"";"";"row/row.R";"assumption.row.standard";"assumption.row.standard";"replace";"run-20260823T224901679Z-9afe569971bb5b72";"b7e5171ae81d9f8a9b5ab2fa6b5b058569dd1aa457a628c7cce49709bc7853f3";"3bf65b1807eeacdf4025f090d29b59527498f57771972395f8652f2481e91951";"db341acaac977b4ed1716b1ff3a8cec068805691b55b5348f584d8d6bb02c26a";"cc2c86189a06676bcb9f0e05e08033d710a92509";"0cb1142cdadd74bf95272010f5393ebe2af79f47";"run-20260824T051429007Z-488d8377d459b34a";"45a0713fa2da6c9083b1de3a9b8549f0b7f88117cd1aecf04eba35d11472ebde";"3bf65b1807eeacdf4025f090d29b59527498f57771972395f8652f2481e91951";"db341acaac977b4ed1716b1ff3a8cec068805691b55b5348f584d8d6bb02c26a";"7d7178150e2b91768f9ba95b86fb0aab84f02bf8";"314e65771523065a36f1e5781cc18977dbb0fbb2";"15";"15";"136b6995e8c142c23b6d6cbbaea941cca0bb898d7c1ff1d5098707620603f8d6"
"issue13-v5-diagnostic-module-bridge/1";"bridge-e291345b1bd1d5d5db581985";"_anomalies.csv";"zerodep_2";"wiodr16";"sea_sectors";"capital_stock.s.us";"after_stage_1";"1";"truncate_allowlisted_negative_capital_stock";"";"-1160055603.8480911";"wiodr16_negative_capital_stock_v1";"";"";"wiodr16/capital_stock.s.us.R";"indicator.capital_stock.s.us.wiodr16";"indicator.capital_stock.s.us.wiodr16";"replace";"run-20260823T224901679Z-9afe569971bb5b72";"b7e5171ae81d9f8a9b5ab2fa6b5b058569dd1aa457a628c7cce49709bc7853f3";"3bf65b1807eeacdf4025f090d29b59527498f57771972395f8652f2481e91951";"db341acaac977b4ed1716b1ff3a8cec068805691b55b5348f584d8d6bb02c26a";"cc2c86189a06676bcb9f0e05e08033d710a92509";"0cb1142cdadd74bf95272010f5393ebe2af79f47";"run-20260824T051429007Z-488d8377d459b34a";"45a0713fa2da6c9083b1de3a9b8549f0b7f88117cd1aecf04eba35d11472ebde";"3bf65b1807eeacdf4025f090d29b59527498f57771972395f8652f2481e91951";"db341acaac977b4ed1716b1ff3a8cec068805691b55b5348f584d8d6bb02c26a";"7d7178150e2b91768f9ba95b86fb0aab84f02bf8";"314e65771523065a36f1e5781cc18977dbb0fbb2";"1";"1";"e291345b1bd1d5d5db581985680f918a0c80a612ef3068ab548ca023c1259685"
"issue13-v5-diagnostic-module-bridge/1";"bridge-878b0c3c5b71e50c7417e2b5";"_anomalies.csv";"zerodep_2";"wiodr16";"sea_sectors";"capital_stock.s.us";"after_stage_1";"1";"truncate_allowlisted_negative_capital_stock";"";"-402327998.3597129";"wiodr16_negative_capital_stock_v1";"";"";"wiodr16/capital_stock.s.us.R";"indicator.capital_stock.s.us.wiodr16";"indicator.capital_stock.s.us.wiodr16";"replace";"run-20260823T224901679Z-9afe569971bb5b72";"b7e5171ae81d9f8a9b5ab2fa6b5b058569dd1aa457a628c7cce49709bc7853f3";"3bf65b1807eeacdf4025f090d29b59527498f57771972395f8652f2481e91951";"db341acaac977b4ed1716b1ff3a8cec068805691b55b5348f584d8d6bb02c26a";"cc2c86189a06676bcb9f0e05e08033d710a92509";"0cb1142cdadd74bf95272010f5393ebe2af79f47";"run-20260824T051429007Z-488d8377d459b34a";"45a0713fa2da6c9083b1de3a9b8549f0b7f88117cd1aecf04eba35d11472ebde";"3bf65b1807eeacdf4025f090d29b59527498f57771972395f8652f2481e91951";"db341acaac977b4ed1716b1ff3a8cec068805691b55b5348f584d8d6bb02c26a";"7d7178150e2b91768f9ba95b86fb0aab84f02bf8";"314e65771523065a36f1e5781cc18977dbb0fbb2";"1";"1";"878b0c3c5b71e50c7417e2b57d82ff0f02609550d97647c4e7ab73109eb3accf"
"issue13-v5-diagnostic-module-bridge/1";"bridge-237af6535fa7d2858b3616ee";"_anomalies.csv";"zerodep_2";"wiodr16";"sea_sectors";"capital_stock.s.us";"after_stage_1";"1";"truncate_allowlisted_negative_capital_stock";"";"-736321286.98719335";"wiodr16_negative_capital_stock_v1";"";"";"wiodr16/capital_stock.s.us.R";"indicator.capital_stock.s.us.wiodr16";"indicator.capital_stock.s.us.wiodr16";"replace";"run-20260823T224901679Z-9afe569971bb5b72";"b7e5171ae81d9f8a9b5ab2fa6b5b058569dd1aa457a628c7cce49709bc7853f3";"3bf65b1807eeacdf4025f090d29b59527498f57771972395f8652f2481e91951";"db341acaac977b4ed1716b1ff3a8cec068805691b55b5348f584d8d6bb02c26a";"cc2c86189a06676bcb9f0e05e08033d710a92509";"0cb1142cdadd74bf95272010f5393ebe2af79f47";"run-20260824T051429007Z-488d8377d459b34a";"45a0713fa2da6c9083b1de3a9b8549f0b7f88117cd1aecf04eba35d11472ebde";"3bf65b1807eeacdf4025f090d29b59527498f57771972395f8652f2481e91951";"db341acaac977b4ed1716b1ff3a8cec068805691b55b5348f584d8d6bb02c26a";"7d7178150e2b91768f9ba95b86fb0aab84f02bf8";"314e65771523065a36f1e5781cc18977dbb0fbb2";"1";"1";"237af6535fa7d2858b3616eeb3c37c0123aafed0bf7133b57fd11399e80398f9"
"issue13-v5-diagnostic-module-bridge/1";"bridge-b4ed4be412ff3df0a6746b90";"_anomalies.csv";"zerodep_2";"wiodr16";"sea_sectors";"hours_worked.emp.s.hr";"after_stage_1";"1";"fallback_to_country_employee_hours";"";"Inf";"wiodr16_v1";"";"";"wiodr16/hours_worked.emp.s.hr.R";"indicator.hours_worked.emp.s.hr.wiodr16";"indicator.hours_worked.emp.s.hr.wiodr16";"replace";"run-20260823T224901679Z-9afe569971bb5b72";"b7e5171ae81d9f8a9b5ab2fa6b5b058569dd1aa457a628c7cce49709bc7853f3";"3bf65b1807eeacdf4025f090d29b59527498f57771972395f8652f2481e91951";"db341acaac977b4ed1716b1ff3a8cec068805691b55b5348f584d8d6bb02c26a";"cc2c86189a06676bcb9f0e05e08033d710a92509";"0cb1142cdadd74bf95272010f5393ebe2af79f47";"run-20260824T051429007Z-488d8377d459b34a";"45a0713fa2da6c9083b1de3a9b8549f0b7f88117cd1aecf04eba35d11472ebde";"3bf65b1807eeacdf4025f090d29b59527498f57771972395f8652f2481e91951";"db341acaac977b4ed1716b1ff3a8cec068805691b55b5348f584d8d6bb02c26a";"7d7178150e2b91768f9ba95b86fb0aab84f02bf8";"314e65771523065a36f1e5781cc18977dbb0fbb2";"1";"1";"b4ed4be412ff3df0a6746b908764f28a335d701a90fb7b1112a329cbfbf9e1be"
"issue13-v5-diagnostic-module-bridge/1";"bridge-35d5cf4c72d7c7736c38bf4b";"_anomalies.csv";"zerodep_2";"wiodr16";"sea_sectors";"hours_worked.emp.s.hr";"after_stage_1";"1";"zero_hours_when_persons_engaged_zero";"";"NaN";"wiodr16_v1";"";"";"wiodr16/hours_worked.emp.s.hr.R";"indicator.hours_worked.emp.s.hr.wiodr16";"indicator.hours_worked.emp.s.hr.wiodr16";"replace";"run-20260823T224901679Z-9afe569971bb5b72";"b7e5171ae81d9f8a9b5ab2fa6b5b058569dd1aa457a628c7cce49709bc7853f3";"3bf65b1807eeacdf4025f090d29b59527498f57771972395f8652f2481e91951";"db341acaac977b4ed1716b1ff3a8cec068805691b55b5348f584d8d6bb02c26a";"cc2c86189a06676bcb9f0e05e08033d710a92509";"0cb1142cdadd74bf95272010f5393ebe2af79f47";"run-20260824T051429007Z-488d8377d459b34a";"45a0713fa2da6c9083b1de3a9b8549f0b7f88117cd1aecf04eba35d11472ebde";"3bf65b1807eeacdf4025f090d29b59527498f57771972395f8652f2481e91951";"db341acaac977b4ed1716b1ff3a8cec068805691b55b5348f584d8d6bb02c26a";"7d7178150e2b91768f9ba95b86fb0aab84f02bf8";"314e65771523065a36f1e5781cc18977dbb0fbb2";"1914";"1914";"35d5cf4c72d7c7736c38bf4b5657959ca28a76cfa780cf28d66ac9e5fe66fcb7"
"issue13-v5-diagnostic-module-bridge/1";"bridge-0d8d1cdc51080ae344880f54";"_anomalies.csv";"zerodep_2";"wiodr16";"sea_sectors";"labour_force_value.emp.m.mv";"after_stage_5";"5";"mark_not_applicable";"";"Inf";"wiodr16_v1";"";"";"common/labour_force_value.emp.m.mv.R";"indicator.labour_force_value.emp.m.mv";"indicator.labour_force_value.emp.m.mv";"replace";"run-20260823T224901679Z-9afe569971bb5b72";"b7e5171ae81d9f8a9b5ab2fa6b5b058569dd1aa457a628c7cce49709bc7853f3";"3bf65b1807eeacdf4025f090d29b59527498f57771972395f8652f2481e91951";"db341acaac977b4ed1716b1ff3a8cec068805691b55b5348f584d8d6bb02c26a";"cc2c86189a06676bcb9f0e05e08033d710a92509";"0cb1142cdadd74bf95272010f5393ebe2af79f47";"run-20260824T051429007Z-488d8377d459b34a";"45a0713fa2da6c9083b1de3a9b8549f0b7f88117cd1aecf04eba35d11472ebde";"3bf65b1807eeacdf4025f090d29b59527498f57771972395f8652f2481e91951";"db341acaac977b4ed1716b1ff3a8cec068805691b55b5348f584d8d6bb02c26a";"7d7178150e2b91768f9ba95b86fb0aab84f02bf8";"314e65771523065a36f1e5781cc18977dbb0fbb2";"2";"2";"0d8d1cdc51080ae344880f547e988abe2a5f5db9b5e8bbd7838ffe3552632bdb"
"issue13-v5-diagnostic-module-bridge/1";"bridge-d85053a90043b6fcaf3b97fa";"_anomalies.csv";"zerodep_2";"wiodr16";"sea_sectors";"labour_force_value.emp.m.mv";"after_stage_5";"5";"mark_not_applicable";"";"NaN";"wiodr16_v1";"";"";"common/labour_force_value.emp.m.mv.R";"indicator.labour_force_value.emp.m.mv";"indicator.labour_force_value.emp.m.mv";"replace";"run-20260823T224901679Z-9afe569971bb5b72";"b7e5171ae81d9f8a9b5ab2fa6b5b058569dd1aa457a628c7cce49709bc7853f3";"3bf65b1807eeacdf4025f090d29b59527498f57771972395f8652f2481e91951";"db341acaac977b4ed1716b1ff3a8cec068805691b55b5348f584d8d6bb02c26a";"cc2c86189a06676bcb9f0e05e08033d710a92509";"0cb1142cdadd74bf95272010f5393ebe2af79f47";"run-20260824T051429007Z-488d8377d459b34a";"45a0713fa2da6c9083b1de3a9b8549f0b7f88117cd1aecf04eba35d11472ebde";"3bf65b1807eeacdf4025f090d29b59527498f57771972395f8652f2481e91951";"db341acaac977b4ed1716b1ff3a8cec068805691b55b5348f584d8d6bb02c26a";"7d7178150e2b91768f9ba95b86fb0aab84f02bf8";"314e65771523065a36f1e5781cc18977dbb0fbb2";"2047";"2047";"d85053a90043b6fcaf3b97fa741ed13ffb2c8c2d432bbca813e1dc3168fbba40"
"issue13-v5-diagnostic-module-bridge/1";"bridge-064a90a73c45b9a8d9b9962a";"_anomalies.csv";"zerodep_2";"wiodr16";"sea_sectors";"labour_force_value.m.mv";"after_stage_5";"5";"mark_not_applicable";"";"Inf";"wiodr16_v1";"";"";"common/labour_force_value.m.mv.R";"indicator.labour_force_value.m.mv";"indicator.labour_force_value.m.mv";"replace";"run-20260823T224901679Z-9afe569971bb5b72";"b7e5171ae81d9f8a9b5ab2fa6b5b058569dd1aa457a628c7cce49709bc7853f3";"3bf65b1807eeacdf4025f090d29b59527498f57771972395f8652f2481e91951";"db341acaac977b4ed1716b1ff3a8cec068805691b55b5348f584d8d6bb02c26a";"cc2c86189a06676bcb9f0e05e08033d710a92509";"0cb1142cdadd74bf95272010f5393ebe2af79f47";"run-20260824T051429007Z-488d8377d459b34a";"45a0713fa2da6c9083b1de3a9b8549f0b7f88117cd1aecf04eba35d11472ebde";"3bf65b1807eeacdf4025f090d29b59527498f57771972395f8652f2481e91951";"db341acaac977b4ed1716b1ff3a8cec068805691b55b5348f584d8d6bb02c26a";"7d7178150e2b91768f9ba95b86fb0aab84f02bf8";"314e65771523065a36f1e5781cc18977dbb0fbb2";"3";"3";"064a90a73c45b9a8d9b9962a9176a502ba15624d2c2401dd75d9904ce25a526d"
"issue13-v5-diagnostic-module-bridge/1";"bridge-941c116a511eb99c66baa4b4";"_anomalies.csv";"zerodep_2";"wiodr16";"sea_sectors";"labour_force_value.m.mv";"after_stage_5";"5";"mark_not_applicable";"";"NaN";"wiodr16_v1";"";"";"common/labour_force_value.m.mv.R";"indicator.labour_force_value.m.mv";"indicator.labour_force_value.m.mv";"replace";"run-20260823T224901679Z-9afe569971bb5b72";"b7e5171ae81d9f8a9b5ab2fa6b5b058569dd1aa457a628c7cce49709bc7853f3";"3bf65b1807eeacdf4025f090d29b59527498f57771972395f8652f2481e91951";"db341acaac977b4ed1716b1ff3a8cec068805691b55b5348f584d8d6bb02c26a";"cc2c86189a06676bcb9f0e05e08033d710a92509";"0cb1142cdadd74bf95272010f5393ebe2af79f47";"run-20260824T051429007Z-488d8377d459b34a";"45a0713fa2da6c9083b1de3a9b8549f0b7f88117cd1aecf04eba35d11472ebde";"3bf65b1807eeacdf4025f090d29b59527498f57771972395f8652f2481e91951";"db341acaac977b4ed1716b1ff3a8cec068805691b55b5348f584d8d6bb02c26a";"7d7178150e2b91768f9ba95b86fb0aab84f02bf8";"314e65771523065a36f1e5781cc18977dbb0fbb2";"2047";"2047";"941c116a511eb99c66baa4b442a47c8bd3c64d51855a6efaa6ad0b666cfad6cd"
"issue13-v5-diagnostic-module-bridge/1";"bridge-cddfec6ae980c43443bd9949";"_anomalies.csv";"zerodep_2";"wiodr16";"sea_sectors";"labour_requirements";"after_matrices";"3";"replace_both_zero_with_zero";"";"NaN";"wiodr16_v1";"";"";"transformation.R";"matrix.transformation";"matrix.transformation";"replace";"run-20260823T224901679Z-9afe569971bb5b72";"b7e5171ae81d9f8a9b5ab2fa6b5b058569dd1aa457a628c7cce49709bc7853f3";"3bf65b1807eeacdf4025f090d29b59527498f57771972395f8652f2481e91951";"db341acaac977b4ed1716b1ff3a8cec068805691b55b5348f584d8d6bb02c26a";"cc2c86189a06676bcb9f0e05e08033d710a92509";"0cb1142cdadd74bf95272010f5393ebe2af79f47";"run-20260824T051429007Z-488d8377d459b34a";"45a0713fa2da6c9083b1de3a9b8549f0b7f88117cd1aecf04eba35d11472ebde";"3bf65b1807eeacdf4025f090d29b59527498f57771972395f8652f2481e91951";"db341acaac977b4ed1716b1ff3a8cec068805691b55b5348f584d8d6bb02c26a";"7d7178150e2b91768f9ba95b86fb0aab84f02bf8";"314e65771523065a36f1e5781cc18977dbb0fbb2";"2061";"2061";"cddfec6ae980c43443bd99490895467e2303c6747adb443afa397562085803c0"
"issue13-v5-diagnostic-module-bridge/1";"bridge-78f9dc0b3b7fe613e86e10ef";"_anomalies.csv";"zerodep_2";"wiodr16";"sea_sectors";"surplus_value.emp.r.pc";"after_stage_5";"5";"mark_not_applicable";"";"NaN";"wiodr16_v1";"";"";"common/surplus_value.emp.r.pc.R";"indicator.surplus_value.emp.r.pc";"indicator.surplus_value.emp.r.pc";"replace";"run-20260823T224901679Z-9afe569971bb5b72";"b7e5171ae81d9f8a9b5ab2fa6b5b058569dd1aa457a628c7cce49709bc7853f3";"3bf65b1807eeacdf4025f090d29b59527498f57771972395f8652f2481e91951";"db341acaac977b4ed1716b1ff3a8cec068805691b55b5348f584d8d6bb02c26a";"cc2c86189a06676bcb9f0e05e08033d710a92509";"0cb1142cdadd74bf95272010f5393ebe2af79f47";"run-20260824T051429007Z-488d8377d459b34a";"45a0713fa2da6c9083b1de3a9b8549f0b7f88117cd1aecf04eba35d11472ebde";"3bf65b1807eeacdf4025f090d29b59527498f57771972395f8652f2481e91951";"db341acaac977b4ed1716b1ff3a8cec068805691b55b5348f584d8d6bb02c26a";"7d7178150e2b91768f9ba95b86fb0aab84f02bf8";"314e65771523065a36f1e5781cc18977dbb0fbb2";"2047";"2047";"78f9dc0b3b7fe613e86e10efd467215f0c22d1dd9c076fb3cb8a64d51fa64770"
"issue13-v5-diagnostic-module-bridge/1";"bridge-a5941a8825f922c951e296b1";"_anomalies.csv";"zerodep_2";"wiodr16";"sea_sectors";"surplus_value.empe.r.pc";"after_stage_5";"5";"mark_not_applicable";"";"Inf";"wiodr16_v1";"";"";"common/surplus_value.empe.r.pc.R";"indicator.surplus_value.empe.r.pc";"indicator.surplus_value.empe.r.pc";"replace";"run-20260823T224901679Z-9afe569971bb5b72";"b7e5171ae81d9f8a9b5ab2fa6b5b058569dd1aa457a628c7cce49709bc7853f3";"3bf65b1807eeacdf4025f090d29b59527498f57771972395f8652f2481e91951";"db341acaac977b4ed1716b1ff3a8cec068805691b55b5348f584d8d6bb02c26a";"cc2c86189a06676bcb9f0e05e08033d710a92509";"0cb1142cdadd74bf95272010f5393ebe2af79f47";"run-20260824T051429007Z-488d8377d459b34a";"45a0713fa2da6c9083b1de3a9b8549f0b7f88117cd1aecf04eba35d11472ebde";"3bf65b1807eeacdf4025f090d29b59527498f57771972395f8652f2481e91951";"db341acaac977b4ed1716b1ff3a8cec068805691b55b5348f584d8d6bb02c26a";"7d7178150e2b91768f9ba95b86fb0aab84f02bf8";"314e65771523065a36f1e5781cc18977dbb0fbb2";"1";"1";"a5941a8825f922c951e296b177e4a32f0a6fb38a61c08829a05fbe7bfdd54568"
"issue13-v5-diagnostic-module-bridge/1";"bridge-6edb721d8b55cc1ed1d36dae";"_anomalies.csv";"zerodep_2";"wiodr16";"sea_sectors";"surplus_value.empe.r.pc";"after_stage_5";"5";"mark_not_applicable";"";"NaN";"wiodr16_v1";"";"";"common/surplus_value.empe.r.pc.R";"indicator.surplus_value.empe.r.pc";"indicator.surplus_value.empe.r.pc";"replace";"run-20260823T224901679Z-9afe569971bb5b72";"b7e5171ae81d9f8a9b5ab2fa6b5b058569dd1aa457a628c7cce49709bc7853f3";"3bf65b1807eeacdf4025f090d29b59527498f57771972395f8652f2481e91951";"db341acaac977b4ed1716b1ff3a8cec068805691b55b5348f584d8d6bb02c26a";"cc2c86189a06676bcb9f0e05e08033d710a92509";"0cb1142cdadd74bf95272010f5393ebe2af79f47";"run-20260824T051429007Z-488d8377d459b34a";"45a0713fa2da6c9083b1de3a9b8549f0b7f88117cd1aecf04eba35d11472ebde";"3bf65b1807eeacdf4025f090d29b59527498f57771972395f8652f2481e91951";"db341acaac977b4ed1716b1ff3a8cec068805691b55b5348f584d8d6bb02c26a";"7d7178150e2b91768f9ba95b86fb0aab84f02bf8";"314e65771523065a36f1e5781cc18977dbb0fbb2";"2047";"2047";"6edb721d8b55cc1ed1d36dae5c9d8e288d0153d1e14c18cf9d0a843f90be467f"
"issue13-v5-diagnostic-module-bridge/1";"bridge-9c9506a08d4055d9d5784e67";"_anomalies.csv";"zerodep_2";"wiodr16";"sea_sectors";"trade_transfers.p.m.pc";"after_stage_5";"5";"mark_not_applicable";"";"-Inf";"wiodr16_v1";"";"";"common/trade_transfers.p.m.pc.R";"indicator.trade_transfers.p.m.pc";"indicator.trade_transfers.p.m.pc";"replace";"run-20260823T224901679Z-9afe569971bb5b72";"b7e5171ae81d9f8a9b5ab2fa6b5b058569dd1aa457a628c7cce49709bc7853f3";"3bf65b1807eeacdf4025f090d29b59527498f57771972395f8652f2481e91951";"db341acaac977b4ed1716b1ff3a8cec068805691b55b5348f584d8d6bb02c26a";"cc2c86189a06676bcb9f0e05e08033d710a92509";"0cb1142cdadd74bf95272010f5393ebe2af79f47";"run-20260824T051429007Z-488d8377d459b34a";"45a0713fa2da6c9083b1de3a9b8549f0b7f88117cd1aecf04eba35d11472ebde";"3bf65b1807eeacdf4025f090d29b59527498f57771972395f8652f2481e91951";"db341acaac977b4ed1716b1ff3a8cec068805691b55b5348f584d8d6bb02c26a";"7d7178150e2b91768f9ba95b86fb0aab84f02bf8";"314e65771523065a36f1e5781cc18977dbb0fbb2";"369";"369";"9c9506a08d4055d9d5784e673b733e3b9dab1463e58ecc05c9d7d09ae7e33d58"
"issue13-v5-diagnostic-module-bridge/1";"bridge-9753e80b3c21714b5b537961";"_anomalies.csv";"zerodep_2";"wiodr16";"sea_sectors";"trade_transfers.p.m.pc";"after_stage_5";"5";"mark_not_applicable";"";"Inf";"wiodr16_v1";"";"";"common/trade_transfers.p.m.pc.R";"indicator.trade_transfers.p.m.pc";"indicator.trade_transfers.p.m.pc";"replace";"run-20260823T224901679Z-9afe569971bb5b72";"b7e5171ae81d9f8a9b5ab2fa6b5b058569dd1aa457a628c7cce49709bc7853f3";"3bf65b1807eeacdf4025f090d29b59527498f57771972395f8652f2481e91951";"db341acaac977b4ed1716b1ff3a8cec068805691b55b5348f584d8d6bb02c26a";"cc2c86189a06676bcb9f0e05e08033d710a92509";"0cb1142cdadd74bf95272010f5393ebe2af79f47";"run-20260824T051429007Z-488d8377d459b34a";"45a0713fa2da6c9083b1de3a9b8549f0b7f88117cd1aecf04eba35d11472ebde";"3bf65b1807eeacdf4025f090d29b59527498f57771972395f8652f2481e91951";"db341acaac977b4ed1716b1ff3a8cec068805691b55b5348f584d8d6bb02c26a";"7d7178150e2b91768f9ba95b86fb0aab84f02bf8";"314e65771523065a36f1e5781cc18977dbb0fbb2";"59";"59";"9753e80b3c21714b5b5379610c0651c45c85d4c4d4706d2d5ae7f459abcce351"
"issue13-v5-diagnostic-module-bridge/1";"bridge-2655ea7e2930c7d3ec3c3aef";"_anomalies.csv";"zerodep_2";"wiodr16";"sea_sectors";"trade_transfers.p.m.pc";"after_stage_5";"5";"mark_not_applicable";"";"NaN";"wiodr16_v1";"";"";"common/trade_transfers.p.m.pc.R";"indicator.trade_transfers.p.m.pc";"indicator.trade_transfers.p.m.pc";"replace";"run-20260823T224901679Z-9afe569971bb5b72";"b7e5171ae81d9f8a9b5ab2fa6b5b058569dd1aa457a628c7cce49709bc7853f3";"3bf65b1807eeacdf4025f090d29b59527498f57771972395f8652f2481e91951";"db341acaac977b4ed1716b1ff3a8cec068805691b55b5348f584d8d6bb02c26a";"cc2c86189a06676bcb9f0e05e08033d710a92509";"0cb1142cdadd74bf95272010f5393ebe2af79f47";"run-20260824T051429007Z-488d8377d459b34a";"45a0713fa2da6c9083b1de3a9b8549f0b7f88117cd1aecf04eba35d11472ebde";"3bf65b1807eeacdf4025f090d29b59527498f57771972395f8652f2481e91951";"db341acaac977b4ed1716b1ff3a8cec068805691b55b5348f584d8d6bb02c26a";"7d7178150e2b91768f9ba95b86fb0aab84f02bf8";"314e65771523065a36f1e5781cc18977dbb0fbb2";"15180";"15180";"2655ea7e2930c7d3ec3c3aefd5717617b380b9701d79f834e88dfc880f64fda1"
"issue13-v5-diagnostic-module-bridge/1";"bridge-83173bfcfd7c19006417612a";"_unit_contract.csv";"alternative_1";"wiodr13";"";"abstract_labour.emp.m.mv";"";"";"";"";"";"";"";"formula";"common/abstract_labour.emp.m.mv-country.R";"aggregation.abstract_labour.emp.m.mv";"";"";"run-20260827T170813086Z-18ad7cf860c263ac";"c6fd718bc075df286ddd5b4164715973cbeddce30ad9cab4e1ed7b7681da4eb4";"68e3b78a0d2b782d35d8e971cab460205202a20231f1f493d3f6befd086c54e8";"82c61ee0a694c3076a180e36f08b171afba0c29abbc5f5153b0605284a1196ce";"e2f4d6dae9a6d35c966b305fabac52e489faa3e7";"7da19c4f2913e857040ba228280f404b0e54eaab";"run-20260824T044745410Z-11524d39f28a36e3";"df864d68591bd373c324a982ca2d121c31af79caf882abe022005186c03ae312";"68e3b78a0d2b782d35d8e971cab460205202a20231f1f493d3f6befd086c54e8";"82c61ee0a694c3076a180e36f08b171afba0c29abbc5f5153b0605284a1196ce";"7d7178150e2b91768f9ba95b86fb0aab84f02bf8";"314e65771523065a36f1e5781cc18977dbb0fbb2";"2";"2";"83173bfcfd7c19006417612a0afd21c07be191b20780f0277828b573d2fbe98d"
"issue13-v5-diagnostic-module-bridge/1";"bridge-b8e88a879822aed2d18364df";"_unit_contract.csv";"alternative_1";"wiodr13";"";"abstract_labour.empe.m.mv";"";"";"";"";"";"";"";"formula";"common/abstract_labour.empe.m.mv-country.R";"aggregation.abstract_labour.empe.m.mv";"";"";"run-20260827T170813086Z-18ad7cf860c263ac";"c6fd718bc075df286ddd5b4164715973cbeddce30ad9cab4e1ed7b7681da4eb4";"68e3b78a0d2b782d35d8e971cab460205202a20231f1f493d3f6befd086c54e8";"82c61ee0a694c3076a180e36f08b171afba0c29abbc5f5153b0605284a1196ce";"e2f4d6dae9a6d35c966b305fabac52e489faa3e7";"7da19c4f2913e857040ba228280f404b0e54eaab";"run-20260824T044745410Z-11524d39f28a36e3";"df864d68591bd373c324a982ca2d121c31af79caf882abe022005186c03ae312";"68e3b78a0d2b782d35d8e971cab460205202a20231f1f493d3f6befd086c54e8";"82c61ee0a694c3076a180e36f08b171afba0c29abbc5f5153b0605284a1196ce";"7d7178150e2b91768f9ba95b86fb0aab84f02bf8";"314e65771523065a36f1e5781cc18977dbb0fbb2";"2";"2";"b8e88a879822aed2d18364df9df990b7763a9e32560353c3c8762efca30b527f"
"issue13-v5-diagnostic-module-bridge/1";"bridge-a2faa80cc08db4a3833b375d";"_unit_contract.csv";"alternative_1";"wiodr13";"";"appropriated_profit.r.pc";"";"";"";"";"";"";"";"formula";"common/appropriated_profit.r.pc-country.R";"aggregation.appropriated_profit.r.pc";"";"";"run-20260827T170813086Z-18ad7cf860c263ac";"c6fd718bc075df286ddd5b4164715973cbeddce30ad9cab4e1ed7b7681da4eb4";"68e3b78a0d2b782d35d8e971cab460205202a20231f1f493d3f6befd086c54e8";"82c61ee0a694c3076a180e36f08b171afba0c29abbc5f5153b0605284a1196ce";"e2f4d6dae9a6d35c966b305fabac52e489faa3e7";"7da19c4f2913e857040ba228280f404b0e54eaab";"run-20260824T044745410Z-11524d39f28a36e3";"df864d68591bd373c324a982ca2d121c31af79caf882abe022005186c03ae312";"68e3b78a0d2b782d35d8e971cab460205202a20231f1f493d3f6befd086c54e8";"82c61ee0a694c3076a180e36f08b171afba0c29abbc5f5153b0605284a1196ce";"7d7178150e2b91768f9ba95b86fb0aab84f02bf8";"314e65771523065a36f1e5781cc18977dbb0fbb2";"2";"2";"a2faa80cc08db4a3833b375d15a521833875ba10be3b1609423c770eec1692c1"
"issue13-v5-diagnostic-module-bridge/1";"bridge-7303859eceed45e2e72e78d2";"_unit_contract.csv";"alternative_1";"wiodr13";"";"labour_force_value.emp.m.mv";"";"";"";"";"";"";"";"formula";"common/labour_force_value.emp.m.mv-country.R";"aggregation.labour_force_value.emp.m.mv";"";"";"run-20260827T170813086Z-18ad7cf860c263ac";"c6fd718bc075df286ddd5b4164715973cbeddce30ad9cab4e1ed7b7681da4eb4";"68e3b78a0d2b782d35d8e971cab460205202a20231f1f493d3f6befd086c54e8";"82c61ee0a694c3076a180e36f08b171afba0c29abbc5f5153b0605284a1196ce";"e2f4d6dae9a6d35c966b305fabac52e489faa3e7";"7da19c4f2913e857040ba228280f404b0e54eaab";"run-20260824T044745410Z-11524d39f28a36e3";"df864d68591bd373c324a982ca2d121c31af79caf882abe022005186c03ae312";"68e3b78a0d2b782d35d8e971cab460205202a20231f1f493d3f6befd086c54e8";"82c61ee0a694c3076a180e36f08b171afba0c29abbc5f5153b0605284a1196ce";"7d7178150e2b91768f9ba95b86fb0aab84f02bf8";"314e65771523065a36f1e5781cc18977dbb0fbb2";"2";"2";"7303859eceed45e2e72e78d206eb2fd65cfcbce527336c7c086df6067a24d38b"
"issue13-v5-diagnostic-module-bridge/1";"bridge-013405143aff75a3c1789a49";"_unit_contract.csv";"alternative_1";"wiodr13";"";"labour_force_value.m.mv";"";"";"";"";"";"";"";"formula";"common/labour_force_value.m.mv-country.R";"aggregation.labour_force_value.m.mv";"";"";"run-20260827T170813086Z-18ad7cf860c263ac";"c6fd718bc075df286ddd5b4164715973cbeddce30ad9cab4e1ed7b7681da4eb4";"68e3b78a0d2b782d35d8e971cab460205202a20231f1f493d3f6befd086c54e8";"82c61ee0a694c3076a180e36f08b171afba0c29abbc5f5153b0605284a1196ce";"e2f4d6dae9a6d35c966b305fabac52e489faa3e7";"7da19c4f2913e857040ba228280f404b0e54eaab";"run-20260824T044745410Z-11524d39f28a36e3";"df864d68591bd373c324a982ca2d121c31af79caf882abe022005186c03ae312";"68e3b78a0d2b782d35d8e971cab460205202a20231f1f493d3f6befd086c54e8";"82c61ee0a694c3076a180e36f08b171afba0c29abbc5f5153b0605284a1196ce";"7d7178150e2b91768f9ba95b86fb0aab84f02bf8";"314e65771523065a36f1e5781cc18977dbb0fbb2";"2";"2";"013405143aff75a3c1789a49f6032ff4e60d8981e0571ef9c9933a7b7b9f3773"
"issue13-v5-diagnostic-module-bridge/1";"bridge-8916d37bca2970d4d3bbd33f";"_unit_contract.csv";"alternative_1";"wiodr13";"";"surplus_value.emp.r.pc";"";"";"";"";"";"";"";"formula";"common/surplus_value.emp.r.pc-country.R";"aggregation.surplus_value.emp.r.pc";"";"";"run-20260827T170813086Z-18ad7cf860c263ac";"c6fd718bc075df286ddd5b4164715973cbeddce30ad9cab4e1ed7b7681da4eb4";"68e3b78a0d2b782d35d8e971cab460205202a20231f1f493d3f6befd086c54e8";"82c61ee0a694c3076a180e36f08b171afba0c29abbc5f5153b0605284a1196ce";"e2f4d6dae9a6d35c966b305fabac52e489faa3e7";"7da19c4f2913e857040ba228280f404b0e54eaab";"run-20260824T044745410Z-11524d39f28a36e3";"df864d68591bd373c324a982ca2d121c31af79caf882abe022005186c03ae312";"68e3b78a0d2b782d35d8e971cab460205202a20231f1f493d3f6befd086c54e8";"82c61ee0a694c3076a180e36f08b171afba0c29abbc5f5153b0605284a1196ce";"7d7178150e2b91768f9ba95b86fb0aab84f02bf8";"314e65771523065a36f1e5781cc18977dbb0fbb2";"2";"2";"8916d37bca2970d4d3bbd33f8ea5e4c911c631902fca74e59f780155500c41a0"
"issue13-v5-diagnostic-module-bridge/1";"bridge-ba323ab936f5f4a3841707a0";"_unit_contract.csv";"alternative_1";"wiodr13";"";"surplus_value.emp_p.r.pc";"";"";"";"";"";"";"";"formula";"common/surplus_value.emp_p.r.pc-country.R";"aggregation.surplus_value.emp_p.r.pc";"";"";"run-20260827T170813086Z-18ad7cf860c263ac";"c6fd718bc075df286ddd5b4164715973cbeddce30ad9cab4e1ed7b7681da4eb4";"68e3b78a0d2b782d35d8e971cab460205202a20231f1f493d3f6befd086c54e8";"82c61ee0a694c3076a180e36f08b171afba0c29abbc5f5153b0605284a1196ce";"e2f4d6dae9a6d35c966b305fabac52e489faa3e7";"7da19c4f2913e857040ba228280f404b0e54eaab";"run-20260824T044745410Z-11524d39f28a36e3";"df864d68591bd373c324a982ca2d121c31af79caf882abe022005186c03ae312";"68e3b78a0d2b782d35d8e971cab460205202a20231f1f493d3f6befd086c54e8";"82c61ee0a694c3076a180e36f08b171afba0c29abbc5f5153b0605284a1196ce";"7d7178150e2b91768f9ba95b86fb0aab84f02bf8";"314e65771523065a36f1e5781cc18977dbb0fbb2";"2";"2";"ba323ab936f5f4a3841707a0fe99044c59f8e5772c5eda4e096f56f00995cda6"
"issue13-v5-diagnostic-module-bridge/1";"bridge-76240de9812e30036182edca";"_unit_contract.csv";"alternative_1";"wiodr13";"";"surplus_value.empe.r.pc";"";"";"";"";"";"";"";"formula";"common/surplus_value.empe.r.pc-country.R";"aggregation.surplus_value.empe.r.pc";"";"";"run-20260827T170813086Z-18ad7cf860c263ac";"c6fd718bc075df286ddd5b4164715973cbeddce30ad9cab4e1ed7b7681da4eb4";"68e3b78a0d2b782d35d8e971cab460205202a20231f1f493d3f6befd086c54e8";"82c61ee0a694c3076a180e36f08b171afba0c29abbc5f5153b0605284a1196ce";"e2f4d6dae9a6d35c966b305fabac52e489faa3e7";"7da19c4f2913e857040ba228280f404b0e54eaab";"run-20260824T044745410Z-11524d39f28a36e3";"df864d68591bd373c324a982ca2d121c31af79caf882abe022005186c03ae312";"68e3b78a0d2b782d35d8e971cab460205202a20231f1f493d3f6befd086c54e8";"82c61ee0a694c3076a180e36f08b171afba0c29abbc5f5153b0605284a1196ce";"7d7178150e2b91768f9ba95b86fb0aab84f02bf8";"314e65771523065a36f1e5781cc18977dbb0fbb2";"2";"2";"76240de9812e30036182edca4792dde4419e0f7060a621b193c20a5de12af279"
"issue13-v5-diagnostic-module-bridge/1";"bridge-1362172b21e8fbcd36aa1b7b";"_unit_contract.csv";"alternative_1";"wiodr13";"";"surplus_value.empe_hs.r.pc";"";"";"";"";"";"";"";"formula";"wiodr13/surplus_value.empe_hs.r.pc-country.R";"aggregation.surplus_value.empe_hs.r.pc";"";"";"run-20260827T170813086Z-18ad7cf860c263ac";"c6fd718bc075df286ddd5b4164715973cbeddce30ad9cab4e1ed7b7681da4eb4";"68e3b78a0d2b782d35d8e971cab460205202a20231f1f493d3f6befd086c54e8";"82c61ee0a694c3076a180e36f08b171afba0c29abbc5f5153b0605284a1196ce";"e2f4d6dae9a6d35c966b305fabac52e489faa3e7";"7da19c4f2913e857040ba228280f404b0e54eaab";"run-20260824T044745410Z-11524d39f28a36e3";"df864d68591bd373c324a982ca2d121c31af79caf882abe022005186c03ae312";"68e3b78a0d2b782d35d8e971cab460205202a20231f1f493d3f6befd086c54e8";"82c61ee0a694c3076a180e36f08b171afba0c29abbc5f5153b0605284a1196ce";"7d7178150e2b91768f9ba95b86fb0aab84f02bf8";"314e65771523065a36f1e5781cc18977dbb0fbb2";"2";"2";"1362172b21e8fbcd36aa1b7ba08aa0d97582654807d53d25d5dd8186de61876c"
"issue13-v5-diagnostic-module-bridge/1";"bridge-96d425df011e2d793f0b04fe";"_unit_contract.csv";"alternative_1";"wiodr13";"";"surplus_value.empe_ls.r.pc";"";"";"";"";"";"";"";"formula";"wiodr13/surplus_value.empe_ls.r.pc-country.R";"aggregation.surplus_value.empe_ls.r.pc";"";"";"run-20260827T170813086Z-18ad7cf860c263ac";"c6fd718bc075df286ddd5b4164715973cbeddce30ad9cab4e1ed7b7681da4eb4";"68e3b78a0d2b782d35d8e971cab460205202a20231f1f493d3f6befd086c54e8";"82c61ee0a694c3076a180e36f08b171afba0c29abbc5f5153b0605284a1196ce";"e2f4d6dae9a6d35c966b305fabac52e489faa3e7";"7da19c4f2913e857040ba228280f404b0e54eaab";"run-20260824T044745410Z-11524d39f28a36e3";"df864d68591bd373c324a982ca2d121c31af79caf882abe022005186c03ae312";"68e3b78a0d2b782d35d8e971cab460205202a20231f1f493d3f6befd086c54e8";"82c61ee0a694c3076a180e36f08b171afba0c29abbc5f5153b0605284a1196ce";"7d7178150e2b91768f9ba95b86fb0aab84f02bf8";"314e65771523065a36f1e5781cc18977dbb0fbb2";"2";"2";"96d425df011e2d793f0b04fec0154054e0a012c401cbbec5047447e9303fe995"
"issue13-v5-diagnostic-module-bridge/1";"bridge-63235c822f3964ebc1da1a09";"_unit_contract.csv";"alternative_1";"wiodr13";"";"surplus_value.empe_ms.r.pc";"";"";"";"";"";"";"";"formula";"wiodr13/surplus_value.empe_ms.r.pc-country.R";"aggregation.surplus_value.empe_ms.r.pc";"";"";"run-20260827T170813086Z-18ad7cf860c263ac";"c6fd718bc075df286ddd5b4164715973cbeddce30ad9cab4e1ed7b7681da4eb4";"68e3b78a0d2b782d35d8e971cab460205202a20231f1f493d3f6befd086c54e8";"82c61ee0a694c3076a180e36f08b171afba0c29abbc5f5153b0605284a1196ce";"e2f4d6dae9a6d35c966b305fabac52e489faa3e7";"7da19c4f2913e857040ba228280f404b0e54eaab";"run-20260824T044745410Z-11524d39f28a36e3";"df864d68591bd373c324a982ca2d121c31af79caf882abe022005186c03ae312";"68e3b78a0d2b782d35d8e971cab460205202a20231f1f493d3f6befd086c54e8";"82c61ee0a694c3076a180e36f08b171afba0c29abbc5f5153b0605284a1196ce";"7d7178150e2b91768f9ba95b86fb0aab84f02bf8";"314e65771523065a36f1e5781cc18977dbb0fbb2";"2";"2";"63235c822f3964ebc1da1a09d64dfafe7138710c6408c5b9cefad044c55bf14f"
"issue13-v5-diagnostic-module-bridge/1";"bridge-240b4658408d3c9f6f6f64c7";"_unit_contract.csv";"alternative_1";"wiodr13";"";"surplus_value.empe_p.r.pc";"";"";"";"";"";"";"";"formula";"common/surplus_value.empe_p.r.pc-country.R";"aggregation.surplus_value.empe_p.r.pc";"";"";"run-20260827T170813086Z-18ad7cf860c263ac";"c6fd718bc075df286ddd5b4164715973cbeddce30ad9cab4e1ed7b7681da4eb4";"68e3b78a0d2b782d35d8e971cab460205202a20231f1f493d3f6befd086c54e8";"82c61ee0a694c3076a180e36f08b171afba0c29abbc5f5153b0605284a1196ce";"e2f4d6dae9a6d35c966b305fabac52e489faa3e7";"7da19c4f2913e857040ba228280f404b0e54eaab";"run-20260824T044745410Z-11524d39f28a36e3";"df864d68591bd373c324a982ca2d121c31af79caf882abe022005186c03ae312";"68e3b78a0d2b782d35d8e971cab460205202a20231f1f493d3f6befd086c54e8";"82c61ee0a694c3076a180e36f08b171afba0c29abbc5f5153b0605284a1196ce";"7d7178150e2b91768f9ba95b86fb0aab84f02bf8";"314e65771523065a36f1e5781cc18977dbb0fbb2";"2";"2";"240b4658408d3c9f6f6f64c7795d70671beb7f1d7d871fd2ed2fdbb28e861824"
"issue13-v5-diagnostic-module-bridge/1";"bridge-716fc95e14bb4cb5192f75ca";"_unit_contract.csv";"alternative_1";"wiodr13";"";"trade_transfers.p.m.pc";"";"";"";"";"";"";"";"formula";"common/trade_transfers.p.m.pc-country.R";"aggregation.trade_transfers.p.m.pc";"";"";"run-20260827T170813086Z-18ad7cf860c263ac";"c6fd718bc075df286ddd5b4164715973cbeddce30ad9cab4e1ed7b7681da4eb4";"68e3b78a0d2b782d35d8e971cab460205202a20231f1f493d3f6befd086c54e8";"82c61ee0a694c3076a180e36f08b171afba0c29abbc5f5153b0605284a1196ce";"e2f4d6dae9a6d35c966b305fabac52e489faa3e7";"7da19c4f2913e857040ba228280f404b0e54eaab";"run-20260824T044745410Z-11524d39f28a36e3";"df864d68591bd373c324a982ca2d121c31af79caf882abe022005186c03ae312";"68e3b78a0d2b782d35d8e971cab460205202a20231f1f493d3f6befd086c54e8";"82c61ee0a694c3076a180e36f08b171afba0c29abbc5f5153b0605284a1196ce";"7d7178150e2b91768f9ba95b86fb0aab84f02bf8";"314e65771523065a36f1e5781cc18977dbb0fbb2";"2";"2";"716fc95e14bb4cb5192f75ca746b316adcd502fa07bb0771e892fb762ccb277b"
"issue13-v5-diagnostic-module-bridge/1";"bridge-2a2a83ce49e3ba465438ea77";"_unit_contract.csv";"alternative_2";"wiodr13";"";"abstract_labour.emp.m.mv";"";"";"";"";"";"";"";"formula";"common/abstract_labour.emp.m.mv-country.R";"aggregation.abstract_labour.emp.m.mv";"";"";"run-20260827T171625376Z-300587ba87d45c63";"c6fd718bc075df286ddd5b4164715973cbeddce30ad9cab4e1ed7b7681da4eb4";"1c0dd5426b43c096c8b2417a78f89f0040975e54967f0a8b95f05b6e8066fc99";"82c61ee0a694c3076a180e36f08b171afba0c29abbc5f5153b0605284a1196ce";"e2f4d6dae9a6d35c966b305fabac52e489faa3e7";"7da19c4f2913e857040ba228280f404b0e54eaab";"run-20260824T043858922Z-c4f956458c3263bd";"df864d68591bd373c324a982ca2d121c31af79caf882abe022005186c03ae312";"1c0dd5426b43c096c8b2417a78f89f0040975e54967f0a8b95f05b6e8066fc99";"82c61ee0a694c3076a180e36f08b171afba0c29abbc5f5153b0605284a1196ce";"7d7178150e2b91768f9ba95b86fb0aab84f02bf8";"314e65771523065a36f1e5781cc18977dbb0fbb2";"2";"2";"2a2a83ce49e3ba465438ea778f3bfbcadb425360503bc5a4fa9aecbbf48bfcc9"
"issue13-v5-diagnostic-module-bridge/1";"bridge-7db4f24a86d82ff6781d59c9";"_unit_contract.csv";"alternative_2";"wiodr13";"";"abstract_labour.empe.m.mv";"";"";"";"";"";"";"";"formula";"common/abstract_labour.empe.m.mv-country.R";"aggregation.abstract_labour.empe.m.mv";"";"";"run-20260827T171625376Z-300587ba87d45c63";"c6fd718bc075df286ddd5b4164715973cbeddce30ad9cab4e1ed7b7681da4eb4";"1c0dd5426b43c096c8b2417a78f89f0040975e54967f0a8b95f05b6e8066fc99";"82c61ee0a694c3076a180e36f08b171afba0c29abbc5f5153b0605284a1196ce";"e2f4d6dae9a6d35c966b305fabac52e489faa3e7";"7da19c4f2913e857040ba228280f404b0e54eaab";"run-20260824T043858922Z-c4f956458c3263bd";"df864d68591bd373c324a982ca2d121c31af79caf882abe022005186c03ae312";"1c0dd5426b43c096c8b2417a78f89f0040975e54967f0a8b95f05b6e8066fc99";"82c61ee0a694c3076a180e36f08b171afba0c29abbc5f5153b0605284a1196ce";"7d7178150e2b91768f9ba95b86fb0aab84f02bf8";"314e65771523065a36f1e5781cc18977dbb0fbb2";"2";"2";"7db4f24a86d82ff6781d59c960c506e099e3b2641fddc21b6b88cbc64488712b"
"issue13-v5-diagnostic-module-bridge/1";"bridge-f87ae00b85a61a3abfb6fe15";"_unit_contract.csv";"alternative_2";"wiodr13";"";"appropriated_profit.r.pc";"";"";"";"";"";"";"";"formula";"common/appropriated_profit.r.pc-country.R";"aggregation.appropriated_profit.r.pc";"";"";"run-20260827T171625376Z-300587ba87d45c63";"c6fd718bc075df286ddd5b4164715973cbeddce30ad9cab4e1ed7b7681da4eb4";"1c0dd5426b43c096c8b2417a78f89f0040975e54967f0a8b95f05b6e8066fc99";"82c61ee0a694c3076a180e36f08b171afba0c29abbc5f5153b0605284a1196ce";"e2f4d6dae9a6d35c966b305fabac52e489faa3e7";"7da19c4f2913e857040ba228280f404b0e54eaab";"run-20260824T043858922Z-c4f956458c3263bd";"df864d68591bd373c324a982ca2d121c31af79caf882abe022005186c03ae312";"1c0dd5426b43c096c8b2417a78f89f0040975e54967f0a8b95f05b6e8066fc99";"82c61ee0a694c3076a180e36f08b171afba0c29abbc5f5153b0605284a1196ce";"7d7178150e2b91768f9ba95b86fb0aab84f02bf8";"314e65771523065a36f1e5781cc18977dbb0fbb2";"2";"2";"f87ae00b85a61a3abfb6fe15ea5cd15a4d41dece9c2ebcb4eaa46f4938f20c65"
"issue13-v5-diagnostic-module-bridge/1";"bridge-6421f6f8519eba35e275ad05";"_unit_contract.csv";"alternative_2";"wiodr13";"";"labour_force_value.emp.m.mv";"";"";"";"";"";"";"";"formula";"common/labour_force_value.emp.m.mv-country.R";"aggregation.labour_force_value.emp.m.mv";"";"";"run-20260827T171625376Z-300587ba87d45c63";"c6fd718bc075df286ddd5b4164715973cbeddce30ad9cab4e1ed7b7681da4eb4";"1c0dd5426b43c096c8b2417a78f89f0040975e54967f0a8b95f05b6e8066fc99";"82c61ee0a694c3076a180e36f08b171afba0c29abbc5f5153b0605284a1196ce";"e2f4d6dae9a6d35c966b305fabac52e489faa3e7";"7da19c4f2913e857040ba228280f404b0e54eaab";"run-20260824T043858922Z-c4f956458c3263bd";"df864d68591bd373c324a982ca2d121c31af79caf882abe022005186c03ae312";"1c0dd5426b43c096c8b2417a78f89f0040975e54967f0a8b95f05b6e8066fc99";"82c61ee0a694c3076a180e36f08b171afba0c29abbc5f5153b0605284a1196ce";"7d7178150e2b91768f9ba95b86fb0aab84f02bf8";"314e65771523065a36f1e5781cc18977dbb0fbb2";"2";"2";"6421f6f8519eba35e275ad05e4fdcd66329735f028c892c322d37ddc7ec77f34"
"issue13-v5-diagnostic-module-bridge/1";"bridge-040dc1a7ca8516fa1cc1013a";"_unit_contract.csv";"alternative_2";"wiodr13";"";"labour_force_value.m.mv";"";"";"";"";"";"";"";"formula";"common/labour_force_value.m.mv-country.R";"aggregation.labour_force_value.m.mv";"";"";"run-20260827T171625376Z-300587ba87d45c63";"c6fd718bc075df286ddd5b4164715973cbeddce30ad9cab4e1ed7b7681da4eb4";"1c0dd5426b43c096c8b2417a78f89f0040975e54967f0a8b95f05b6e8066fc99";"82c61ee0a694c3076a180e36f08b171afba0c29abbc5f5153b0605284a1196ce";"e2f4d6dae9a6d35c966b305fabac52e489faa3e7";"7da19c4f2913e857040ba228280f404b0e54eaab";"run-20260824T043858922Z-c4f956458c3263bd";"df864d68591bd373c324a982ca2d121c31af79caf882abe022005186c03ae312";"1c0dd5426b43c096c8b2417a78f89f0040975e54967f0a8b95f05b6e8066fc99";"82c61ee0a694c3076a180e36f08b171afba0c29abbc5f5153b0605284a1196ce";"7d7178150e2b91768f9ba95b86fb0aab84f02bf8";"314e65771523065a36f1e5781cc18977dbb0fbb2";"2";"2";"040dc1a7ca8516fa1cc1013a45c207e7861f01c238c0ef2371efc4b82eb6a735"
"issue13-v5-diagnostic-module-bridge/1";"bridge-d47e7980405062aa7514f7bf";"_unit_contract.csv";"alternative_2";"wiodr13";"";"surplus_value.emp.r.pc";"";"";"";"";"";"";"";"formula";"common/surplus_value.emp.r.pc-country.R";"aggregation.surplus_value.emp.r.pc";"";"";"run-20260827T171625376Z-300587ba87d45c63";"c6fd718bc075df286ddd5b4164715973cbeddce30ad9cab4e1ed7b7681da4eb4";"1c0dd5426b43c096c8b2417a78f89f0040975e54967f0a8b95f05b6e8066fc99";"82c61ee0a694c3076a180e36f08b171afba0c29abbc5f5153b0605284a1196ce";"e2f4d6dae9a6d35c966b305fabac52e489faa3e7";"7da19c4f2913e857040ba228280f404b0e54eaab";"run-20260824T043858922Z-c4f956458c3263bd";"df864d68591bd373c324a982ca2d121c31af79caf882abe022005186c03ae312";"1c0dd5426b43c096c8b2417a78f89f0040975e54967f0a8b95f05b6e8066fc99";"82c61ee0a694c3076a180e36f08b171afba0c29abbc5f5153b0605284a1196ce";"7d7178150e2b91768f9ba95b86fb0aab84f02bf8";"314e65771523065a36f1e5781cc18977dbb0fbb2";"2";"2";"d47e7980405062aa7514f7bf90a0eea29ac118ed6c3fe90c945e0bec8c951f70"
"issue13-v5-diagnostic-module-bridge/1";"bridge-cab9e9cd34acf5afa223b079";"_unit_contract.csv";"alternative_2";"wiodr13";"";"surplus_value.emp_p.r.pc";"";"";"";"";"";"";"";"formula";"common/surplus_value.emp_p.r.pc-country.R";"aggregation.surplus_value.emp_p.r.pc";"";"";"run-20260827T171625376Z-300587ba87d45c63";"c6fd718bc075df286ddd5b4164715973cbeddce30ad9cab4e1ed7b7681da4eb4";"1c0dd5426b43c096c8b2417a78f89f0040975e54967f0a8b95f05b6e8066fc99";"82c61ee0a694c3076a180e36f08b171afba0c29abbc5f5153b0605284a1196ce";"e2f4d6dae9a6d35c966b305fabac52e489faa3e7";"7da19c4f2913e857040ba228280f404b0e54eaab";"run-20260824T043858922Z-c4f956458c3263bd";"df864d68591bd373c324a982ca2d121c31af79caf882abe022005186c03ae312";"1c0dd5426b43c096c8b2417a78f89f0040975e54967f0a8b95f05b6e8066fc99";"82c61ee0a694c3076a180e36f08b171afba0c29abbc5f5153b0605284a1196ce";"7d7178150e2b91768f9ba95b86fb0aab84f02bf8";"314e65771523065a36f1e5781cc18977dbb0fbb2";"2";"2";"cab9e9cd34acf5afa223b079002d33a939f41b9e199b3eef2441250912d64b49"
"issue13-v5-diagnostic-module-bridge/1";"bridge-a912a4793a29997d782f21f0";"_unit_contract.csv";"alternative_2";"wiodr13";"";"surplus_value.empe.r.pc";"";"";"";"";"";"";"";"formula";"common/surplus_value.empe.r.pc-country.R";"aggregation.surplus_value.empe.r.pc";"";"";"run-20260827T171625376Z-300587ba87d45c63";"c6fd718bc075df286ddd5b4164715973cbeddce30ad9cab4e1ed7b7681da4eb4";"1c0dd5426b43c096c8b2417a78f89f0040975e54967f0a8b95f05b6e8066fc99";"82c61ee0a694c3076a180e36f08b171afba0c29abbc5f5153b0605284a1196ce";"e2f4d6dae9a6d35c966b305fabac52e489faa3e7";"7da19c4f2913e857040ba228280f404b0e54eaab";"run-20260824T043858922Z-c4f956458c3263bd";"df864d68591bd373c324a982ca2d121c31af79caf882abe022005186c03ae312";"1c0dd5426b43c096c8b2417a78f89f0040975e54967f0a8b95f05b6e8066fc99";"82c61ee0a694c3076a180e36f08b171afba0c29abbc5f5153b0605284a1196ce";"7d7178150e2b91768f9ba95b86fb0aab84f02bf8";"314e65771523065a36f1e5781cc18977dbb0fbb2";"2";"2";"a912a4793a29997d782f21f0d26da42fe8ba197834ce7e62f7a15fbb592eb913"
"issue13-v5-diagnostic-module-bridge/1";"bridge-b9ac9105bb29359182661ea0";"_unit_contract.csv";"alternative_2";"wiodr13";"";"surplus_value.empe_hs.r.pc";"";"";"";"";"";"";"";"formula";"wiodr13/surplus_value.empe_hs.r.pc-country.R";"aggregation.surplus_value.empe_hs.r.pc";"";"";"run-20260827T171625376Z-300587ba87d45c63";"c6fd718bc075df286ddd5b4164715973cbeddce30ad9cab4e1ed7b7681da4eb4";"1c0dd5426b43c096c8b2417a78f89f0040975e54967f0a8b95f05b6e8066fc99";"82c61ee0a694c3076a180e36f08b171afba0c29abbc5f5153b0605284a1196ce";"e2f4d6dae9a6d35c966b305fabac52e489faa3e7";"7da19c4f2913e857040ba228280f404b0e54eaab";"run-20260824T043858922Z-c4f956458c3263bd";"df864d68591bd373c324a982ca2d121c31af79caf882abe022005186c03ae312";"1c0dd5426b43c096c8b2417a78f89f0040975e54967f0a8b95f05b6e8066fc99";"82c61ee0a694c3076a180e36f08b171afba0c29abbc5f5153b0605284a1196ce";"7d7178150e2b91768f9ba95b86fb0aab84f02bf8";"314e65771523065a36f1e5781cc18977dbb0fbb2";"2";"2";"b9ac9105bb29359182661ea0037336724e6bfb2ff91fbdd7396c4830d4abc9e8"
"issue13-v5-diagnostic-module-bridge/1";"bridge-ae08f914c8563899f5900565";"_unit_contract.csv";"alternative_2";"wiodr13";"";"surplus_value.empe_ls.r.pc";"";"";"";"";"";"";"";"formula";"wiodr13/surplus_value.empe_ls.r.pc-country.R";"aggregation.surplus_value.empe_ls.r.pc";"";"";"run-20260827T171625376Z-300587ba87d45c63";"c6fd718bc075df286ddd5b4164715973cbeddce30ad9cab4e1ed7b7681da4eb4";"1c0dd5426b43c096c8b2417a78f89f0040975e54967f0a8b95f05b6e8066fc99";"82c61ee0a694c3076a180e36f08b171afba0c29abbc5f5153b0605284a1196ce";"e2f4d6dae9a6d35c966b305fabac52e489faa3e7";"7da19c4f2913e857040ba228280f404b0e54eaab";"run-20260824T043858922Z-c4f956458c3263bd";"df864d68591bd373c324a982ca2d121c31af79caf882abe022005186c03ae312";"1c0dd5426b43c096c8b2417a78f89f0040975e54967f0a8b95f05b6e8066fc99";"82c61ee0a694c3076a180e36f08b171afba0c29abbc5f5153b0605284a1196ce";"7d7178150e2b91768f9ba95b86fb0aab84f02bf8";"314e65771523065a36f1e5781cc18977dbb0fbb2";"2";"2";"ae08f914c8563899f590056537e381849e0b4630072278490447f0d1ebbb3482"
"issue13-v5-diagnostic-module-bridge/1";"bridge-834a95bbb6495eb0dfb2715a";"_unit_contract.csv";"alternative_2";"wiodr13";"";"surplus_value.empe_ms.r.pc";"";"";"";"";"";"";"";"formula";"wiodr13/surplus_value.empe_ms.r.pc-country.R";"aggregation.surplus_value.empe_ms.r.pc";"";"";"run-20260827T171625376Z-300587ba87d45c63";"c6fd718bc075df286ddd5b4164715973cbeddce30ad9cab4e1ed7b7681da4eb4";"1c0dd5426b43c096c8b2417a78f89f0040975e54967f0a8b95f05b6e8066fc99";"82c61ee0a694c3076a180e36f08b171afba0c29abbc5f5153b0605284a1196ce";"e2f4d6dae9a6d35c966b305fabac52e489faa3e7";"7da19c4f2913e857040ba228280f404b0e54eaab";"run-20260824T043858922Z-c4f956458c3263bd";"df864d68591bd373c324a982ca2d121c31af79caf882abe022005186c03ae312";"1c0dd5426b43c096c8b2417a78f89f0040975e54967f0a8b95f05b6e8066fc99";"82c61ee0a694c3076a180e36f08b171afba0c29abbc5f5153b0605284a1196ce";"7d7178150e2b91768f9ba95b86fb0aab84f02bf8";"314e65771523065a36f1e5781cc18977dbb0fbb2";"2";"2";"834a95bbb6495eb0dfb2715a46b454ef40a5d0168fb9e52ebcd45d69042b3d81"
"issue13-v5-diagnostic-module-bridge/1";"bridge-cde04df03c7df28b99ded581";"_unit_contract.csv";"alternative_2";"wiodr13";"";"surplus_value.empe_p.r.pc";"";"";"";"";"";"";"";"formula";"common/surplus_value.empe_p.r.pc-country.R";"aggregation.surplus_value.empe_p.r.pc";"";"";"run-20260827T171625376Z-300587ba87d45c63";"c6fd718bc075df286ddd5b4164715973cbeddce30ad9cab4e1ed7b7681da4eb4";"1c0dd5426b43c096c8b2417a78f89f0040975e54967f0a8b95f05b6e8066fc99";"82c61ee0a694c3076a180e36f08b171afba0c29abbc5f5153b0605284a1196ce";"e2f4d6dae9a6d35c966b305fabac52e489faa3e7";"7da19c4f2913e857040ba228280f404b0e54eaab";"run-20260824T043858922Z-c4f956458c3263bd";"df864d68591bd373c324a982ca2d121c31af79caf882abe022005186c03ae312";"1c0dd5426b43c096c8b2417a78f89f0040975e54967f0a8b95f05b6e8066fc99";"82c61ee0a694c3076a180e36f08b171afba0c29abbc5f5153b0605284a1196ce";"7d7178150e2b91768f9ba95b86fb0aab84f02bf8";"314e65771523065a36f1e5781cc18977dbb0fbb2";"2";"2";"cde04df03c7df28b99ded581df760d32e5abeac5b04f34a6bbf4b2d6f9373c6d"
"issue13-v5-diagnostic-module-bridge/1";"bridge-3988a08628df30f0ce12d345";"_unit_contract.csv";"alternative_2";"wiodr13";"";"trade_transfers.p.m.pc";"";"";"";"";"";"";"";"formula";"common/trade_transfers.p.m.pc-country.R";"aggregation.trade_transfers.p.m.pc";"";"";"run-20260827T171625376Z-300587ba87d45c63";"c6fd718bc075df286ddd5b4164715973cbeddce30ad9cab4e1ed7b7681da4eb4";"1c0dd5426b43c096c8b2417a78f89f0040975e54967f0a8b95f05b6e8066fc99";"82c61ee0a694c3076a180e36f08b171afba0c29abbc5f5153b0605284a1196ce";"e2f4d6dae9a6d35c966b305fabac52e489faa3e7";"7da19c4f2913e857040ba228280f404b0e54eaab";"run-20260824T043858922Z-c4f956458c3263bd";"df864d68591bd373c324a982ca2d121c31af79caf882abe022005186c03ae312";"1c0dd5426b43c096c8b2417a78f89f0040975e54967f0a8b95f05b6e8066fc99";"82c61ee0a694c3076a180e36f08b171afba0c29abbc5f5153b0605284a1196ce";"7d7178150e2b91768f9ba95b86fb0aab84f02bf8";"314e65771523065a36f1e5781cc18977dbb0fbb2";"2";"2";"3988a08628df30f0ce12d345bd7160842a7ca18162acd99f52cdf8d4968d27c5"
"issue13-v5-diagnostic-module-bridge/1";"bridge-89887bcfc8bbedf557e0f94e";"_unit_contract.csv";"norow_w13";"wiodr13";"";"abstract_labour.emp.m.mv";"";"";"";"";"";"";"";"formula";"common/abstract_labour.emp.m.mv-country.R";"aggregation.abstract_labour.emp.m.mv";"";"";"run-20260827T172911387Z-f3caa443813b0ce5";"e61d3a27a700a6057b2f0f963708767d356dcc87dc7b1b158071a08f3488be9c";"0d19103f77f912a9bbaea418ba4c0d561cf06db73cc021115696f0ab42ee6994";"3b8b125761e2bcf7c6f0e5c7bef1aa00d26d5853d57883a0e0e98fd50b4b71e6";"e2f4d6dae9a6d35c966b305fabac52e489faa3e7";"7da19c4f2913e857040ba228280f404b0e54eaab";"run-20260824T045022633Z-af31148740916475";"7590477c42e0dfb6deca5485e8d86d905c23ca648dfa198fb83e0bc54f01e1c5";"0d19103f77f912a9bbaea418ba4c0d561cf06db73cc021115696f0ab42ee6994";"3b8b125761e2bcf7c6f0e5c7bef1aa00d26d5853d57883a0e0e98fd50b4b71e6";"7d7178150e2b91768f9ba95b86fb0aab84f02bf8";"314e65771523065a36f1e5781cc18977dbb0fbb2";"2";"2";"89887bcfc8bbedf557e0f94eae30ec152d37c02cd65e7dca28e958dfc3cfc713"
"issue13-v5-diagnostic-module-bridge/1";"bridge-bd870f538c1049dc370a0cb1";"_unit_contract.csv";"norow_w13";"wiodr13";"";"abstract_labour.empe.m.mv";"";"";"";"";"";"";"";"formula";"common/abstract_labour.empe.m.mv-country.R";"aggregation.abstract_labour.empe.m.mv";"";"";"run-20260827T172911387Z-f3caa443813b0ce5";"e61d3a27a700a6057b2f0f963708767d356dcc87dc7b1b158071a08f3488be9c";"0d19103f77f912a9bbaea418ba4c0d561cf06db73cc021115696f0ab42ee6994";"3b8b125761e2bcf7c6f0e5c7bef1aa00d26d5853d57883a0e0e98fd50b4b71e6";"e2f4d6dae9a6d35c966b305fabac52e489faa3e7";"7da19c4f2913e857040ba228280f404b0e54eaab";"run-20260824T045022633Z-af31148740916475";"7590477c42e0dfb6deca5485e8d86d905c23ca648dfa198fb83e0bc54f01e1c5";"0d19103f77f912a9bbaea418ba4c0d561cf06db73cc021115696f0ab42ee6994";"3b8b125761e2bcf7c6f0e5c7bef1aa00d26d5853d57883a0e0e98fd50b4b71e6";"7d7178150e2b91768f9ba95b86fb0aab84f02bf8";"314e65771523065a36f1e5781cc18977dbb0fbb2";"2";"2";"bd870f538c1049dc370a0cb1ae79636a78cac17bef783bd981ad40c8dc1f30b2"
"issue13-v5-diagnostic-module-bridge/1";"bridge-9ed2fe7cddfbc5d7a24e5d71";"_unit_contract.csv";"norow_w13";"wiodr13";"";"appropriated_profit.r.pc";"";"";"";"";"";"";"";"formula";"common/appropriated_profit.r.pc-country.R";"aggregation.appropriated_profit.r.pc";"";"";"run-20260827T172911387Z-f3caa443813b0ce5";"e61d3a27a700a6057b2f0f963708767d356dcc87dc7b1b158071a08f3488be9c";"0d19103f77f912a9bbaea418ba4c0d561cf06db73cc021115696f0ab42ee6994";"3b8b125761e2bcf7c6f0e5c7bef1aa00d26d5853d57883a0e0e98fd50b4b71e6";"e2f4d6dae9a6d35c966b305fabac52e489faa3e7";"7da19c4f2913e857040ba228280f404b0e54eaab";"run-20260824T045022633Z-af31148740916475";"7590477c42e0dfb6deca5485e8d86d905c23ca648dfa198fb83e0bc54f01e1c5";"0d19103f77f912a9bbaea418ba4c0d561cf06db73cc021115696f0ab42ee6994";"3b8b125761e2bcf7c6f0e5c7bef1aa00d26d5853d57883a0e0e98fd50b4b71e6";"7d7178150e2b91768f9ba95b86fb0aab84f02bf8";"314e65771523065a36f1e5781cc18977dbb0fbb2";"2";"2";"9ed2fe7cddfbc5d7a24e5d713d56bef4f745ed39475dc95fe87c4f9fa8e4b4d5"
"issue13-v5-diagnostic-module-bridge/1";"bridge-b3fbb253eb8ae7391279a779";"_unit_contract.csv";"norow_w13";"wiodr13";"";"labour_force_value.emp.m.mv";"";"";"";"";"";"";"";"formula";"common/labour_force_value.emp.m.mv-country.R";"aggregation.labour_force_value.emp.m.mv";"";"";"run-20260827T172911387Z-f3caa443813b0ce5";"e61d3a27a700a6057b2f0f963708767d356dcc87dc7b1b158071a08f3488be9c";"0d19103f77f912a9bbaea418ba4c0d561cf06db73cc021115696f0ab42ee6994";"3b8b125761e2bcf7c6f0e5c7bef1aa00d26d5853d57883a0e0e98fd50b4b71e6";"e2f4d6dae9a6d35c966b305fabac52e489faa3e7";"7da19c4f2913e857040ba228280f404b0e54eaab";"run-20260824T045022633Z-af31148740916475";"7590477c42e0dfb6deca5485e8d86d905c23ca648dfa198fb83e0bc54f01e1c5";"0d19103f77f912a9bbaea418ba4c0d561cf06db73cc021115696f0ab42ee6994";"3b8b125761e2bcf7c6f0e5c7bef1aa00d26d5853d57883a0e0e98fd50b4b71e6";"7d7178150e2b91768f9ba95b86fb0aab84f02bf8";"314e65771523065a36f1e5781cc18977dbb0fbb2";"2";"2";"b3fbb253eb8ae7391279a779ef6b0af72e3708354ec93373426440d04f907b5d"
"issue13-v5-diagnostic-module-bridge/1";"bridge-8815de8970550c7d952451b3";"_unit_contract.csv";"norow_w13";"wiodr13";"";"labour_force_value.m.mv";"";"";"";"";"";"";"";"formula";"common/labour_force_value.m.mv-country.R";"aggregation.labour_force_value.m.mv";"";"";"run-20260827T172911387Z-f3caa443813b0ce5";"e61d3a27a700a6057b2f0f963708767d356dcc87dc7b1b158071a08f3488be9c";"0d19103f77f912a9bbaea418ba4c0d561cf06db73cc021115696f0ab42ee6994";"3b8b125761e2bcf7c6f0e5c7bef1aa00d26d5853d57883a0e0e98fd50b4b71e6";"e2f4d6dae9a6d35c966b305fabac52e489faa3e7";"7da19c4f2913e857040ba228280f404b0e54eaab";"run-20260824T045022633Z-af31148740916475";"7590477c42e0dfb6deca5485e8d86d905c23ca648dfa198fb83e0bc54f01e1c5";"0d19103f77f912a9bbaea418ba4c0d561cf06db73cc021115696f0ab42ee6994";"3b8b125761e2bcf7c6f0e5c7bef1aa00d26d5853d57883a0e0e98fd50b4b71e6";"7d7178150e2b91768f9ba95b86fb0aab84f02bf8";"314e65771523065a36f1e5781cc18977dbb0fbb2";"2";"2";"8815de8970550c7d952451b3e75039735f40941411ccf5c63b104278e40e322c"
"issue13-v5-diagnostic-module-bridge/1";"bridge-b8d40be725985cef8adfe799";"_unit_contract.csv";"norow_w13";"wiodr13";"";"surplus_value.emp.r.pc";"";"";"";"";"";"";"";"formula";"common/surplus_value.emp.r.pc-country.R";"aggregation.surplus_value.emp.r.pc";"";"";"run-20260827T172911387Z-f3caa443813b0ce5";"e61d3a27a700a6057b2f0f963708767d356dcc87dc7b1b158071a08f3488be9c";"0d19103f77f912a9bbaea418ba4c0d561cf06db73cc021115696f0ab42ee6994";"3b8b125761e2bcf7c6f0e5c7bef1aa00d26d5853d57883a0e0e98fd50b4b71e6";"e2f4d6dae9a6d35c966b305fabac52e489faa3e7";"7da19c4f2913e857040ba228280f404b0e54eaab";"run-20260824T045022633Z-af31148740916475";"7590477c42e0dfb6deca5485e8d86d905c23ca648dfa198fb83e0bc54f01e1c5";"0d19103f77f912a9bbaea418ba4c0d561cf06db73cc021115696f0ab42ee6994";"3b8b125761e2bcf7c6f0e5c7bef1aa00d26d5853d57883a0e0e98fd50b4b71e6";"7d7178150e2b91768f9ba95b86fb0aab84f02bf8";"314e65771523065a36f1e5781cc18977dbb0fbb2";"2";"2";"b8d40be725985cef8adfe799af0766c5ef847cdb9dae90faa649629bfa74998c"
"issue13-v5-diagnostic-module-bridge/1";"bridge-093b061d06bce780f8f2a948";"_unit_contract.csv";"norow_w13";"wiodr13";"";"surplus_value.emp_p.r.pc";"";"";"";"";"";"";"";"formula";"common/surplus_value.emp_p.r.pc-country.R";"aggregation.surplus_value.emp_p.r.pc";"";"";"run-20260827T172911387Z-f3caa443813b0ce5";"e61d3a27a700a6057b2f0f963708767d356dcc87dc7b1b158071a08f3488be9c";"0d19103f77f912a9bbaea418ba4c0d561cf06db73cc021115696f0ab42ee6994";"3b8b125761e2bcf7c6f0e5c7bef1aa00d26d5853d57883a0e0e98fd50b4b71e6";"e2f4d6dae9a6d35c966b305fabac52e489faa3e7";"7da19c4f2913e857040ba228280f404b0e54eaab";"run-20260824T045022633Z-af31148740916475";"7590477c42e0dfb6deca5485e8d86d905c23ca648dfa198fb83e0bc54f01e1c5";"0d19103f77f912a9bbaea418ba4c0d561cf06db73cc021115696f0ab42ee6994";"3b8b125761e2bcf7c6f0e5c7bef1aa00d26d5853d57883a0e0e98fd50b4b71e6";"7d7178150e2b91768f9ba95b86fb0aab84f02bf8";"314e65771523065a36f1e5781cc18977dbb0fbb2";"2";"2";"093b061d06bce780f8f2a948c5886d5a28eea23f361c36a056973dd08fff54b4"
"issue13-v5-diagnostic-module-bridge/1";"bridge-ee023ee3d267440a377585e9";"_unit_contract.csv";"norow_w13";"wiodr13";"";"surplus_value.empe.r.pc";"";"";"";"";"";"";"";"formula";"common/surplus_value.empe.r.pc-country.R";"aggregation.surplus_value.empe.r.pc";"";"";"run-20260827T172911387Z-f3caa443813b0ce5";"e61d3a27a700a6057b2f0f963708767d356dcc87dc7b1b158071a08f3488be9c";"0d19103f77f912a9bbaea418ba4c0d561cf06db73cc021115696f0ab42ee6994";"3b8b125761e2bcf7c6f0e5c7bef1aa00d26d5853d57883a0e0e98fd50b4b71e6";"e2f4d6dae9a6d35c966b305fabac52e489faa3e7";"7da19c4f2913e857040ba228280f404b0e54eaab";"run-20260824T045022633Z-af31148740916475";"7590477c42e0dfb6deca5485e8d86d905c23ca648dfa198fb83e0bc54f01e1c5";"0d19103f77f912a9bbaea418ba4c0d561cf06db73cc021115696f0ab42ee6994";"3b8b125761e2bcf7c6f0e5c7bef1aa00d26d5853d57883a0e0e98fd50b4b71e6";"7d7178150e2b91768f9ba95b86fb0aab84f02bf8";"314e65771523065a36f1e5781cc18977dbb0fbb2";"2";"2";"ee023ee3d267440a377585e97cf52bb9b7e469c7da1874961986b08146f8ead6"
"issue13-v5-diagnostic-module-bridge/1";"bridge-3c64901a011c79f140ed7e57";"_unit_contract.csv";"norow_w13";"wiodr13";"";"surplus_value.empe_hs.r.pc";"";"";"";"";"";"";"";"formula";"wiodr13/surplus_value.empe_hs.r.pc-country.R";"aggregation.surplus_value.empe_hs.r.pc";"";"";"run-20260827T172911387Z-f3caa443813b0ce5";"e61d3a27a700a6057b2f0f963708767d356dcc87dc7b1b158071a08f3488be9c";"0d19103f77f912a9bbaea418ba4c0d561cf06db73cc021115696f0ab42ee6994";"3b8b125761e2bcf7c6f0e5c7bef1aa00d26d5853d57883a0e0e98fd50b4b71e6";"e2f4d6dae9a6d35c966b305fabac52e489faa3e7";"7da19c4f2913e857040ba228280f404b0e54eaab";"run-20260824T045022633Z-af31148740916475";"7590477c42e0dfb6deca5485e8d86d905c23ca648dfa198fb83e0bc54f01e1c5";"0d19103f77f912a9bbaea418ba4c0d561cf06db73cc021115696f0ab42ee6994";"3b8b125761e2bcf7c6f0e5c7bef1aa00d26d5853d57883a0e0e98fd50b4b71e6";"7d7178150e2b91768f9ba95b86fb0aab84f02bf8";"314e65771523065a36f1e5781cc18977dbb0fbb2";"2";"2";"3c64901a011c79f140ed7e5711fa95ea22899b80d6576e66d689a72ade13ae62"
"issue13-v5-diagnostic-module-bridge/1";"bridge-f03028d14c5e45e4f0646356";"_unit_contract.csv";"norow_w13";"wiodr13";"";"surplus_value.empe_ls.r.pc";"";"";"";"";"";"";"";"formula";"wiodr13/surplus_value.empe_ls.r.pc-country.R";"aggregation.surplus_value.empe_ls.r.pc";"";"";"run-20260827T172911387Z-f3caa443813b0ce5";"e61d3a27a700a6057b2f0f963708767d356dcc87dc7b1b158071a08f3488be9c";"0d19103f77f912a9bbaea418ba4c0d561cf06db73cc021115696f0ab42ee6994";"3b8b125761e2bcf7c6f0e5c7bef1aa00d26d5853d57883a0e0e98fd50b4b71e6";"e2f4d6dae9a6d35c966b305fabac52e489faa3e7";"7da19c4f2913e857040ba228280f404b0e54eaab";"run-20260824T045022633Z-af31148740916475";"7590477c42e0dfb6deca5485e8d86d905c23ca648dfa198fb83e0bc54f01e1c5";"0d19103f77f912a9bbaea418ba4c0d561cf06db73cc021115696f0ab42ee6994";"3b8b125761e2bcf7c6f0e5c7bef1aa00d26d5853d57883a0e0e98fd50b4b71e6";"7d7178150e2b91768f9ba95b86fb0aab84f02bf8";"314e65771523065a36f1e5781cc18977dbb0fbb2";"2";"2";"f03028d14c5e45e4f064635650dacfccee43a2f8578a51394ae2d322d7c1e27d"
"issue13-v5-diagnostic-module-bridge/1";"bridge-4679f1fe850b926ec4fac8f4";"_unit_contract.csv";"norow_w13";"wiodr13";"";"surplus_value.empe_ms.r.pc";"";"";"";"";"";"";"";"formula";"wiodr13/surplus_value.empe_ms.r.pc-country.R";"aggregation.surplus_value.empe_ms.r.pc";"";"";"run-20260827T172911387Z-f3caa443813b0ce5";"e61d3a27a700a6057b2f0f963708767d356dcc87dc7b1b158071a08f3488be9c";"0d19103f77f912a9bbaea418ba4c0d561cf06db73cc021115696f0ab42ee6994";"3b8b125761e2bcf7c6f0e5c7bef1aa00d26d5853d57883a0e0e98fd50b4b71e6";"e2f4d6dae9a6d35c966b305fabac52e489faa3e7";"7da19c4f2913e857040ba228280f404b0e54eaab";"run-20260824T045022633Z-af31148740916475";"7590477c42e0dfb6deca5485e8d86d905c23ca648dfa198fb83e0bc54f01e1c5";"0d19103f77f912a9bbaea418ba4c0d561cf06db73cc021115696f0ab42ee6994";"3b8b125761e2bcf7c6f0e5c7bef1aa00d26d5853d57883a0e0e98fd50b4b71e6";"7d7178150e2b91768f9ba95b86fb0aab84f02bf8";"314e65771523065a36f1e5781cc18977dbb0fbb2";"2";"2";"4679f1fe850b926ec4fac8f4754f29576eacd8cb156c6b964d6191a836a43ee9"
"issue13-v5-diagnostic-module-bridge/1";"bridge-8bdc3b16c151eff204eff5f9";"_unit_contract.csv";"norow_w13";"wiodr13";"";"surplus_value.empe_p.r.pc";"";"";"";"";"";"";"";"formula";"common/surplus_value.empe_p.r.pc-country.R";"aggregation.surplus_value.empe_p.r.pc";"";"";"run-20260827T172911387Z-f3caa443813b0ce5";"e61d3a27a700a6057b2f0f963708767d356dcc87dc7b1b158071a08f3488be9c";"0d19103f77f912a9bbaea418ba4c0d561cf06db73cc021115696f0ab42ee6994";"3b8b125761e2bcf7c6f0e5c7bef1aa00d26d5853d57883a0e0e98fd50b4b71e6";"e2f4d6dae9a6d35c966b305fabac52e489faa3e7";"7da19c4f2913e857040ba228280f404b0e54eaab";"run-20260824T045022633Z-af31148740916475";"7590477c42e0dfb6deca5485e8d86d905c23ca648dfa198fb83e0bc54f01e1c5";"0d19103f77f912a9bbaea418ba4c0d561cf06db73cc021115696f0ab42ee6994";"3b8b125761e2bcf7c6f0e5c7bef1aa00d26d5853d57883a0e0e98fd50b4b71e6";"7d7178150e2b91768f9ba95b86fb0aab84f02bf8";"314e65771523065a36f1e5781cc18977dbb0fbb2";"2";"2";"8bdc3b16c151eff204eff5f91d554439d667e98eb83a208893f75ece342eef68"
"issue13-v5-diagnostic-module-bridge/1";"bridge-fa59fe250645122971fc2f33";"_unit_contract.csv";"norow_w13";"wiodr13";"";"trade_transfers.p.m.pc";"";"";"";"";"";"";"";"formula";"common/trade_transfers.p.m.pc-country.R";"aggregation.trade_transfers.p.m.pc";"";"";"run-20260827T172911387Z-f3caa443813b0ce5";"e61d3a27a700a6057b2f0f963708767d356dcc87dc7b1b158071a08f3488be9c";"0d19103f77f912a9bbaea418ba4c0d561cf06db73cc021115696f0ab42ee6994";"3b8b125761e2bcf7c6f0e5c7bef1aa00d26d5853d57883a0e0e98fd50b4b71e6";"e2f4d6dae9a6d35c966b305fabac52e489faa3e7";"7da19c4f2913e857040ba228280f404b0e54eaab";"run-20260824T045022633Z-af31148740916475";"7590477c42e0dfb6deca5485e8d86d905c23ca648dfa198fb83e0bc54f01e1c5";"0d19103f77f912a9bbaea418ba4c0d561cf06db73cc021115696f0ab42ee6994";"3b8b125761e2bcf7c6f0e5c7bef1aa00d26d5853d57883a0e0e98fd50b4b71e6";"7d7178150e2b91768f9ba95b86fb0aab84f02bf8";"314e65771523065a36f1e5781cc18977dbb0fbb2";"2";"2";"fa59fe250645122971fc2f3332b38b32078651baea9d728f468f6cbc3bbd2339"
"issue13-v5-diagnostic-module-bridge/1";"bridge-f3bb67fb6c3bf99c330750f1";"_unit_contract.csv";"ochoa_1";"wiodr13";"";"abstract_labour.emp.m.mv";"";"";"";"";"";"";"";"formula";"common/abstract_labour.emp.m.mv-country.R";"aggregation.abstract_labour.emp.m.mv";"";"";"run-20260827T174132576Z-fc4735affffae4c1";"c6fd718bc075df286ddd5b4164715973cbeddce30ad9cab4e1ed7b7681da4eb4";"5dca3f2b8ebb9d18166ea452aead09aceb37eccea6b5e779c0379c02ab001359";"82c61ee0a694c3076a180e36f08b171afba0c29abbc5f5153b0605284a1196ce";"e2f4d6dae9a6d35c966b305fabac52e489faa3e7";"7da19c4f2913e857040ba228280f404b0e54eaab";"run-20260824T044549632Z-6af96175657f0a5e";"df864d68591bd373c324a982ca2d121c31af79caf882abe022005186c03ae312";"5dca3f2b8ebb9d18166ea452aead09aceb37eccea6b5e779c0379c02ab001359";"82c61ee0a694c3076a180e36f08b171afba0c29abbc5f5153b0605284a1196ce";"7d7178150e2b91768f9ba95b86fb0aab84f02bf8";"314e65771523065a36f1e5781cc18977dbb0fbb2";"2";"2";"f3bb67fb6c3bf99c330750f1f4a077a626aa524216476f2aad855342ef27ab25"
"issue13-v5-diagnostic-module-bridge/1";"bridge-5d748c38f29ac3efa81550ae";"_unit_contract.csv";"ochoa_1";"wiodr13";"";"abstract_labour.empe.m.mv";"";"";"";"";"";"";"";"formula";"common/abstract_labour.empe.m.mv-country.R";"aggregation.abstract_labour.empe.m.mv";"";"";"run-20260827T174132576Z-fc4735affffae4c1";"c6fd718bc075df286ddd5b4164715973cbeddce30ad9cab4e1ed7b7681da4eb4";"5dca3f2b8ebb9d18166ea452aead09aceb37eccea6b5e779c0379c02ab001359";"82c61ee0a694c3076a180e36f08b171afba0c29abbc5f5153b0605284a1196ce";"e2f4d6dae9a6d35c966b305fabac52e489faa3e7";"7da19c4f2913e857040ba228280f404b0e54eaab";"run-20260824T044549632Z-6af96175657f0a5e";"df864d68591bd373c324a982ca2d121c31af79caf882abe022005186c03ae312";"5dca3f2b8ebb9d18166ea452aead09aceb37eccea6b5e779c0379c02ab001359";"82c61ee0a694c3076a180e36f08b171afba0c29abbc5f5153b0605284a1196ce";"7d7178150e2b91768f9ba95b86fb0aab84f02bf8";"314e65771523065a36f1e5781cc18977dbb0fbb2";"2";"2";"5d748c38f29ac3efa81550ae4594a85bbcb8e89cfa7811a5216e82bcaa2cd282"
"issue13-v5-diagnostic-module-bridge/1";"bridge-6ad95c760c1c6c3aeec17451";"_unit_contract.csv";"ochoa_1";"wiodr13";"";"appropriated_profit.r.pc";"";"";"";"";"";"";"";"formula";"common/appropriated_profit.r.pc-country.R";"aggregation.appropriated_profit.r.pc";"";"";"run-20260827T174132576Z-fc4735affffae4c1";"c6fd718bc075df286ddd5b4164715973cbeddce30ad9cab4e1ed7b7681da4eb4";"5dca3f2b8ebb9d18166ea452aead09aceb37eccea6b5e779c0379c02ab001359";"82c61ee0a694c3076a180e36f08b171afba0c29abbc5f5153b0605284a1196ce";"e2f4d6dae9a6d35c966b305fabac52e489faa3e7";"7da19c4f2913e857040ba228280f404b0e54eaab";"run-20260824T044549632Z-6af96175657f0a5e";"df864d68591bd373c324a982ca2d121c31af79caf882abe022005186c03ae312";"5dca3f2b8ebb9d18166ea452aead09aceb37eccea6b5e779c0379c02ab001359";"82c61ee0a694c3076a180e36f08b171afba0c29abbc5f5153b0605284a1196ce";"7d7178150e2b91768f9ba95b86fb0aab84f02bf8";"314e65771523065a36f1e5781cc18977dbb0fbb2";"2";"2";"6ad95c760c1c6c3aeec174514a5d6210537c2bf1e88bfa961159d45cccbedf95"
"issue13-v5-diagnostic-module-bridge/1";"bridge-1e2759e1bbab6fb7a499557c";"_unit_contract.csv";"ochoa_1";"wiodr13";"";"labour_force_value.emp.m.mv";"";"";"";"";"";"";"";"formula";"common/labour_force_value.emp.m.mv-country.R";"aggregation.labour_force_value.emp.m.mv";"";"";"run-20260827T174132576Z-fc4735affffae4c1";"c6fd718bc075df286ddd5b4164715973cbeddce30ad9cab4e1ed7b7681da4eb4";"5dca3f2b8ebb9d18166ea452aead09aceb37eccea6b5e779c0379c02ab001359";"82c61ee0a694c3076a180e36f08b171afba0c29abbc5f5153b0605284a1196ce";"e2f4d6dae9a6d35c966b305fabac52e489faa3e7";"7da19c4f2913e857040ba228280f404b0e54eaab";"run-20260824T044549632Z-6af96175657f0a5e";"df864d68591bd373c324a982ca2d121c31af79caf882abe022005186c03ae312";"5dca3f2b8ebb9d18166ea452aead09aceb37eccea6b5e779c0379c02ab001359";"82c61ee0a694c3076a180e36f08b171afba0c29abbc5f5153b0605284a1196ce";"7d7178150e2b91768f9ba95b86fb0aab84f02bf8";"314e65771523065a36f1e5781cc18977dbb0fbb2";"2";"2";"1e2759e1bbab6fb7a499557cc3c0a7840536215c156db93b84d1621a719d4210"
"issue13-v5-diagnostic-module-bridge/1";"bridge-1616aa4aa33008352db7fc8e";"_unit_contract.csv";"ochoa_1";"wiodr13";"";"labour_force_value.m.mv";"";"";"";"";"";"";"";"formula";"common/labour_force_value.m.mv-country.R";"aggregation.labour_force_value.m.mv";"";"";"run-20260827T174132576Z-fc4735affffae4c1";"c6fd718bc075df286ddd5b4164715973cbeddce30ad9cab4e1ed7b7681da4eb4";"5dca3f2b8ebb9d18166ea452aead09aceb37eccea6b5e779c0379c02ab001359";"82c61ee0a694c3076a180e36f08b171afba0c29abbc5f5153b0605284a1196ce";"e2f4d6dae9a6d35c966b305fabac52e489faa3e7";"7da19c4f2913e857040ba228280f404b0e54eaab";"run-20260824T044549632Z-6af96175657f0a5e";"df864d68591bd373c324a982ca2d121c31af79caf882abe022005186c03ae312";"5dca3f2b8ebb9d18166ea452aead09aceb37eccea6b5e779c0379c02ab001359";"82c61ee0a694c3076a180e36f08b171afba0c29abbc5f5153b0605284a1196ce";"7d7178150e2b91768f9ba95b86fb0aab84f02bf8";"314e65771523065a36f1e5781cc18977dbb0fbb2";"2";"2";"1616aa4aa33008352db7fc8e83b7bb22d5bed5f2907908e50ec4d2012dc9bf39"
"issue13-v5-diagnostic-module-bridge/1";"bridge-f4aee7d7f9f0e733d5b8b4d0";"_unit_contract.csv";"ochoa_1";"wiodr13";"";"surplus_value.emp.r.pc";"";"";"";"";"";"";"";"formula";"common/surplus_value.emp.r.pc-country.R";"aggregation.surplus_value.emp.r.pc";"";"";"run-20260827T174132576Z-fc4735affffae4c1";"c6fd718bc075df286ddd5b4164715973cbeddce30ad9cab4e1ed7b7681da4eb4";"5dca3f2b8ebb9d18166ea452aead09aceb37eccea6b5e779c0379c02ab001359";"82c61ee0a694c3076a180e36f08b171afba0c29abbc5f5153b0605284a1196ce";"e2f4d6dae9a6d35c966b305fabac52e489faa3e7";"7da19c4f2913e857040ba228280f404b0e54eaab";"run-20260824T044549632Z-6af96175657f0a5e";"df864d68591bd373c324a982ca2d121c31af79caf882abe022005186c03ae312";"5dca3f2b8ebb9d18166ea452aead09aceb37eccea6b5e779c0379c02ab001359";"82c61ee0a694c3076a180e36f08b171afba0c29abbc5f5153b0605284a1196ce";"7d7178150e2b91768f9ba95b86fb0aab84f02bf8";"314e65771523065a36f1e5781cc18977dbb0fbb2";"2";"2";"f4aee7d7f9f0e733d5b8b4d01d9f898c65861b3373041b422cdd988cdbb6adf1"
"issue13-v5-diagnostic-module-bridge/1";"bridge-e141f4b0dffd02c56ef3a3f7";"_unit_contract.csv";"ochoa_1";"wiodr13";"";"surplus_value.emp_p.r.pc";"";"";"";"";"";"";"";"formula";"common/surplus_value.emp_p.r.pc-country.R";"aggregation.surplus_value.emp_p.r.pc";"";"";"run-20260827T174132576Z-fc4735affffae4c1";"c6fd718bc075df286ddd5b4164715973cbeddce30ad9cab4e1ed7b7681da4eb4";"5dca3f2b8ebb9d18166ea452aead09aceb37eccea6b5e779c0379c02ab001359";"82c61ee0a694c3076a180e36f08b171afba0c29abbc5f5153b0605284a1196ce";"e2f4d6dae9a6d35c966b305fabac52e489faa3e7";"7da19c4f2913e857040ba228280f404b0e54eaab";"run-20260824T044549632Z-6af96175657f0a5e";"df864d68591bd373c324a982ca2d121c31af79caf882abe022005186c03ae312";"5dca3f2b8ebb9d18166ea452aead09aceb37eccea6b5e779c0379c02ab001359";"82c61ee0a694c3076a180e36f08b171afba0c29abbc5f5153b0605284a1196ce";"7d7178150e2b91768f9ba95b86fb0aab84f02bf8";"314e65771523065a36f1e5781cc18977dbb0fbb2";"2";"2";"e141f4b0dffd02c56ef3a3f7136309359dda43bf33d23cc68c13525a8f9b29c4"
"issue13-v5-diagnostic-module-bridge/1";"bridge-f81bee61e3a534c792f86781";"_unit_contract.csv";"ochoa_1";"wiodr13";"";"surplus_value.empe.r.pc";"";"";"";"";"";"";"";"formula";"common/surplus_value.empe.r.pc-country.R";"aggregation.surplus_value.empe.r.pc";"";"";"run-20260827T174132576Z-fc4735affffae4c1";"c6fd718bc075df286ddd5b4164715973cbeddce30ad9cab4e1ed7b7681da4eb4";"5dca3f2b8ebb9d18166ea452aead09aceb37eccea6b5e779c0379c02ab001359";"82c61ee0a694c3076a180e36f08b171afba0c29abbc5f5153b0605284a1196ce";"e2f4d6dae9a6d35c966b305fabac52e489faa3e7";"7da19c4f2913e857040ba228280f404b0e54eaab";"run-20260824T044549632Z-6af96175657f0a5e";"df864d68591bd373c324a982ca2d121c31af79caf882abe022005186c03ae312";"5dca3f2b8ebb9d18166ea452aead09aceb37eccea6b5e779c0379c02ab001359";"82c61ee0a694c3076a180e36f08b171afba0c29abbc5f5153b0605284a1196ce";"7d7178150e2b91768f9ba95b86fb0aab84f02bf8";"314e65771523065a36f1e5781cc18977dbb0fbb2";"2";"2";"f81bee61e3a534c792f867815c0c697c96cbd47fdb778895f9ddd8930ccc84c1"
"issue13-v5-diagnostic-module-bridge/1";"bridge-03a1fba1580fe3b3f8e237a1";"_unit_contract.csv";"ochoa_1";"wiodr13";"";"surplus_value.empe_hs.r.pc";"";"";"";"";"";"";"";"formula";"wiodr13/surplus_value.empe_hs.r.pc-country.R";"aggregation.surplus_value.empe_hs.r.pc";"";"";"run-20260827T174132576Z-fc4735affffae4c1";"c6fd718bc075df286ddd5b4164715973cbeddce30ad9cab4e1ed7b7681da4eb4";"5dca3f2b8ebb9d18166ea452aead09aceb37eccea6b5e779c0379c02ab001359";"82c61ee0a694c3076a180e36f08b171afba0c29abbc5f5153b0605284a1196ce";"e2f4d6dae9a6d35c966b305fabac52e489faa3e7";"7da19c4f2913e857040ba228280f404b0e54eaab";"run-20260824T044549632Z-6af96175657f0a5e";"df864d68591bd373c324a982ca2d121c31af79caf882abe022005186c03ae312";"5dca3f2b8ebb9d18166ea452aead09aceb37eccea6b5e779c0379c02ab001359";"82c61ee0a694c3076a180e36f08b171afba0c29abbc5f5153b0605284a1196ce";"7d7178150e2b91768f9ba95b86fb0aab84f02bf8";"314e65771523065a36f1e5781cc18977dbb0fbb2";"2";"2";"03a1fba1580fe3b3f8e237a124d1889d0e9ca961c6bbf6a22f910f0b3e89c7e2"
"issue13-v5-diagnostic-module-bridge/1";"bridge-a765d8acdbd822345b769b38";"_unit_contract.csv";"ochoa_1";"wiodr13";"";"surplus_value.empe_ls.r.pc";"";"";"";"";"";"";"";"formula";"wiodr13/surplus_value.empe_ls.r.pc-country.R";"aggregation.surplus_value.empe_ls.r.pc";"";"";"run-20260827T174132576Z-fc4735affffae4c1";"c6fd718bc075df286ddd5b4164715973cbeddce30ad9cab4e1ed7b7681da4eb4";"5dca3f2b8ebb9d18166ea452aead09aceb37eccea6b5e779c0379c02ab001359";"82c61ee0a694c3076a180e36f08b171afba0c29abbc5f5153b0605284a1196ce";"e2f4d6dae9a6d35c966b305fabac52e489faa3e7";"7da19c4f2913e857040ba228280f404b0e54eaab";"run-20260824T044549632Z-6af96175657f0a5e";"df864d68591bd373c324a982ca2d121c31af79caf882abe022005186c03ae312";"5dca3f2b8ebb9d18166ea452aead09aceb37eccea6b5e779c0379c02ab001359";"82c61ee0a694c3076a180e36f08b171afba0c29abbc5f5153b0605284a1196ce";"7d7178150e2b91768f9ba95b86fb0aab84f02bf8";"314e65771523065a36f1e5781cc18977dbb0fbb2";"2";"2";"a765d8acdbd822345b769b3859cf195b28e5ce410193bb8d3b6eff500a95b0f1"
"issue13-v5-diagnostic-module-bridge/1";"bridge-3fc423648b5e0bf9241de7fb";"_unit_contract.csv";"ochoa_1";"wiodr13";"";"surplus_value.empe_ms.r.pc";"";"";"";"";"";"";"";"formula";"wiodr13/surplus_value.empe_ms.r.pc-country.R";"aggregation.surplus_value.empe_ms.r.pc";"";"";"run-20260827T174132576Z-fc4735affffae4c1";"c6fd718bc075df286ddd5b4164715973cbeddce30ad9cab4e1ed7b7681da4eb4";"5dca3f2b8ebb9d18166ea452aead09aceb37eccea6b5e779c0379c02ab001359";"82c61ee0a694c3076a180e36f08b171afba0c29abbc5f5153b0605284a1196ce";"e2f4d6dae9a6d35c966b305fabac52e489faa3e7";"7da19c4f2913e857040ba228280f404b0e54eaab";"run-20260824T044549632Z-6af96175657f0a5e";"df864d68591bd373c324a982ca2d121c31af79caf882abe022005186c03ae312";"5dca3f2b8ebb9d18166ea452aead09aceb37eccea6b5e779c0379c02ab001359";"82c61ee0a694c3076a180e36f08b171afba0c29abbc5f5153b0605284a1196ce";"7d7178150e2b91768f9ba95b86fb0aab84f02bf8";"314e65771523065a36f1e5781cc18977dbb0fbb2";"2";"2";"3fc423648b5e0bf9241de7fb738d2e097e2a57224ff99b589d0d428112b12f41"
"issue13-v5-diagnostic-module-bridge/1";"bridge-ecf3579e33ad86d2022c6427";"_unit_contract.csv";"ochoa_1";"wiodr13";"";"surplus_value.empe_p.r.pc";"";"";"";"";"";"";"";"formula";"common/surplus_value.empe_p.r.pc-country.R";"aggregation.surplus_value.empe_p.r.pc";"";"";"run-20260827T174132576Z-fc4735affffae4c1";"c6fd718bc075df286ddd5b4164715973cbeddce30ad9cab4e1ed7b7681da4eb4";"5dca3f2b8ebb9d18166ea452aead09aceb37eccea6b5e779c0379c02ab001359";"82c61ee0a694c3076a180e36f08b171afba0c29abbc5f5153b0605284a1196ce";"e2f4d6dae9a6d35c966b305fabac52e489faa3e7";"7da19c4f2913e857040ba228280f404b0e54eaab";"run-20260824T044549632Z-6af96175657f0a5e";"df864d68591bd373c324a982ca2d121c31af79caf882abe022005186c03ae312";"5dca3f2b8ebb9d18166ea452aead09aceb37eccea6b5e779c0379c02ab001359";"82c61ee0a694c3076a180e36f08b171afba0c29abbc5f5153b0605284a1196ce";"7d7178150e2b91768f9ba95b86fb0aab84f02bf8";"314e65771523065a36f1e5781cc18977dbb0fbb2";"2";"2";"ecf3579e33ad86d2022c6427ae220c73c00ba4c36076a0eaed1a6bb3d8f8c981"
"issue13-v5-diagnostic-module-bridge/1";"bridge-deb2fdcd342bcd42b00a427f";"_unit_contract.csv";"ochoa_1";"wiodr13";"";"trade_transfers.p.m.pc";"";"";"";"";"";"";"";"formula";"common/trade_transfers.p.m.pc-country.R";"aggregation.trade_transfers.p.m.pc";"";"";"run-20260827T174132576Z-fc4735affffae4c1";"c6fd718bc075df286ddd5b4164715973cbeddce30ad9cab4e1ed7b7681da4eb4";"5dca3f2b8ebb9d18166ea452aead09aceb37eccea6b5e779c0379c02ab001359";"82c61ee0a694c3076a180e36f08b171afba0c29abbc5f5153b0605284a1196ce";"e2f4d6dae9a6d35c966b305fabac52e489faa3e7";"7da19c4f2913e857040ba228280f404b0e54eaab";"run-20260824T044549632Z-6af96175657f0a5e";"df864d68591bd373c324a982ca2d121c31af79caf882abe022005186c03ae312";"5dca3f2b8ebb9d18166ea452aead09aceb37eccea6b5e779c0379c02ab001359";"82c61ee0a694c3076a180e36f08b171afba0c29abbc5f5153b0605284a1196ce";"7d7178150e2b91768f9ba95b86fb0aab84f02bf8";"314e65771523065a36f1e5781cc18977dbb0fbb2";"2";"2";"deb2fdcd342bcd42b00a427f56ee68ec20fceb0a50d3488fb13e80d8a7e4aaf2"
"issue13-v5-diagnostic-module-bridge/1";"bridge-90f8d4e2e6a99b0e1e0bf6ec";"_unit_contract.csv";"ochoa_2";"wiodr13";"";"abstract_labour.emp.m.mv";"";"";"";"";"";"";"";"formula";"common/abstract_labour.emp.m.mv-country.R";"aggregation.abstract_labour.emp.m.mv";"";"";"run-20260827T175417876Z-b768270cacb3bffc";"c6fd718bc075df286ddd5b4164715973cbeddce30ad9cab4e1ed7b7681da4eb4";"be7768f3cf35b003e45a442a1b424b1179b554ef8d3d26a7f0059853dc423db4";"82c61ee0a694c3076a180e36f08b171afba0c29abbc5f5153b0605284a1196ce";"e2f4d6dae9a6d35c966b305fabac52e489faa3e7";"7da19c4f2913e857040ba228280f404b0e54eaab";"run-20260824T044625372Z-8852a2ec315247a3";"df864d68591bd373c324a982ca2d121c31af79caf882abe022005186c03ae312";"be7768f3cf35b003e45a442a1b424b1179b554ef8d3d26a7f0059853dc423db4";"82c61ee0a694c3076a180e36f08b171afba0c29abbc5f5153b0605284a1196ce";"7d7178150e2b91768f9ba95b86fb0aab84f02bf8";"314e65771523065a36f1e5781cc18977dbb0fbb2";"2";"2";"90f8d4e2e6a99b0e1e0bf6ec44d6fd62da677906ff663dc6ffe21e3e3846fe54"
"issue13-v5-diagnostic-module-bridge/1";"bridge-3f1ea64f9beec5697576f46c";"_unit_contract.csv";"ochoa_2";"wiodr13";"";"abstract_labour.empe.m.mv";"";"";"";"";"";"";"";"formula";"common/abstract_labour.empe.m.mv-country.R";"aggregation.abstract_labour.empe.m.mv";"";"";"run-20260827T175417876Z-b768270cacb3bffc";"c6fd718bc075df286ddd5b4164715973cbeddce30ad9cab4e1ed7b7681da4eb4";"be7768f3cf35b003e45a442a1b424b1179b554ef8d3d26a7f0059853dc423db4";"82c61ee0a694c3076a180e36f08b171afba0c29abbc5f5153b0605284a1196ce";"e2f4d6dae9a6d35c966b305fabac52e489faa3e7";"7da19c4f2913e857040ba228280f404b0e54eaab";"run-20260824T044625372Z-8852a2ec315247a3";"df864d68591bd373c324a982ca2d121c31af79caf882abe022005186c03ae312";"be7768f3cf35b003e45a442a1b424b1179b554ef8d3d26a7f0059853dc423db4";"82c61ee0a694c3076a180e36f08b171afba0c29abbc5f5153b0605284a1196ce";"7d7178150e2b91768f9ba95b86fb0aab84f02bf8";"314e65771523065a36f1e5781cc18977dbb0fbb2";"2";"2";"3f1ea64f9beec5697576f46c6a04b3b47f75c5eab7e9a14a62ef39b67686f30c"
"issue13-v5-diagnostic-module-bridge/1";"bridge-0b7bdc8677f3914fafd71022";"_unit_contract.csv";"ochoa_2";"wiodr13";"";"appropriated_profit.r.pc";"";"";"";"";"";"";"";"formula";"common/appropriated_profit.r.pc-country.R";"aggregation.appropriated_profit.r.pc";"";"";"run-20260827T175417876Z-b768270cacb3bffc";"c6fd718bc075df286ddd5b4164715973cbeddce30ad9cab4e1ed7b7681da4eb4";"be7768f3cf35b003e45a442a1b424b1179b554ef8d3d26a7f0059853dc423db4";"82c61ee0a694c3076a180e36f08b171afba0c29abbc5f5153b0605284a1196ce";"e2f4d6dae9a6d35c966b305fabac52e489faa3e7";"7da19c4f2913e857040ba228280f404b0e54eaab";"run-20260824T044625372Z-8852a2ec315247a3";"df864d68591bd373c324a982ca2d121c31af79caf882abe022005186c03ae312";"be7768f3cf35b003e45a442a1b424b1179b554ef8d3d26a7f0059853dc423db4";"82c61ee0a694c3076a180e36f08b171afba0c29abbc5f5153b0605284a1196ce";"7d7178150e2b91768f9ba95b86fb0aab84f02bf8";"314e65771523065a36f1e5781cc18977dbb0fbb2";"2";"2";"0b7bdc8677f3914fafd7102270cac631076f71e883a867d2af317ca1f923618a"
"issue13-v5-diagnostic-module-bridge/1";"bridge-93ae3ca742a293c622e14ab7";"_unit_contract.csv";"ochoa_2";"wiodr13";"";"labour_force_value.emp.m.mv";"";"";"";"";"";"";"";"formula";"common/labour_force_value.emp.m.mv-country.R";"aggregation.labour_force_value.emp.m.mv";"";"";"run-20260827T175417876Z-b768270cacb3bffc";"c6fd718bc075df286ddd5b4164715973cbeddce30ad9cab4e1ed7b7681da4eb4";"be7768f3cf35b003e45a442a1b424b1179b554ef8d3d26a7f0059853dc423db4";"82c61ee0a694c3076a180e36f08b171afba0c29abbc5f5153b0605284a1196ce";"e2f4d6dae9a6d35c966b305fabac52e489faa3e7";"7da19c4f2913e857040ba228280f404b0e54eaab";"run-20260824T044625372Z-8852a2ec315247a3";"df864d68591bd373c324a982ca2d121c31af79caf882abe022005186c03ae312";"be7768f3cf35b003e45a442a1b424b1179b554ef8d3d26a7f0059853dc423db4";"82c61ee0a694c3076a180e36f08b171afba0c29abbc5f5153b0605284a1196ce";"7d7178150e2b91768f9ba95b86fb0aab84f02bf8";"314e65771523065a36f1e5781cc18977dbb0fbb2";"2";"2";"93ae3ca742a293c622e14ab753de855483e532e1bd3b0f345405e761a10c1f58"
"issue13-v5-diagnostic-module-bridge/1";"bridge-fd6281789e8e561e29b40d26";"_unit_contract.csv";"ochoa_2";"wiodr13";"";"labour_force_value.m.mv";"";"";"";"";"";"";"";"formula";"common/labour_force_value.m.mv-country.R";"aggregation.labour_force_value.m.mv";"";"";"run-20260827T175417876Z-b768270cacb3bffc";"c6fd718bc075df286ddd5b4164715973cbeddce30ad9cab4e1ed7b7681da4eb4";"be7768f3cf35b003e45a442a1b424b1179b554ef8d3d26a7f0059853dc423db4";"82c61ee0a694c3076a180e36f08b171afba0c29abbc5f5153b0605284a1196ce";"e2f4d6dae9a6d35c966b305fabac52e489faa3e7";"7da19c4f2913e857040ba228280f404b0e54eaab";"run-20260824T044625372Z-8852a2ec315247a3";"df864d68591bd373c324a982ca2d121c31af79caf882abe022005186c03ae312";"be7768f3cf35b003e45a442a1b424b1179b554ef8d3d26a7f0059853dc423db4";"82c61ee0a694c3076a180e36f08b171afba0c29abbc5f5153b0605284a1196ce";"7d7178150e2b91768f9ba95b86fb0aab84f02bf8";"314e65771523065a36f1e5781cc18977dbb0fbb2";"2";"2";"fd6281789e8e561e29b40d26bb31c685eb4567562d4279b8da9eb3736edaf20a"
"issue13-v5-diagnostic-module-bridge/1";"bridge-8b33e99b47dde771782971a9";"_unit_contract.csv";"ochoa_2";"wiodr13";"";"surplus_value.emp.r.pc";"";"";"";"";"";"";"";"formula";"common/surplus_value.emp.r.pc-country.R";"aggregation.surplus_value.emp.r.pc";"";"";"run-20260827T175417876Z-b768270cacb3bffc";"c6fd718bc075df286ddd5b4164715973cbeddce30ad9cab4e1ed7b7681da4eb4";"be7768f3cf35b003e45a442a1b424b1179b554ef8d3d26a7f0059853dc423db4";"82c61ee0a694c3076a180e36f08b171afba0c29abbc5f5153b0605284a1196ce";"e2f4d6dae9a6d35c966b305fabac52e489faa3e7";"7da19c4f2913e857040ba228280f404b0e54eaab";"run-20260824T044625372Z-8852a2ec315247a3";"df864d68591bd373c324a982ca2d121c31af79caf882abe022005186c03ae312";"be7768f3cf35b003e45a442a1b424b1179b554ef8d3d26a7f0059853dc423db4";"82c61ee0a694c3076a180e36f08b171afba0c29abbc5f5153b0605284a1196ce";"7d7178150e2b91768f9ba95b86fb0aab84f02bf8";"314e65771523065a36f1e5781cc18977dbb0fbb2";"2";"2";"8b33e99b47dde771782971a93e96b5efebd4522ad32c00be56a9def7de7e2b72"
"issue13-v5-diagnostic-module-bridge/1";"bridge-1bcc2008473d70388a9540c6";"_unit_contract.csv";"ochoa_2";"wiodr13";"";"surplus_value.emp_p.r.pc";"";"";"";"";"";"";"";"formula";"common/surplus_value.emp_p.r.pc-country.R";"aggregation.surplus_value.emp_p.r.pc";"";"";"run-20260827T175417876Z-b768270cacb3bffc";"c6fd718bc075df286ddd5b4164715973cbeddce30ad9cab4e1ed7b7681da4eb4";"be7768f3cf35b003e45a442a1b424b1179b554ef8d3d26a7f0059853dc423db4";"82c61ee0a694c3076a180e36f08b171afba0c29abbc5f5153b0605284a1196ce";"e2f4d6dae9a6d35c966b305fabac52e489faa3e7";"7da19c4f2913e857040ba228280f404b0e54eaab";"run-20260824T044625372Z-8852a2ec315247a3";"df864d68591bd373c324a982ca2d121c31af79caf882abe022005186c03ae312";"be7768f3cf35b003e45a442a1b424b1179b554ef8d3d26a7f0059853dc423db4";"82c61ee0a694c3076a180e36f08b171afba0c29abbc5f5153b0605284a1196ce";"7d7178150e2b91768f9ba95b86fb0aab84f02bf8";"314e65771523065a36f1e5781cc18977dbb0fbb2";"2";"2";"1bcc2008473d70388a9540c6f45123b69e7ec40a26f680c1d63e959fc422ea98"
"issue13-v5-diagnostic-module-bridge/1";"bridge-b0d36f3111eedf71d904c092";"_unit_contract.csv";"ochoa_2";"wiodr13";"";"surplus_value.empe.r.pc";"";"";"";"";"";"";"";"formula";"common/surplus_value.empe.r.pc-country.R";"aggregation.surplus_value.empe.r.pc";"";"";"run-20260827T175417876Z-b768270cacb3bffc";"c6fd718bc075df286ddd5b4164715973cbeddce30ad9cab4e1ed7b7681da4eb4";"be7768f3cf35b003e45a442a1b424b1179b554ef8d3d26a7f0059853dc423db4";"82c61ee0a694c3076a180e36f08b171afba0c29abbc5f5153b0605284a1196ce";"e2f4d6dae9a6d35c966b305fabac52e489faa3e7";"7da19c4f2913e857040ba228280f404b0e54eaab";"run-20260824T044625372Z-8852a2ec315247a3";"df864d68591bd373c324a982ca2d121c31af79caf882abe022005186c03ae312";"be7768f3cf35b003e45a442a1b424b1179b554ef8d3d26a7f0059853dc423db4";"82c61ee0a694c3076a180e36f08b171afba0c29abbc5f5153b0605284a1196ce";"7d7178150e2b91768f9ba95b86fb0aab84f02bf8";"314e65771523065a36f1e5781cc18977dbb0fbb2";"2";"2";"b0d36f3111eedf71d904c092ea9df45f5cf78a5f07612c95e4a75e694bfc2937"
"issue13-v5-diagnostic-module-bridge/1";"bridge-b4bfea115e52db32ca3ffe91";"_unit_contract.csv";"ochoa_2";"wiodr13";"";"surplus_value.empe_hs.r.pc";"";"";"";"";"";"";"";"formula";"wiodr13/surplus_value.empe_hs.r.pc-country.R";"aggregation.surplus_value.empe_hs.r.pc";"";"";"run-20260827T175417876Z-b768270cacb3bffc";"c6fd718bc075df286ddd5b4164715973cbeddce30ad9cab4e1ed7b7681da4eb4";"be7768f3cf35b003e45a442a1b424b1179b554ef8d3d26a7f0059853dc423db4";"82c61ee0a694c3076a180e36f08b171afba0c29abbc5f5153b0605284a1196ce";"e2f4d6dae9a6d35c966b305fabac52e489faa3e7";"7da19c4f2913e857040ba228280f404b0e54eaab";"run-20260824T044625372Z-8852a2ec315247a3";"df864d68591bd373c324a982ca2d121c31af79caf882abe022005186c03ae312";"be7768f3cf35b003e45a442a1b424b1179b554ef8d3d26a7f0059853dc423db4";"82c61ee0a694c3076a180e36f08b171afba0c29abbc5f5153b0605284a1196ce";"7d7178150e2b91768f9ba95b86fb0aab84f02bf8";"314e65771523065a36f1e5781cc18977dbb0fbb2";"2";"2";"b4bfea115e52db32ca3ffe910443f77887f48a72ca5d357db5ccc7c61b704d44"
"issue13-v5-diagnostic-module-bridge/1";"bridge-7b5891732e6dc955e2969b36";"_unit_contract.csv";"ochoa_2";"wiodr13";"";"surplus_value.empe_ls.r.pc";"";"";"";"";"";"";"";"formula";"wiodr13/surplus_value.empe_ls.r.pc-country.R";"aggregation.surplus_value.empe_ls.r.pc";"";"";"run-20260827T175417876Z-b768270cacb3bffc";"c6fd718bc075df286ddd5b4164715973cbeddce30ad9cab4e1ed7b7681da4eb4";"be7768f3cf35b003e45a442a1b424b1179b554ef8d3d26a7f0059853dc423db4";"82c61ee0a694c3076a180e36f08b171afba0c29abbc5f5153b0605284a1196ce";"e2f4d6dae9a6d35c966b305fabac52e489faa3e7";"7da19c4f2913e857040ba228280f404b0e54eaab";"run-20260824T044625372Z-8852a2ec315247a3";"df864d68591bd373c324a982ca2d121c31af79caf882abe022005186c03ae312";"be7768f3cf35b003e45a442a1b424b1179b554ef8d3d26a7f0059853dc423db4";"82c61ee0a694c3076a180e36f08b171afba0c29abbc5f5153b0605284a1196ce";"7d7178150e2b91768f9ba95b86fb0aab84f02bf8";"314e65771523065a36f1e5781cc18977dbb0fbb2";"2";"2";"7b5891732e6dc955e2969b3619e77cf6791f4ee7b04d698b8bda396f42f13704"
"issue13-v5-diagnostic-module-bridge/1";"bridge-fbab68980e3943460f36338d";"_unit_contract.csv";"ochoa_2";"wiodr13";"";"surplus_value.empe_ms.r.pc";"";"";"";"";"";"";"";"formula";"wiodr13/surplus_value.empe_ms.r.pc-country.R";"aggregation.surplus_value.empe_ms.r.pc";"";"";"run-20260827T175417876Z-b768270cacb3bffc";"c6fd718bc075df286ddd5b4164715973cbeddce30ad9cab4e1ed7b7681da4eb4";"be7768f3cf35b003e45a442a1b424b1179b554ef8d3d26a7f0059853dc423db4";"82c61ee0a694c3076a180e36f08b171afba0c29abbc5f5153b0605284a1196ce";"e2f4d6dae9a6d35c966b305fabac52e489faa3e7";"7da19c4f2913e857040ba228280f404b0e54eaab";"run-20260824T044625372Z-8852a2ec315247a3";"df864d68591bd373c324a982ca2d121c31af79caf882abe022005186c03ae312";"be7768f3cf35b003e45a442a1b424b1179b554ef8d3d26a7f0059853dc423db4";"82c61ee0a694c3076a180e36f08b171afba0c29abbc5f5153b0605284a1196ce";"7d7178150e2b91768f9ba95b86fb0aab84f02bf8";"314e65771523065a36f1e5781cc18977dbb0fbb2";"2";"2";"fbab68980e3943460f36338d74e56236b85c63d709ba08044333d826e1a3c62e"
"issue13-v5-diagnostic-module-bridge/1";"bridge-ef1aa3f99a00ee9c99086deb";"_unit_contract.csv";"ochoa_2";"wiodr13";"";"surplus_value.empe_p.r.pc";"";"";"";"";"";"";"";"formula";"common/surplus_value.empe_p.r.pc-country.R";"aggregation.surplus_value.empe_p.r.pc";"";"";"run-20260827T175417876Z-b768270cacb3bffc";"c6fd718bc075df286ddd5b4164715973cbeddce30ad9cab4e1ed7b7681da4eb4";"be7768f3cf35b003e45a442a1b424b1179b554ef8d3d26a7f0059853dc423db4";"82c61ee0a694c3076a180e36f08b171afba0c29abbc5f5153b0605284a1196ce";"e2f4d6dae9a6d35c966b305fabac52e489faa3e7";"7da19c4f2913e857040ba228280f404b0e54eaab";"run-20260824T044625372Z-8852a2ec315247a3";"df864d68591bd373c324a982ca2d121c31af79caf882abe022005186c03ae312";"be7768f3cf35b003e45a442a1b424b1179b554ef8d3d26a7f0059853dc423db4";"82c61ee0a694c3076a180e36f08b171afba0c29abbc5f5153b0605284a1196ce";"7d7178150e2b91768f9ba95b86fb0aab84f02bf8";"314e65771523065a36f1e5781cc18977dbb0fbb2";"2";"2";"ef1aa3f99a00ee9c99086deb09c28913f5b5d699d3d0c4595c47080873f3962d"
"issue13-v5-diagnostic-module-bridge/1";"bridge-25277758b766683618e399d2";"_unit_contract.csv";"ochoa_2";"wiodr13";"";"trade_transfers.p.m.pc";"";"";"";"";"";"";"";"formula";"common/trade_transfers.p.m.pc-country.R";"aggregation.trade_transfers.p.m.pc";"";"";"run-20260827T175417876Z-b768270cacb3bffc";"c6fd718bc075df286ddd5b4164715973cbeddce30ad9cab4e1ed7b7681da4eb4";"be7768f3cf35b003e45a442a1b424b1179b554ef8d3d26a7f0059853dc423db4";"82c61ee0a694c3076a180e36f08b171afba0c29abbc5f5153b0605284a1196ce";"e2f4d6dae9a6d35c966b305fabac52e489faa3e7";"7da19c4f2913e857040ba228280f404b0e54eaab";"run-20260824T044625372Z-8852a2ec315247a3";"df864d68591bd373c324a982ca2d121c31af79caf882abe022005186c03ae312";"be7768f3cf35b003e45a442a1b424b1179b554ef8d3d26a7f0059853dc423db4";"82c61ee0a694c3076a180e36f08b171afba0c29abbc5f5153b0605284a1196ce";"7d7178150e2b91768f9ba95b86fb0aab84f02bf8";"314e65771523065a36f1e5781cc18977dbb0fbb2";"2";"2";"25277758b766683618e399d2e95bf90fe7d23bfd20a1c3bf89cd4fbe853a4d46"
"issue13-v5-diagnostic-module-bridge/1";"bridge-69f17fae884b9c842642feed";"_unit_contract.csv";"petrovic";"wiodr13";"";"abstract_labour.emp.m.mv";"";"";"";"";"";"";"";"formula";"common/abstract_labour.emp.m.mv-country.R";"aggregation.abstract_labour.emp.m.mv";"";"";"run-20260827T180544901Z-49708bac971e52c8";"c6fd718bc075df286ddd5b4164715973cbeddce30ad9cab4e1ed7b7681da4eb4";"def2c9f8971e91e4f8abfab5aa073f378ce9ed0ba75c06de33ef9b0aff8f1e8c";"82c61ee0a694c3076a180e36f08b171afba0c29abbc5f5153b0605284a1196ce";"e2f4d6dae9a6d35c966b305fabac52e489faa3e7";"7da19c4f2913e857040ba228280f404b0e54eaab";"run-20260824T044312003Z-875b756b6297ebee";"df864d68591bd373c324a982ca2d121c31af79caf882abe022005186c03ae312";"def2c9f8971e91e4f8abfab5aa073f378ce9ed0ba75c06de33ef9b0aff8f1e8c";"82c61ee0a694c3076a180e36f08b171afba0c29abbc5f5153b0605284a1196ce";"7d7178150e2b91768f9ba95b86fb0aab84f02bf8";"314e65771523065a36f1e5781cc18977dbb0fbb2";"2";"2";"69f17fae884b9c842642feede0c5dcf48b2bc63c6f18e2402a0ef92671d69ffd"
"issue13-v5-diagnostic-module-bridge/1";"bridge-42121d0b67901ec20da5719e";"_unit_contract.csv";"petrovic";"wiodr13";"";"abstract_labour.empe.m.mv";"";"";"";"";"";"";"";"formula";"common/abstract_labour.empe.m.mv-country.R";"aggregation.abstract_labour.empe.m.mv";"";"";"run-20260827T180544901Z-49708bac971e52c8";"c6fd718bc075df286ddd5b4164715973cbeddce30ad9cab4e1ed7b7681da4eb4";"def2c9f8971e91e4f8abfab5aa073f378ce9ed0ba75c06de33ef9b0aff8f1e8c";"82c61ee0a694c3076a180e36f08b171afba0c29abbc5f5153b0605284a1196ce";"e2f4d6dae9a6d35c966b305fabac52e489faa3e7";"7da19c4f2913e857040ba228280f404b0e54eaab";"run-20260824T044312003Z-875b756b6297ebee";"df864d68591bd373c324a982ca2d121c31af79caf882abe022005186c03ae312";"def2c9f8971e91e4f8abfab5aa073f378ce9ed0ba75c06de33ef9b0aff8f1e8c";"82c61ee0a694c3076a180e36f08b171afba0c29abbc5f5153b0605284a1196ce";"7d7178150e2b91768f9ba95b86fb0aab84f02bf8";"314e65771523065a36f1e5781cc18977dbb0fbb2";"2";"2";"42121d0b67901ec20da5719e6721d15508a5d0883f3aac87da1eeef5a2f83f39"
"issue13-v5-diagnostic-module-bridge/1";"bridge-8f42c599567942456ec61ca2";"_unit_contract.csv";"petrovic";"wiodr13";"";"appropriated_profit.r.pc";"";"";"";"";"";"";"";"formula";"common/appropriated_profit.r.pc-country.R";"aggregation.appropriated_profit.r.pc";"";"";"run-20260827T180544901Z-49708bac971e52c8";"c6fd718bc075df286ddd5b4164715973cbeddce30ad9cab4e1ed7b7681da4eb4";"def2c9f8971e91e4f8abfab5aa073f378ce9ed0ba75c06de33ef9b0aff8f1e8c";"82c61ee0a694c3076a180e36f08b171afba0c29abbc5f5153b0605284a1196ce";"e2f4d6dae9a6d35c966b305fabac52e489faa3e7";"7da19c4f2913e857040ba228280f404b0e54eaab";"run-20260824T044312003Z-875b756b6297ebee";"df864d68591bd373c324a982ca2d121c31af79caf882abe022005186c03ae312";"def2c9f8971e91e4f8abfab5aa073f378ce9ed0ba75c06de33ef9b0aff8f1e8c";"82c61ee0a694c3076a180e36f08b171afba0c29abbc5f5153b0605284a1196ce";"7d7178150e2b91768f9ba95b86fb0aab84f02bf8";"314e65771523065a36f1e5781cc18977dbb0fbb2";"2";"2";"8f42c599567942456ec61ca2be3c74163dcecf852ac6dcbbdc5b7e290d150c39"
"issue13-v5-diagnostic-module-bridge/1";"bridge-ce7b666b53314ad174002cbd";"_unit_contract.csv";"petrovic";"wiodr13";"";"labour_force_value.emp.m.mv";"";"";"";"";"";"";"";"formula";"common/labour_force_value.emp.m.mv-country.R";"aggregation.labour_force_value.emp.m.mv";"";"";"run-20260827T180544901Z-49708bac971e52c8";"c6fd718bc075df286ddd5b4164715973cbeddce30ad9cab4e1ed7b7681da4eb4";"def2c9f8971e91e4f8abfab5aa073f378ce9ed0ba75c06de33ef9b0aff8f1e8c";"82c61ee0a694c3076a180e36f08b171afba0c29abbc5f5153b0605284a1196ce";"e2f4d6dae9a6d35c966b305fabac52e489faa3e7";"7da19c4f2913e857040ba228280f404b0e54eaab";"run-20260824T044312003Z-875b756b6297ebee";"df864d68591bd373c324a982ca2d121c31af79caf882abe022005186c03ae312";"def2c9f8971e91e4f8abfab5aa073f378ce9ed0ba75c06de33ef9b0aff8f1e8c";"82c61ee0a694c3076a180e36f08b171afba0c29abbc5f5153b0605284a1196ce";"7d7178150e2b91768f9ba95b86fb0aab84f02bf8";"314e65771523065a36f1e5781cc18977dbb0fbb2";"2";"2";"ce7b666b53314ad174002cbd2e78c5383e2f29ab26630aeac22f58ee5991f46b"
"issue13-v5-diagnostic-module-bridge/1";"bridge-968c872c537ad323337279e3";"_unit_contract.csv";"petrovic";"wiodr13";"";"labour_force_value.m.mv";"";"";"";"";"";"";"";"formula";"common/labour_force_value.m.mv-country.R";"aggregation.labour_force_value.m.mv";"";"";"run-20260827T180544901Z-49708bac971e52c8";"c6fd718bc075df286ddd5b4164715973cbeddce30ad9cab4e1ed7b7681da4eb4";"def2c9f8971e91e4f8abfab5aa073f378ce9ed0ba75c06de33ef9b0aff8f1e8c";"82c61ee0a694c3076a180e36f08b171afba0c29abbc5f5153b0605284a1196ce";"e2f4d6dae9a6d35c966b305fabac52e489faa3e7";"7da19c4f2913e857040ba228280f404b0e54eaab";"run-20260824T044312003Z-875b756b6297ebee";"df864d68591bd373c324a982ca2d121c31af79caf882abe022005186c03ae312";"def2c9f8971e91e4f8abfab5aa073f378ce9ed0ba75c06de33ef9b0aff8f1e8c";"82c61ee0a694c3076a180e36f08b171afba0c29abbc5f5153b0605284a1196ce";"7d7178150e2b91768f9ba95b86fb0aab84f02bf8";"314e65771523065a36f1e5781cc18977dbb0fbb2";"2";"2";"968c872c537ad323337279e38b8361318e37f3eacf96e49d9a68fae48d0bc019"
"issue13-v5-diagnostic-module-bridge/1";"bridge-ced05b068a6528fd3a020c0c";"_unit_contract.csv";"petrovic";"wiodr13";"";"surplus_value.emp.r.pc";"";"";"";"";"";"";"";"formula";"common/surplus_value.emp.r.pc-country.R";"aggregation.surplus_value.emp.r.pc";"";"";"run-20260827T180544901Z-49708bac971e52c8";"c6fd718bc075df286ddd5b4164715973cbeddce30ad9cab4e1ed7b7681da4eb4";"def2c9f8971e91e4f8abfab5aa073f378ce9ed0ba75c06de33ef9b0aff8f1e8c";"82c61ee0a694c3076a180e36f08b171afba0c29abbc5f5153b0605284a1196ce";"e2f4d6dae9a6d35c966b305fabac52e489faa3e7";"7da19c4f2913e857040ba228280f404b0e54eaab";"run-20260824T044312003Z-875b756b6297ebee";"df864d68591bd373c324a982ca2d121c31af79caf882abe022005186c03ae312";"def2c9f8971e91e4f8abfab5aa073f378ce9ed0ba75c06de33ef9b0aff8f1e8c";"82c61ee0a694c3076a180e36f08b171afba0c29abbc5f5153b0605284a1196ce";"7d7178150e2b91768f9ba95b86fb0aab84f02bf8";"314e65771523065a36f1e5781cc18977dbb0fbb2";"2";"2";"ced05b068a6528fd3a020c0cef6f98ab0aaba0d37567b75c42e60521474f97d2"
"issue13-v5-diagnostic-module-bridge/1";"bridge-08ba7dcecfd64842b62b1bcd";"_unit_contract.csv";"petrovic";"wiodr13";"";"surplus_value.emp_p.r.pc";"";"";"";"";"";"";"";"formula";"common/surplus_value.emp_p.r.pc-country.R";"aggregation.surplus_value.emp_p.r.pc";"";"";"run-20260827T180544901Z-49708bac971e52c8";"c6fd718bc075df286ddd5b4164715973cbeddce30ad9cab4e1ed7b7681da4eb4";"def2c9f8971e91e4f8abfab5aa073f378ce9ed0ba75c06de33ef9b0aff8f1e8c";"82c61ee0a694c3076a180e36f08b171afba0c29abbc5f5153b0605284a1196ce";"e2f4d6dae9a6d35c966b305fabac52e489faa3e7";"7da19c4f2913e857040ba228280f404b0e54eaab";"run-20260824T044312003Z-875b756b6297ebee";"df864d68591bd373c324a982ca2d121c31af79caf882abe022005186c03ae312";"def2c9f8971e91e4f8abfab5aa073f378ce9ed0ba75c06de33ef9b0aff8f1e8c";"82c61ee0a694c3076a180e36f08b171afba0c29abbc5f5153b0605284a1196ce";"7d7178150e2b91768f9ba95b86fb0aab84f02bf8";"314e65771523065a36f1e5781cc18977dbb0fbb2";"2";"2";"08ba7dcecfd64842b62b1bcd35aea9a5c23d6bf1644f297547718924b7b3badb"
"issue13-v5-diagnostic-module-bridge/1";"bridge-1316b4196517f91fa95ad331";"_unit_contract.csv";"petrovic";"wiodr13";"";"surplus_value.empe.r.pc";"";"";"";"";"";"";"";"formula";"common/surplus_value.empe.r.pc-country.R";"aggregation.surplus_value.empe.r.pc";"";"";"run-20260827T180544901Z-49708bac971e52c8";"c6fd718bc075df286ddd5b4164715973cbeddce30ad9cab4e1ed7b7681da4eb4";"def2c9f8971e91e4f8abfab5aa073f378ce9ed0ba75c06de33ef9b0aff8f1e8c";"82c61ee0a694c3076a180e36f08b171afba0c29abbc5f5153b0605284a1196ce";"e2f4d6dae9a6d35c966b305fabac52e489faa3e7";"7da19c4f2913e857040ba228280f404b0e54eaab";"run-20260824T044312003Z-875b756b6297ebee";"df864d68591bd373c324a982ca2d121c31af79caf882abe022005186c03ae312";"def2c9f8971e91e4f8abfab5aa073f378ce9ed0ba75c06de33ef9b0aff8f1e8c";"82c61ee0a694c3076a180e36f08b171afba0c29abbc5f5153b0605284a1196ce";"7d7178150e2b91768f9ba95b86fb0aab84f02bf8";"314e65771523065a36f1e5781cc18977dbb0fbb2";"2";"2";"1316b4196517f91fa95ad33128dcd1f12d79e269141ecd28eacf632ef385e065"
"issue13-v5-diagnostic-module-bridge/1";"bridge-3b3b5baf5600be78b58ba641";"_unit_contract.csv";"petrovic";"wiodr13";"";"surplus_value.empe_hs.r.pc";"";"";"";"";"";"";"";"formula";"wiodr13/surplus_value.empe_hs.r.pc-country.R";"aggregation.surplus_value.empe_hs.r.pc";"";"";"run-20260827T180544901Z-49708bac971e52c8";"c6fd718bc075df286ddd5b4164715973cbeddce30ad9cab4e1ed7b7681da4eb4";"def2c9f8971e91e4f8abfab5aa073f378ce9ed0ba75c06de33ef9b0aff8f1e8c";"82c61ee0a694c3076a180e36f08b171afba0c29abbc5f5153b0605284a1196ce";"e2f4d6dae9a6d35c966b305fabac52e489faa3e7";"7da19c4f2913e857040ba228280f404b0e54eaab";"run-20260824T044312003Z-875b756b6297ebee";"df864d68591bd373c324a982ca2d121c31af79caf882abe022005186c03ae312";"def2c9f8971e91e4f8abfab5aa073f378ce9ed0ba75c06de33ef9b0aff8f1e8c";"82c61ee0a694c3076a180e36f08b171afba0c29abbc5f5153b0605284a1196ce";"7d7178150e2b91768f9ba95b86fb0aab84f02bf8";"314e65771523065a36f1e5781cc18977dbb0fbb2";"2";"2";"3b3b5baf5600be78b58ba6416f424d9ea91d9fc5620fafd682e5ee82940faad7"
"issue13-v5-diagnostic-module-bridge/1";"bridge-6686eba2e875a4ae5fd5e630";"_unit_contract.csv";"petrovic";"wiodr13";"";"surplus_value.empe_ls.r.pc";"";"";"";"";"";"";"";"formula";"wiodr13/surplus_value.empe_ls.r.pc-country.R";"aggregation.surplus_value.empe_ls.r.pc";"";"";"run-20260827T180544901Z-49708bac971e52c8";"c6fd718bc075df286ddd5b4164715973cbeddce30ad9cab4e1ed7b7681da4eb4";"def2c9f8971e91e4f8abfab5aa073f378ce9ed0ba75c06de33ef9b0aff8f1e8c";"82c61ee0a694c3076a180e36f08b171afba0c29abbc5f5153b0605284a1196ce";"e2f4d6dae9a6d35c966b305fabac52e489faa3e7";"7da19c4f2913e857040ba228280f404b0e54eaab";"run-20260824T044312003Z-875b756b6297ebee";"df864d68591bd373c324a982ca2d121c31af79caf882abe022005186c03ae312";"def2c9f8971e91e4f8abfab5aa073f378ce9ed0ba75c06de33ef9b0aff8f1e8c";"82c61ee0a694c3076a180e36f08b171afba0c29abbc5f5153b0605284a1196ce";"7d7178150e2b91768f9ba95b86fb0aab84f02bf8";"314e65771523065a36f1e5781cc18977dbb0fbb2";"2";"2";"6686eba2e875a4ae5fd5e630c8406549b46194ca74b4601b48a3f7cc938d0284"
"issue13-v5-diagnostic-module-bridge/1";"bridge-2a48d0e097aef47190bbe945";"_unit_contract.csv";"petrovic";"wiodr13";"";"surplus_value.empe_ms.r.pc";"";"";"";"";"";"";"";"formula";"wiodr13/surplus_value.empe_ms.r.pc-country.R";"aggregation.surplus_value.empe_ms.r.pc";"";"";"run-20260827T180544901Z-49708bac971e52c8";"c6fd718bc075df286ddd5b4164715973cbeddce30ad9cab4e1ed7b7681da4eb4";"def2c9f8971e91e4f8abfab5aa073f378ce9ed0ba75c06de33ef9b0aff8f1e8c";"82c61ee0a694c3076a180e36f08b171afba0c29abbc5f5153b0605284a1196ce";"e2f4d6dae9a6d35c966b305fabac52e489faa3e7";"7da19c4f2913e857040ba228280f404b0e54eaab";"run-20260824T044312003Z-875b756b6297ebee";"df864d68591bd373c324a982ca2d121c31af79caf882abe022005186c03ae312";"def2c9f8971e91e4f8abfab5aa073f378ce9ed0ba75c06de33ef9b0aff8f1e8c";"82c61ee0a694c3076a180e36f08b171afba0c29abbc5f5153b0605284a1196ce";"7d7178150e2b91768f9ba95b86fb0aab84f02bf8";"314e65771523065a36f1e5781cc18977dbb0fbb2";"2";"2";"2a48d0e097aef47190bbe94568a8f56ceb8d7556c0bb83ae7f367f85a324c4d0"
"issue13-v5-diagnostic-module-bridge/1";"bridge-9d3b34107a17e068aa2166af";"_unit_contract.csv";"petrovic";"wiodr13";"";"surplus_value.empe_p.r.pc";"";"";"";"";"";"";"";"formula";"common/surplus_value.empe_p.r.pc-country.R";"aggregation.surplus_value.empe_p.r.pc";"";"";"run-20260827T180544901Z-49708bac971e52c8";"c6fd718bc075df286ddd5b4164715973cbeddce30ad9cab4e1ed7b7681da4eb4";"def2c9f8971e91e4f8abfab5aa073f378ce9ed0ba75c06de33ef9b0aff8f1e8c";"82c61ee0a694c3076a180e36f08b171afba0c29abbc5f5153b0605284a1196ce";"e2f4d6dae9a6d35c966b305fabac52e489faa3e7";"7da19c4f2913e857040ba228280f404b0e54eaab";"run-20260824T044312003Z-875b756b6297ebee";"df864d68591bd373c324a982ca2d121c31af79caf882abe022005186c03ae312";"def2c9f8971e91e4f8abfab5aa073f378ce9ed0ba75c06de33ef9b0aff8f1e8c";"82c61ee0a694c3076a180e36f08b171afba0c29abbc5f5153b0605284a1196ce";"7d7178150e2b91768f9ba95b86fb0aab84f02bf8";"314e65771523065a36f1e5781cc18977dbb0fbb2";"2";"2";"9d3b34107a17e068aa2166aff067d24c392e59585dd256bda65b1261547b85a3"
"issue13-v5-diagnostic-module-bridge/1";"bridge-1ba8a73a44b3f155ae45718d";"_unit_contract.csv";"petrovic";"wiodr13";"";"trade_transfers.p.m.pc";"";"";"";"";"";"";"";"formula";"common/trade_transfers.p.m.pc-country.R";"aggregation.trade_transfers.p.m.pc";"";"";"run-20260827T180544901Z-49708bac971e52c8";"c6fd718bc075df286ddd5b4164715973cbeddce30ad9cab4e1ed7b7681da4eb4";"def2c9f8971e91e4f8abfab5aa073f378ce9ed0ba75c06de33ef9b0aff8f1e8c";"82c61ee0a694c3076a180e36f08b171afba0c29abbc5f5153b0605284a1196ce";"e2f4d6dae9a6d35c966b305fabac52e489faa3e7";"7da19c4f2913e857040ba228280f404b0e54eaab";"run-20260824T044312003Z-875b756b6297ebee";"df864d68591bd373c324a982ca2d121c31af79caf882abe022005186c03ae312";"def2c9f8971e91e4f8abfab5aa073f378ce9ed0ba75c06de33ef9b0aff8f1e8c";"82c61ee0a694c3076a180e36f08b171afba0c29abbc5f5153b0605284a1196ce";"7d7178150e2b91768f9ba95b86fb0aab84f02bf8";"314e65771523065a36f1e5781cc18977dbb0fbb2";"2";"2";"1ba8a73a44b3f155ae45718d409acb2b948b13d60dbdfd32380a6c6725acb505"
"issue13-v5-diagnostic-module-bridge/1";"bridge-f91a827708ba9a349c8cdb2b";"_unit_contract.csv";"wiodr13";"wiodr13";"";"abstract_labour.emp.m.mv";"";"";"";"";"";"";"";"formula";"common/abstract_labour.emp.m.mv-country.R";"aggregation.abstract_labour.emp.m.mv";"";"";"run-20260823T211620845Z-e43e6054a0a727e1";"a3dd2bfda03deb7522c4baebfa54ace2f4c6eebce853a1c3be67adbb009546c3";"cd259da2911f0616734ef50ee2719f535704506e7b59bceb5039cb9e2ee5c229";"3b8b125761e2bcf7c6f0e5c7bef1aa00d26d5853d57883a0e0e98fd50b4b71e6";"cc2c86189a06676bcb9f0e05e08033d710a92509";"0cb1142cdadd74bf95272010f5393ebe2af79f47";"run-20260824T045318395Z-868f3a008fb4a8af";"810169ad3457b35ee414c546d0d9e4452553bcaf29395ae89ab452ef9395277b";"cd259da2911f0616734ef50ee2719f535704506e7b59bceb5039cb9e2ee5c229";"3b8b125761e2bcf7c6f0e5c7bef1aa00d26d5853d57883a0e0e98fd50b4b71e6";"7d7178150e2b91768f9ba95b86fb0aab84f02bf8";"314e65771523065a36f1e5781cc18977dbb0fbb2";"2";"2";"f91a827708ba9a349c8cdb2b42d4462159cb82075d3f109cd39ee6135b74e4d7"
"issue13-v5-diagnostic-module-bridge/1";"bridge-8463cc92f7e18e9778376f56";"_unit_contract.csv";"wiodr13";"wiodr13";"";"abstract_labour.empe.m.mv";"";"";"";"";"";"";"";"formula";"common/abstract_labour.empe.m.mv-country.R";"aggregation.abstract_labour.empe.m.mv";"";"";"run-20260823T211620845Z-e43e6054a0a727e1";"a3dd2bfda03deb7522c4baebfa54ace2f4c6eebce853a1c3be67adbb009546c3";"cd259da2911f0616734ef50ee2719f535704506e7b59bceb5039cb9e2ee5c229";"3b8b125761e2bcf7c6f0e5c7bef1aa00d26d5853d57883a0e0e98fd50b4b71e6";"cc2c86189a06676bcb9f0e05e08033d710a92509";"0cb1142cdadd74bf95272010f5393ebe2af79f47";"run-20260824T045318395Z-868f3a008fb4a8af";"810169ad3457b35ee414c546d0d9e4452553bcaf29395ae89ab452ef9395277b";"cd259da2911f0616734ef50ee2719f535704506e7b59bceb5039cb9e2ee5c229";"3b8b125761e2bcf7c6f0e5c7bef1aa00d26d5853d57883a0e0e98fd50b4b71e6";"7d7178150e2b91768f9ba95b86fb0aab84f02bf8";"314e65771523065a36f1e5781cc18977dbb0fbb2";"2";"2";"8463cc92f7e18e9778376f564393f37c13ca5a83f74f25ac31674ffac66c7166"
"issue13-v5-diagnostic-module-bridge/1";"bridge-0b10d00863839148128a25d9";"_unit_contract.csv";"wiodr13";"wiodr13";"";"appropriated_profit.r.pc";"";"";"";"";"";"";"";"formula";"common/appropriated_profit.r.pc-country.R";"aggregation.appropriated_profit.r.pc";"";"";"run-20260823T211620845Z-e43e6054a0a727e1";"a3dd2bfda03deb7522c4baebfa54ace2f4c6eebce853a1c3be67adbb009546c3";"cd259da2911f0616734ef50ee2719f535704506e7b59bceb5039cb9e2ee5c229";"3b8b125761e2bcf7c6f0e5c7bef1aa00d26d5853d57883a0e0e98fd50b4b71e6";"cc2c86189a06676bcb9f0e05e08033d710a92509";"0cb1142cdadd74bf95272010f5393ebe2af79f47";"run-20260824T045318395Z-868f3a008fb4a8af";"810169ad3457b35ee414c546d0d9e4452553bcaf29395ae89ab452ef9395277b";"cd259da2911f0616734ef50ee2719f535704506e7b59bceb5039cb9e2ee5c229";"3b8b125761e2bcf7c6f0e5c7bef1aa00d26d5853d57883a0e0e98fd50b4b71e6";"7d7178150e2b91768f9ba95b86fb0aab84f02bf8";"314e65771523065a36f1e5781cc18977dbb0fbb2";"2";"2";"0b10d00863839148128a25d998494a3b2435f020dc382585bcdd0066e66ceffa"
"issue13-v5-diagnostic-module-bridge/1";"bridge-903e2bf7caf209892462c0e4";"_unit_contract.csv";"wiodr13";"wiodr13";"";"labour_force_value.emp.m.mv";"";"";"";"";"";"";"";"formula";"common/labour_force_value.emp.m.mv-country.R";"aggregation.labour_force_value.emp.m.mv";"";"";"run-20260823T211620845Z-e43e6054a0a727e1";"a3dd2bfda03deb7522c4baebfa54ace2f4c6eebce853a1c3be67adbb009546c3";"cd259da2911f0616734ef50ee2719f535704506e7b59bceb5039cb9e2ee5c229";"3b8b125761e2bcf7c6f0e5c7bef1aa00d26d5853d57883a0e0e98fd50b4b71e6";"cc2c86189a06676bcb9f0e05e08033d710a92509";"0cb1142cdadd74bf95272010f5393ebe2af79f47";"run-20260824T045318395Z-868f3a008fb4a8af";"810169ad3457b35ee414c546d0d9e4452553bcaf29395ae89ab452ef9395277b";"cd259da2911f0616734ef50ee2719f535704506e7b59bceb5039cb9e2ee5c229";"3b8b125761e2bcf7c6f0e5c7bef1aa00d26d5853d57883a0e0e98fd50b4b71e6";"7d7178150e2b91768f9ba95b86fb0aab84f02bf8";"314e65771523065a36f1e5781cc18977dbb0fbb2";"2";"2";"903e2bf7caf209892462c0e492dbec71b3597a6006819c1fe709477e5aa7445a"
"issue13-v5-diagnostic-module-bridge/1";"bridge-91f3c3a7a5ca99debd45d276";"_unit_contract.csv";"wiodr13";"wiodr13";"";"labour_force_value.m.mv";"";"";"";"";"";"";"";"formula";"common/labour_force_value.m.mv-country.R";"aggregation.labour_force_value.m.mv";"";"";"run-20260823T211620845Z-e43e6054a0a727e1";"a3dd2bfda03deb7522c4baebfa54ace2f4c6eebce853a1c3be67adbb009546c3";"cd259da2911f0616734ef50ee2719f535704506e7b59bceb5039cb9e2ee5c229";"3b8b125761e2bcf7c6f0e5c7bef1aa00d26d5853d57883a0e0e98fd50b4b71e6";"cc2c86189a06676bcb9f0e05e08033d710a92509";"0cb1142cdadd74bf95272010f5393ebe2af79f47";"run-20260824T045318395Z-868f3a008fb4a8af";"810169ad3457b35ee414c546d0d9e4452553bcaf29395ae89ab452ef9395277b";"cd259da2911f0616734ef50ee2719f535704506e7b59bceb5039cb9e2ee5c229";"3b8b125761e2bcf7c6f0e5c7bef1aa00d26d5853d57883a0e0e98fd50b4b71e6";"7d7178150e2b91768f9ba95b86fb0aab84f02bf8";"314e65771523065a36f1e5781cc18977dbb0fbb2";"2";"2";"91f3c3a7a5ca99debd45d276d24fc19cdf9f0e65efb55d4cb5566c4e1838af33"
"issue13-v5-diagnostic-module-bridge/1";"bridge-af1cd6cb443fd3bc606cf256";"_unit_contract.csv";"wiodr13";"wiodr13";"";"surplus_value.emp.r.pc";"";"";"";"";"";"";"";"formula";"common/surplus_value.emp.r.pc-country.R";"aggregation.surplus_value.emp.r.pc";"";"";"run-20260823T211620845Z-e43e6054a0a727e1";"a3dd2bfda03deb7522c4baebfa54ace2f4c6eebce853a1c3be67adbb009546c3";"cd259da2911f0616734ef50ee2719f535704506e7b59bceb5039cb9e2ee5c229";"3b8b125761e2bcf7c6f0e5c7bef1aa00d26d5853d57883a0e0e98fd50b4b71e6";"cc2c86189a06676bcb9f0e05e08033d710a92509";"0cb1142cdadd74bf95272010f5393ebe2af79f47";"run-20260824T045318395Z-868f3a008fb4a8af";"810169ad3457b35ee414c546d0d9e4452553bcaf29395ae89ab452ef9395277b";"cd259da2911f0616734ef50ee2719f535704506e7b59bceb5039cb9e2ee5c229";"3b8b125761e2bcf7c6f0e5c7bef1aa00d26d5853d57883a0e0e98fd50b4b71e6";"7d7178150e2b91768f9ba95b86fb0aab84f02bf8";"314e65771523065a36f1e5781cc18977dbb0fbb2";"2";"2";"af1cd6cb443fd3bc606cf2560230ef81824a2eb4d19d03a5a6a2bd6107b1f127"
"issue13-v5-diagnostic-module-bridge/1";"bridge-5ee1ecf18439215b225516c0";"_unit_contract.csv";"wiodr13";"wiodr13";"";"surplus_value.emp_p.r.pc";"";"";"";"";"";"";"";"formula";"common/surplus_value.emp_p.r.pc-country.R";"aggregation.surplus_value.emp_p.r.pc";"";"";"run-20260823T211620845Z-e43e6054a0a727e1";"a3dd2bfda03deb7522c4baebfa54ace2f4c6eebce853a1c3be67adbb009546c3";"cd259da2911f0616734ef50ee2719f535704506e7b59bceb5039cb9e2ee5c229";"3b8b125761e2bcf7c6f0e5c7bef1aa00d26d5853d57883a0e0e98fd50b4b71e6";"cc2c86189a06676bcb9f0e05e08033d710a92509";"0cb1142cdadd74bf95272010f5393ebe2af79f47";"run-20260824T045318395Z-868f3a008fb4a8af";"810169ad3457b35ee414c546d0d9e4452553bcaf29395ae89ab452ef9395277b";"cd259da2911f0616734ef50ee2719f535704506e7b59bceb5039cb9e2ee5c229";"3b8b125761e2bcf7c6f0e5c7bef1aa00d26d5853d57883a0e0e98fd50b4b71e6";"7d7178150e2b91768f9ba95b86fb0aab84f02bf8";"314e65771523065a36f1e5781cc18977dbb0fbb2";"2";"2";"5ee1ecf18439215b225516c0e401cebdf49fbba274773ad796db661b54ed7da9"
"issue13-v5-diagnostic-module-bridge/1";"bridge-ee6dc324f1af282ec612b1ef";"_unit_contract.csv";"wiodr13";"wiodr13";"";"surplus_value.empe.r.pc";"";"";"";"";"";"";"";"formula";"common/surplus_value.empe.r.pc-country.R";"aggregation.surplus_value.empe.r.pc";"";"";"run-20260823T211620845Z-e43e6054a0a727e1";"a3dd2bfda03deb7522c4baebfa54ace2f4c6eebce853a1c3be67adbb009546c3";"cd259da2911f0616734ef50ee2719f535704506e7b59bceb5039cb9e2ee5c229";"3b8b125761e2bcf7c6f0e5c7bef1aa00d26d5853d57883a0e0e98fd50b4b71e6";"cc2c86189a06676bcb9f0e05e08033d710a92509";"0cb1142cdadd74bf95272010f5393ebe2af79f47";"run-20260824T045318395Z-868f3a008fb4a8af";"810169ad3457b35ee414c546d0d9e4452553bcaf29395ae89ab452ef9395277b";"cd259da2911f0616734ef50ee2719f535704506e7b59bceb5039cb9e2ee5c229";"3b8b125761e2bcf7c6f0e5c7bef1aa00d26d5853d57883a0e0e98fd50b4b71e6";"7d7178150e2b91768f9ba95b86fb0aab84f02bf8";"314e65771523065a36f1e5781cc18977dbb0fbb2";"2";"2";"ee6dc324f1af282ec612b1ef490a339deaebcf5c9a5ee45bde7b775341ea0ded"
"issue13-v5-diagnostic-module-bridge/1";"bridge-e47ab61a1f49d2b81edf054f";"_unit_contract.csv";"wiodr13";"wiodr13";"";"surplus_value.empe_hs.r.pc";"";"";"";"";"";"";"";"formula";"wiodr13/surplus_value.empe_hs.r.pc-country.R";"aggregation.surplus_value.empe_hs.r.pc";"";"";"run-20260823T211620845Z-e43e6054a0a727e1";"a3dd2bfda03deb7522c4baebfa54ace2f4c6eebce853a1c3be67adbb009546c3";"cd259da2911f0616734ef50ee2719f535704506e7b59bceb5039cb9e2ee5c229";"3b8b125761e2bcf7c6f0e5c7bef1aa00d26d5853d57883a0e0e98fd50b4b71e6";"cc2c86189a06676bcb9f0e05e08033d710a92509";"0cb1142cdadd74bf95272010f5393ebe2af79f47";"run-20260824T045318395Z-868f3a008fb4a8af";"810169ad3457b35ee414c546d0d9e4452553bcaf29395ae89ab452ef9395277b";"cd259da2911f0616734ef50ee2719f535704506e7b59bceb5039cb9e2ee5c229";"3b8b125761e2bcf7c6f0e5c7bef1aa00d26d5853d57883a0e0e98fd50b4b71e6";"7d7178150e2b91768f9ba95b86fb0aab84f02bf8";"314e65771523065a36f1e5781cc18977dbb0fbb2";"2";"2";"e47ab61a1f49d2b81edf054f263a33a274b1282070f95cda8f41768e44f36813"
"issue13-v5-diagnostic-module-bridge/1";"bridge-86e4d641c1f719f21a996c37";"_unit_contract.csv";"wiodr13";"wiodr13";"";"surplus_value.empe_ls.r.pc";"";"";"";"";"";"";"";"formula";"wiodr13/surplus_value.empe_ls.r.pc-country.R";"aggregation.surplus_value.empe_ls.r.pc";"";"";"run-20260823T211620845Z-e43e6054a0a727e1";"a3dd2bfda03deb7522c4baebfa54ace2f4c6eebce853a1c3be67adbb009546c3";"cd259da2911f0616734ef50ee2719f535704506e7b59bceb5039cb9e2ee5c229";"3b8b125761e2bcf7c6f0e5c7bef1aa00d26d5853d57883a0e0e98fd50b4b71e6";"cc2c86189a06676bcb9f0e05e08033d710a92509";"0cb1142cdadd74bf95272010f5393ebe2af79f47";"run-20260824T045318395Z-868f3a008fb4a8af";"810169ad3457b35ee414c546d0d9e4452553bcaf29395ae89ab452ef9395277b";"cd259da2911f0616734ef50ee2719f535704506e7b59bceb5039cb9e2ee5c229";"3b8b125761e2bcf7c6f0e5c7bef1aa00d26d5853d57883a0e0e98fd50b4b71e6";"7d7178150e2b91768f9ba95b86fb0aab84f02bf8";"314e65771523065a36f1e5781cc18977dbb0fbb2";"2";"2";"86e4d641c1f719f21a996c37e03dc6ab6a747ef2d2c44d4f1c3435df1a717aa1"
"issue13-v5-diagnostic-module-bridge/1";"bridge-f85deb50bb3a097eeefbbe2d";"_unit_contract.csv";"wiodr13";"wiodr13";"";"surplus_value.empe_ms.r.pc";"";"";"";"";"";"";"";"formula";"wiodr13/surplus_value.empe_ms.r.pc-country.R";"aggregation.surplus_value.empe_ms.r.pc";"";"";"run-20260823T211620845Z-e43e6054a0a727e1";"a3dd2bfda03deb7522c4baebfa54ace2f4c6eebce853a1c3be67adbb009546c3";"cd259da2911f0616734ef50ee2719f535704506e7b59bceb5039cb9e2ee5c229";"3b8b125761e2bcf7c6f0e5c7bef1aa00d26d5853d57883a0e0e98fd50b4b71e6";"cc2c86189a06676bcb9f0e05e08033d710a92509";"0cb1142cdadd74bf95272010f5393ebe2af79f47";"run-20260824T045318395Z-868f3a008fb4a8af";"810169ad3457b35ee414c546d0d9e4452553bcaf29395ae89ab452ef9395277b";"cd259da2911f0616734ef50ee2719f535704506e7b59bceb5039cb9e2ee5c229";"3b8b125761e2bcf7c6f0e5c7bef1aa00d26d5853d57883a0e0e98fd50b4b71e6";"7d7178150e2b91768f9ba95b86fb0aab84f02bf8";"314e65771523065a36f1e5781cc18977dbb0fbb2";"2";"2";"f85deb50bb3a097eeefbbe2d1c9d44eee6b83f00e6e0cb1ced46e17b4e0fbbed"
"issue13-v5-diagnostic-module-bridge/1";"bridge-23483d84fef91212144f9c02";"_unit_contract.csv";"wiodr13";"wiodr13";"";"surplus_value.empe_p.r.pc";"";"";"";"";"";"";"";"formula";"common/surplus_value.empe_p.r.pc-country.R";"aggregation.surplus_value.empe_p.r.pc";"";"";"run-20260823T211620845Z-e43e6054a0a727e1";"a3dd2bfda03deb7522c4baebfa54ace2f4c6eebce853a1c3be67adbb009546c3";"cd259da2911f0616734ef50ee2719f535704506e7b59bceb5039cb9e2ee5c229";"3b8b125761e2bcf7c6f0e5c7bef1aa00d26d5853d57883a0e0e98fd50b4b71e6";"cc2c86189a06676bcb9f0e05e08033d710a92509";"0cb1142cdadd74bf95272010f5393ebe2af79f47";"run-20260824T045318395Z-868f3a008fb4a8af";"810169ad3457b35ee414c546d0d9e4452553bcaf29395ae89ab452ef9395277b";"cd259da2911f0616734ef50ee2719f535704506e7b59bceb5039cb9e2ee5c229";"3b8b125761e2bcf7c6f0e5c7bef1aa00d26d5853d57883a0e0e98fd50b4b71e6";"7d7178150e2b91768f9ba95b86fb0aab84f02bf8";"314e65771523065a36f1e5781cc18977dbb0fbb2";"2";"2";"23483d84fef91212144f9c0239070a249a2bbae4d55a0eeba70a32713ab80280"
"issue13-v5-diagnostic-module-bridge/1";"bridge-6b55e31292ec6ff1a05e7207";"_unit_contract.csv";"wiodr13";"wiodr13";"";"trade_transfers.p.m.pc";"";"";"";"";"";"";"";"formula";"common/trade_transfers.p.m.pc-country.R";"aggregation.trade_transfers.p.m.pc";"";"";"run-20260823T211620845Z-e43e6054a0a727e1";"a3dd2bfda03deb7522c4baebfa54ace2f4c6eebce853a1c3be67adbb009546c3";"cd259da2911f0616734ef50ee2719f535704506e7b59bceb5039cb9e2ee5c229";"3b8b125761e2bcf7c6f0e5c7bef1aa00d26d5853d57883a0e0e98fd50b4b71e6";"cc2c86189a06676bcb9f0e05e08033d710a92509";"0cb1142cdadd74bf95272010f5393ebe2af79f47";"run-20260824T045318395Z-868f3a008fb4a8af";"810169ad3457b35ee414c546d0d9e4452553bcaf29395ae89ab452ef9395277b";"cd259da2911f0616734ef50ee2719f535704506e7b59bceb5039cb9e2ee5c229";"3b8b125761e2bcf7c6f0e5c7bef1aa00d26d5853d57883a0e0e98fd50b4b71e6";"7d7178150e2b91768f9ba95b86fb0aab84f02bf8";"314e65771523065a36f1e5781cc18977dbb0fbb2";"2";"2";"6b55e31292ec6ff1a05e7207ac0f5c634b8253cb35b0ebede850dd09bc3075d9"
"issue13-v5-diagnostic-module-bridge/1";"bridge-8b550a06d45ce642e236fce9";"_unit_contract.csv";"wiodr13v09";"wiodr13";"";"abstract_labour.emp.m.mv";"";"";"";"";"";"";"";"formula";"common/abstract_labour.emp.m.mv-country.R";"aggregation.abstract_labour.emp.m.mv";"";"";"run-20260827T181731728Z-19df62f4c430d322";"339a9577713021f320de5542beb56def4a30b66db3a7a4a65f898f7a3b2aea9a";"c0d046b99664a616f685b29442a39106f37b5c7fb296d4dcac49b7e638b5f4e7";"3b8b125761e2bcf7c6f0e5c7bef1aa00d26d5853d57883a0e0e98fd50b4b71e6";"e2f4d6dae9a6d35c966b305fabac52e489faa3e7";"7da19c4f2913e857040ba228280f404b0e54eaab";"run-20260824T044829707Z-70ee0bb3b963effc";"fde7ed884957e90b6f5fa32ebce00f634db1b7d7e08694a0490c6ea7b43ba4f9";"c0d046b99664a616f685b29442a39106f37b5c7fb296d4dcac49b7e638b5f4e7";"3b8b125761e2bcf7c6f0e5c7bef1aa00d26d5853d57883a0e0e98fd50b4b71e6";"7d7178150e2b91768f9ba95b86fb0aab84f02bf8";"314e65771523065a36f1e5781cc18977dbb0fbb2";"2";"2";"8b550a06d45ce642e236fce93fe9c70cc022671d3b9757a5ecea257b2db265d8"
"issue13-v5-diagnostic-module-bridge/1";"bridge-1ca61957e4ad2a0ad0a376ab";"_unit_contract.csv";"wiodr13v09";"wiodr13";"";"abstract_labour.empe.m.mv";"";"";"";"";"";"";"";"formula";"common/abstract_labour.empe.m.mv-country.R";"aggregation.abstract_labour.empe.m.mv";"";"";"run-20260827T181731728Z-19df62f4c430d322";"339a9577713021f320de5542beb56def4a30b66db3a7a4a65f898f7a3b2aea9a";"c0d046b99664a616f685b29442a39106f37b5c7fb296d4dcac49b7e638b5f4e7";"3b8b125761e2bcf7c6f0e5c7bef1aa00d26d5853d57883a0e0e98fd50b4b71e6";"e2f4d6dae9a6d35c966b305fabac52e489faa3e7";"7da19c4f2913e857040ba228280f404b0e54eaab";"run-20260824T044829707Z-70ee0bb3b963effc";"fde7ed884957e90b6f5fa32ebce00f634db1b7d7e08694a0490c6ea7b43ba4f9";"c0d046b99664a616f685b29442a39106f37b5c7fb296d4dcac49b7e638b5f4e7";"3b8b125761e2bcf7c6f0e5c7bef1aa00d26d5853d57883a0e0e98fd50b4b71e6";"7d7178150e2b91768f9ba95b86fb0aab84f02bf8";"314e65771523065a36f1e5781cc18977dbb0fbb2";"2";"2";"1ca61957e4ad2a0ad0a376ab0648877bef22eb05995497bdb73b3a21f35cdbe6"
"issue13-v5-diagnostic-module-bridge/1";"bridge-679426481fe33edf9a948990";"_unit_contract.csv";"wiodr13v09";"wiodr13";"";"appropriated_profit.r.pc";"";"";"";"";"";"";"";"formula";"common/appropriated_profit.r.pc-country.R";"aggregation.appropriated_profit.r.pc";"";"";"run-20260827T181731728Z-19df62f4c430d322";"339a9577713021f320de5542beb56def4a30b66db3a7a4a65f898f7a3b2aea9a";"c0d046b99664a616f685b29442a39106f37b5c7fb296d4dcac49b7e638b5f4e7";"3b8b125761e2bcf7c6f0e5c7bef1aa00d26d5853d57883a0e0e98fd50b4b71e6";"e2f4d6dae9a6d35c966b305fabac52e489faa3e7";"7da19c4f2913e857040ba228280f404b0e54eaab";"run-20260824T044829707Z-70ee0bb3b963effc";"fde7ed884957e90b6f5fa32ebce00f634db1b7d7e08694a0490c6ea7b43ba4f9";"c0d046b99664a616f685b29442a39106f37b5c7fb296d4dcac49b7e638b5f4e7";"3b8b125761e2bcf7c6f0e5c7bef1aa00d26d5853d57883a0e0e98fd50b4b71e6";"7d7178150e2b91768f9ba95b86fb0aab84f02bf8";"314e65771523065a36f1e5781cc18977dbb0fbb2";"2";"2";"679426481fe33edf9a9489900d809dda2a1c0761bfad7bd02eba16a1c7514bcb"
"issue13-v5-diagnostic-module-bridge/1";"bridge-4cdaa24e899dfadf58437a7a";"_unit_contract.csv";"wiodr13v09";"wiodr13";"";"labour_force_value.emp.m.mv";"";"";"";"";"";"";"";"formula";"common/labour_force_value.emp.m.mv-country.R";"aggregation.labour_force_value.emp.m.mv";"";"";"run-20260827T181731728Z-19df62f4c430d322";"339a9577713021f320de5542beb56def4a30b66db3a7a4a65f898f7a3b2aea9a";"c0d046b99664a616f685b29442a39106f37b5c7fb296d4dcac49b7e638b5f4e7";"3b8b125761e2bcf7c6f0e5c7bef1aa00d26d5853d57883a0e0e98fd50b4b71e6";"e2f4d6dae9a6d35c966b305fabac52e489faa3e7";"7da19c4f2913e857040ba228280f404b0e54eaab";"run-20260824T044829707Z-70ee0bb3b963effc";"fde7ed884957e90b6f5fa32ebce00f634db1b7d7e08694a0490c6ea7b43ba4f9";"c0d046b99664a616f685b29442a39106f37b5c7fb296d4dcac49b7e638b5f4e7";"3b8b125761e2bcf7c6f0e5c7bef1aa00d26d5853d57883a0e0e98fd50b4b71e6";"7d7178150e2b91768f9ba95b86fb0aab84f02bf8";"314e65771523065a36f1e5781cc18977dbb0fbb2";"2";"2";"4cdaa24e899dfadf58437a7a80a19c53717369be6b6aeb57c0d5831d3aa9451d"
"issue13-v5-diagnostic-module-bridge/1";"bridge-5addd25f908c55c7547fa11b";"_unit_contract.csv";"wiodr13v09";"wiodr13";"";"labour_force_value.m.mv";"";"";"";"";"";"";"";"formula";"common/labour_force_value.m.mv-country.R";"aggregation.labour_force_value.m.mv";"";"";"run-20260827T181731728Z-19df62f4c430d322";"339a9577713021f320de5542beb56def4a30b66db3a7a4a65f898f7a3b2aea9a";"c0d046b99664a616f685b29442a39106f37b5c7fb296d4dcac49b7e638b5f4e7";"3b8b125761e2bcf7c6f0e5c7bef1aa00d26d5853d57883a0e0e98fd50b4b71e6";"e2f4d6dae9a6d35c966b305fabac52e489faa3e7";"7da19c4f2913e857040ba228280f404b0e54eaab";"run-20260824T044829707Z-70ee0bb3b963effc";"fde7ed884957e90b6f5fa32ebce00f634db1b7d7e08694a0490c6ea7b43ba4f9";"c0d046b99664a616f685b29442a39106f37b5c7fb296d4dcac49b7e638b5f4e7";"3b8b125761e2bcf7c6f0e5c7bef1aa00d26d5853d57883a0e0e98fd50b4b71e6";"7d7178150e2b91768f9ba95b86fb0aab84f02bf8";"314e65771523065a36f1e5781cc18977dbb0fbb2";"2";"2";"5addd25f908c55c7547fa11b6c3815a83f5899fd3855803bcf6d9962e54f9e92"
"issue13-v5-diagnostic-module-bridge/1";"bridge-835068f61eaa90a429e4971d";"_unit_contract.csv";"wiodr13v09";"wiodr13";"";"surplus_value.emp.r.pc";"";"";"";"";"";"";"";"formula";"common/surplus_value.emp.r.pc-country.R";"aggregation.surplus_value.emp.r.pc";"";"";"run-20260827T181731728Z-19df62f4c430d322";"339a9577713021f320de5542beb56def4a30b66db3a7a4a65f898f7a3b2aea9a";"c0d046b99664a616f685b29442a39106f37b5c7fb296d4dcac49b7e638b5f4e7";"3b8b125761e2bcf7c6f0e5c7bef1aa00d26d5853d57883a0e0e98fd50b4b71e6";"e2f4d6dae9a6d35c966b305fabac52e489faa3e7";"7da19c4f2913e857040ba228280f404b0e54eaab";"run-20260824T044829707Z-70ee0bb3b963effc";"fde7ed884957e90b6f5fa32ebce00f634db1b7d7e08694a0490c6ea7b43ba4f9";"c0d046b99664a616f685b29442a39106f37b5c7fb296d4dcac49b7e638b5f4e7";"3b8b125761e2bcf7c6f0e5c7bef1aa00d26d5853d57883a0e0e98fd50b4b71e6";"7d7178150e2b91768f9ba95b86fb0aab84f02bf8";"314e65771523065a36f1e5781cc18977dbb0fbb2";"2";"2";"835068f61eaa90a429e4971d8edf74c86818069d104036246f6549a5b914c02d"
"issue13-v5-diagnostic-module-bridge/1";"bridge-7826833e419c03d8406a78c2";"_unit_contract.csv";"wiodr13v09";"wiodr13";"";"surplus_value.emp_p.r.pc";"";"";"";"";"";"";"";"formula";"common/surplus_value.emp_p.r.pc-country.R";"aggregation.surplus_value.emp_p.r.pc";"";"";"run-20260827T181731728Z-19df62f4c430d322";"339a9577713021f320de5542beb56def4a30b66db3a7a4a65f898f7a3b2aea9a";"c0d046b99664a616f685b29442a39106f37b5c7fb296d4dcac49b7e638b5f4e7";"3b8b125761e2bcf7c6f0e5c7bef1aa00d26d5853d57883a0e0e98fd50b4b71e6";"e2f4d6dae9a6d35c966b305fabac52e489faa3e7";"7da19c4f2913e857040ba228280f404b0e54eaab";"run-20260824T044829707Z-70ee0bb3b963effc";"fde7ed884957e90b6f5fa32ebce00f634db1b7d7e08694a0490c6ea7b43ba4f9";"c0d046b99664a616f685b29442a39106f37b5c7fb296d4dcac49b7e638b5f4e7";"3b8b125761e2bcf7c6f0e5c7bef1aa00d26d5853d57883a0e0e98fd50b4b71e6";"7d7178150e2b91768f9ba95b86fb0aab84f02bf8";"314e65771523065a36f1e5781cc18977dbb0fbb2";"2";"2";"7826833e419c03d8406a78c2475d954c803fff2b7105df4c5e49bcc2e1a8f1da"
"issue13-v5-diagnostic-module-bridge/1";"bridge-ba382d2fe963c94304305e6b";"_unit_contract.csv";"wiodr13v09";"wiodr13";"";"surplus_value.empe.r.pc";"";"";"";"";"";"";"";"formula";"common/surplus_value.empe.r.pc-country.R";"aggregation.surplus_value.empe.r.pc";"";"";"run-20260827T181731728Z-19df62f4c430d322";"339a9577713021f320de5542beb56def4a30b66db3a7a4a65f898f7a3b2aea9a";"c0d046b99664a616f685b29442a39106f37b5c7fb296d4dcac49b7e638b5f4e7";"3b8b125761e2bcf7c6f0e5c7bef1aa00d26d5853d57883a0e0e98fd50b4b71e6";"e2f4d6dae9a6d35c966b305fabac52e489faa3e7";"7da19c4f2913e857040ba228280f404b0e54eaab";"run-20260824T044829707Z-70ee0bb3b963effc";"fde7ed884957e90b6f5fa32ebce00f634db1b7d7e08694a0490c6ea7b43ba4f9";"c0d046b99664a616f685b29442a39106f37b5c7fb296d4dcac49b7e638b5f4e7";"3b8b125761e2bcf7c6f0e5c7bef1aa00d26d5853d57883a0e0e98fd50b4b71e6";"7d7178150e2b91768f9ba95b86fb0aab84f02bf8";"314e65771523065a36f1e5781cc18977dbb0fbb2";"2";"2";"ba382d2fe963c94304305e6bf5727880583c30e235abc88f7f83edbd86838c19"
"issue13-v5-diagnostic-module-bridge/1";"bridge-2721679ac83792a7026f8db1";"_unit_contract.csv";"wiodr13v09";"wiodr13";"";"surplus_value.empe_hs.r.pc";"";"";"";"";"";"";"";"formula";"wiodr13/surplus_value.empe_hs.r.pc-country.R";"aggregation.surplus_value.empe_hs.r.pc";"";"";"run-20260827T181731728Z-19df62f4c430d322";"339a9577713021f320de5542beb56def4a30b66db3a7a4a65f898f7a3b2aea9a";"c0d046b99664a616f685b29442a39106f37b5c7fb296d4dcac49b7e638b5f4e7";"3b8b125761e2bcf7c6f0e5c7bef1aa00d26d5853d57883a0e0e98fd50b4b71e6";"e2f4d6dae9a6d35c966b305fabac52e489faa3e7";"7da19c4f2913e857040ba228280f404b0e54eaab";"run-20260824T044829707Z-70ee0bb3b963effc";"fde7ed884957e90b6f5fa32ebce00f634db1b7d7e08694a0490c6ea7b43ba4f9";"c0d046b99664a616f685b29442a39106f37b5c7fb296d4dcac49b7e638b5f4e7";"3b8b125761e2bcf7c6f0e5c7bef1aa00d26d5853d57883a0e0e98fd50b4b71e6";"7d7178150e2b91768f9ba95b86fb0aab84f02bf8";"314e65771523065a36f1e5781cc18977dbb0fbb2";"2";"2";"2721679ac83792a7026f8db148d437bc739be88f043c9ea7addb68910694f656"
"issue13-v5-diagnostic-module-bridge/1";"bridge-17edb0fc466ee5e33c6b89a2";"_unit_contract.csv";"wiodr13v09";"wiodr13";"";"surplus_value.empe_ls.r.pc";"";"";"";"";"";"";"";"formula";"wiodr13/surplus_value.empe_ls.r.pc-country.R";"aggregation.surplus_value.empe_ls.r.pc";"";"";"run-20260827T181731728Z-19df62f4c430d322";"339a9577713021f320de5542beb56def4a30b66db3a7a4a65f898f7a3b2aea9a";"c0d046b99664a616f685b29442a39106f37b5c7fb296d4dcac49b7e638b5f4e7";"3b8b125761e2bcf7c6f0e5c7bef1aa00d26d5853d57883a0e0e98fd50b4b71e6";"e2f4d6dae9a6d35c966b305fabac52e489faa3e7";"7da19c4f2913e857040ba228280f404b0e54eaab";"run-20260824T044829707Z-70ee0bb3b963effc";"fde7ed884957e90b6f5fa32ebce00f634db1b7d7e08694a0490c6ea7b43ba4f9";"c0d046b99664a616f685b29442a39106f37b5c7fb296d4dcac49b7e638b5f4e7";"3b8b125761e2bcf7c6f0e5c7bef1aa00d26d5853d57883a0e0e98fd50b4b71e6";"7d7178150e2b91768f9ba95b86fb0aab84f02bf8";"314e65771523065a36f1e5781cc18977dbb0fbb2";"2";"2";"17edb0fc466ee5e33c6b89a2f2d9c429ac55de6c3094e307c5369eda521701ab"
"issue13-v5-diagnostic-module-bridge/1";"bridge-cbaab41d438e5fc33b2eeede";"_unit_contract.csv";"wiodr13v09";"wiodr13";"";"surplus_value.empe_ms.r.pc";"";"";"";"";"";"";"";"formula";"wiodr13/surplus_value.empe_ms.r.pc-country.R";"aggregation.surplus_value.empe_ms.r.pc";"";"";"run-20260827T181731728Z-19df62f4c430d322";"339a9577713021f320de5542beb56def4a30b66db3a7a4a65f898f7a3b2aea9a";"c0d046b99664a616f685b29442a39106f37b5c7fb296d4dcac49b7e638b5f4e7";"3b8b125761e2bcf7c6f0e5c7bef1aa00d26d5853d57883a0e0e98fd50b4b71e6";"e2f4d6dae9a6d35c966b305fabac52e489faa3e7";"7da19c4f2913e857040ba228280f404b0e54eaab";"run-20260824T044829707Z-70ee0bb3b963effc";"fde7ed884957e90b6f5fa32ebce00f634db1b7d7e08694a0490c6ea7b43ba4f9";"c0d046b99664a616f685b29442a39106f37b5c7fb296d4dcac49b7e638b5f4e7";"3b8b125761e2bcf7c6f0e5c7bef1aa00d26d5853d57883a0e0e98fd50b4b71e6";"7d7178150e2b91768f9ba95b86fb0aab84f02bf8";"314e65771523065a36f1e5781cc18977dbb0fbb2";"2";"2";"cbaab41d438e5fc33b2eeede4ac1d21a9d624d11b02b6ee9dfaa85e9a2683a5b"
"issue13-v5-diagnostic-module-bridge/1";"bridge-78c5908aafd8f4bcb8d7e672";"_unit_contract.csv";"wiodr13v09";"wiodr13";"";"surplus_value.empe_p.r.pc";"";"";"";"";"";"";"";"formula";"common/surplus_value.empe_p.r.pc-country.R";"aggregation.surplus_value.empe_p.r.pc";"";"";"run-20260827T181731728Z-19df62f4c430d322";"339a9577713021f320de5542beb56def4a30b66db3a7a4a65f898f7a3b2aea9a";"c0d046b99664a616f685b29442a39106f37b5c7fb296d4dcac49b7e638b5f4e7";"3b8b125761e2bcf7c6f0e5c7bef1aa00d26d5853d57883a0e0e98fd50b4b71e6";"e2f4d6dae9a6d35c966b305fabac52e489faa3e7";"7da19c4f2913e857040ba228280f404b0e54eaab";"run-20260824T044829707Z-70ee0bb3b963effc";"fde7ed884957e90b6f5fa32ebce00f634db1b7d7e08694a0490c6ea7b43ba4f9";"c0d046b99664a616f685b29442a39106f37b5c7fb296d4dcac49b7e638b5f4e7";"3b8b125761e2bcf7c6f0e5c7bef1aa00d26d5853d57883a0e0e98fd50b4b71e6";"7d7178150e2b91768f9ba95b86fb0aab84f02bf8";"314e65771523065a36f1e5781cc18977dbb0fbb2";"2";"2";"78c5908aafd8f4bcb8d7e672858bce51ab8d31541402f9763a5b583a0de7d5ab"
"issue13-v5-diagnostic-module-bridge/1";"bridge-733dc5d846b73b1d32d8ed31";"_unit_contract.csv";"wiodr13v09";"wiodr13";"";"trade_transfers.p.m.pc";"";"";"";"";"";"";"";"formula";"common/trade_transfers.p.m.pc-country.R";"aggregation.trade_transfers.p.m.pc";"";"";"run-20260827T181731728Z-19df62f4c430d322";"339a9577713021f320de5542beb56def4a30b66db3a7a4a65f898f7a3b2aea9a";"c0d046b99664a616f685b29442a39106f37b5c7fb296d4dcac49b7e638b5f4e7";"3b8b125761e2bcf7c6f0e5c7bef1aa00d26d5853d57883a0e0e98fd50b4b71e6";"e2f4d6dae9a6d35c966b305fabac52e489faa3e7";"7da19c4f2913e857040ba228280f404b0e54eaab";"run-20260824T044829707Z-70ee0bb3b963effc";"fde7ed884957e90b6f5fa32ebce00f634db1b7d7e08694a0490c6ea7b43ba4f9";"c0d046b99664a616f685b29442a39106f37b5c7fb296d4dcac49b7e638b5f4e7";"3b8b125761e2bcf7c6f0e5c7bef1aa00d26d5853d57883a0e0e98fd50b4b71e6";"7d7178150e2b91768f9ba95b86fb0aab84f02bf8";"314e65771523065a36f1e5781cc18977dbb0fbb2";"2";"2";"733dc5d846b73b1d32d8ed314225a18eba7be60520965f92cc9f988283780b70"
"issue13-v5-diagnostic-module-bridge/1";"bridge-02f9559d112bab1ee08c1b09";"_unit_contract.csv";"wiodr16";"wiodr16";"";"abstract_labour.emp.m.mv";"";"";"";"";"";"";"";"formula";"common/abstract_labour.emp.m.mv-country.R";"aggregation.abstract_labour.emp.m.mv";"";"";"run-20260823T212944260Z-1a7eb214ff4a6e35";"61ad664918cac589d5bd8c8e96fff0b673db84bc68345ae213a4205fd637c227";"f6a2521577af71ddb22230ecebd444742dc6c33d254fef6d46d9bc4514db20ce";"db341acaac977b4ed1716b1ff3a8cec068805691b55b5348f584d8d6bb02c26a";"cc2c86189a06676bcb9f0e05e08033d710a92509";"0cb1142cdadd74bf95272010f5393ebe2af79f47";"run-20260824T051615868Z-3229fc7242c41ab1";"4f4e958f9a1e9aa9a3b373952debcaca54af331db0231e8ad0af0f26c40da9c1";"f6a2521577af71ddb22230ecebd444742dc6c33d254fef6d46d9bc4514db20ce";"db341acaac977b4ed1716b1ff3a8cec068805691b55b5348f584d8d6bb02c26a";"7d7178150e2b91768f9ba95b86fb0aab84f02bf8";"314e65771523065a36f1e5781cc18977dbb0fbb2";"2";"2";"02f9559d112bab1ee08c1b09f68ad8686ee919b820c085b1f337ecc2f32b70f7"
"issue13-v5-diagnostic-module-bridge/1";"bridge-6031086afed798088eafabe6";"_unit_contract.csv";"wiodr16";"wiodr16";"";"abstract_labour.empe.m.mv";"";"";"";"";"";"";"";"formula";"common/abstract_labour.empe.m.mv-country.R";"aggregation.abstract_labour.empe.m.mv";"";"";"run-20260823T212944260Z-1a7eb214ff4a6e35";"61ad664918cac589d5bd8c8e96fff0b673db84bc68345ae213a4205fd637c227";"f6a2521577af71ddb22230ecebd444742dc6c33d254fef6d46d9bc4514db20ce";"db341acaac977b4ed1716b1ff3a8cec068805691b55b5348f584d8d6bb02c26a";"cc2c86189a06676bcb9f0e05e08033d710a92509";"0cb1142cdadd74bf95272010f5393ebe2af79f47";"run-20260824T051615868Z-3229fc7242c41ab1";"4f4e958f9a1e9aa9a3b373952debcaca54af331db0231e8ad0af0f26c40da9c1";"f6a2521577af71ddb22230ecebd444742dc6c33d254fef6d46d9bc4514db20ce";"db341acaac977b4ed1716b1ff3a8cec068805691b55b5348f584d8d6bb02c26a";"7d7178150e2b91768f9ba95b86fb0aab84f02bf8";"314e65771523065a36f1e5781cc18977dbb0fbb2";"2";"2";"6031086afed798088eafabe60b1d1c14e8888437e33d4da7e1383bcd421d562f"
"issue13-v5-diagnostic-module-bridge/1";"bridge-de08c36b4cd352af4528e648";"_unit_contract.csv";"wiodr16";"wiodr16";"";"appropriated_profit.r.pc";"";"";"";"";"";"";"";"formula";"common/appropriated_profit.r.pc-country.R";"aggregation.appropriated_profit.r.pc";"";"";"run-20260823T212944260Z-1a7eb214ff4a6e35";"61ad664918cac589d5bd8c8e96fff0b673db84bc68345ae213a4205fd637c227";"f6a2521577af71ddb22230ecebd444742dc6c33d254fef6d46d9bc4514db20ce";"db341acaac977b4ed1716b1ff3a8cec068805691b55b5348f584d8d6bb02c26a";"cc2c86189a06676bcb9f0e05e08033d710a92509";"0cb1142cdadd74bf95272010f5393ebe2af79f47";"run-20260824T051615868Z-3229fc7242c41ab1";"4f4e958f9a1e9aa9a3b373952debcaca54af331db0231e8ad0af0f26c40da9c1";"f6a2521577af71ddb22230ecebd444742dc6c33d254fef6d46d9bc4514db20ce";"db341acaac977b4ed1716b1ff3a8cec068805691b55b5348f584d8d6bb02c26a";"7d7178150e2b91768f9ba95b86fb0aab84f02bf8";"314e65771523065a36f1e5781cc18977dbb0fbb2";"2";"2";"de08c36b4cd352af4528e648c3d0eace740791843dd4b208bd4792fee68847b8"
"issue13-v5-diagnostic-module-bridge/1";"bridge-f5cc9735e2d7b0e79a3c4edd";"_unit_contract.csv";"wiodr16";"wiodr16";"";"labour_force_value.emp.m.mv";"";"";"";"";"";"";"";"formula";"common/labour_force_value.emp.m.mv-country.R";"aggregation.labour_force_value.emp.m.mv";"";"";"run-20260823T212944260Z-1a7eb214ff4a6e35";"61ad664918cac589d5bd8c8e96fff0b673db84bc68345ae213a4205fd637c227";"f6a2521577af71ddb22230ecebd444742dc6c33d254fef6d46d9bc4514db20ce";"db341acaac977b4ed1716b1ff3a8cec068805691b55b5348f584d8d6bb02c26a";"cc2c86189a06676bcb9f0e05e08033d710a92509";"0cb1142cdadd74bf95272010f5393ebe2af79f47";"run-20260824T051615868Z-3229fc7242c41ab1";"4f4e958f9a1e9aa9a3b373952debcaca54af331db0231e8ad0af0f26c40da9c1";"f6a2521577af71ddb22230ecebd444742dc6c33d254fef6d46d9bc4514db20ce";"db341acaac977b4ed1716b1ff3a8cec068805691b55b5348f584d8d6bb02c26a";"7d7178150e2b91768f9ba95b86fb0aab84f02bf8";"314e65771523065a36f1e5781cc18977dbb0fbb2";"2";"2";"f5cc9735e2d7b0e79a3c4edd3e1387f0f6d2401a02cdbcf269d74dea8ac95141"
"issue13-v5-diagnostic-module-bridge/1";"bridge-bddbcdb9de3944fbdde5e387";"_unit_contract.csv";"wiodr16";"wiodr16";"";"labour_force_value.m.mv";"";"";"";"";"";"";"";"formula";"common/labour_force_value.m.mv-country.R";"aggregation.labour_force_value.m.mv";"";"";"run-20260823T212944260Z-1a7eb214ff4a6e35";"61ad664918cac589d5bd8c8e96fff0b673db84bc68345ae213a4205fd637c227";"f6a2521577af71ddb22230ecebd444742dc6c33d254fef6d46d9bc4514db20ce";"db341acaac977b4ed1716b1ff3a8cec068805691b55b5348f584d8d6bb02c26a";"cc2c86189a06676bcb9f0e05e08033d710a92509";"0cb1142cdadd74bf95272010f5393ebe2af79f47";"run-20260824T051615868Z-3229fc7242c41ab1";"4f4e958f9a1e9aa9a3b373952debcaca54af331db0231e8ad0af0f26c40da9c1";"f6a2521577af71ddb22230ecebd444742dc6c33d254fef6d46d9bc4514db20ce";"db341acaac977b4ed1716b1ff3a8cec068805691b55b5348f584d8d6bb02c26a";"7d7178150e2b91768f9ba95b86fb0aab84f02bf8";"314e65771523065a36f1e5781cc18977dbb0fbb2";"2";"2";"bddbcdb9de3944fbdde5e387220900bace282ef2b6ede62e1fe363e84ffe7823"
"issue13-v5-diagnostic-module-bridge/1";"bridge-ededbdcd6e7b6404f189b76e";"_unit_contract.csv";"wiodr16";"wiodr16";"";"surplus_value.emp.r.pc";"";"";"";"";"";"";"";"formula";"common/surplus_value.emp.r.pc-country.R";"aggregation.surplus_value.emp.r.pc";"";"";"run-20260823T212944260Z-1a7eb214ff4a6e35";"61ad664918cac589d5bd8c8e96fff0b673db84bc68345ae213a4205fd637c227";"f6a2521577af71ddb22230ecebd444742dc6c33d254fef6d46d9bc4514db20ce";"db341acaac977b4ed1716b1ff3a8cec068805691b55b5348f584d8d6bb02c26a";"cc2c86189a06676bcb9f0e05e08033d710a92509";"0cb1142cdadd74bf95272010f5393ebe2af79f47";"run-20260824T051615868Z-3229fc7242c41ab1";"4f4e958f9a1e9aa9a3b373952debcaca54af331db0231e8ad0af0f26c40da9c1";"f6a2521577af71ddb22230ecebd444742dc6c33d254fef6d46d9bc4514db20ce";"db341acaac977b4ed1716b1ff3a8cec068805691b55b5348f584d8d6bb02c26a";"7d7178150e2b91768f9ba95b86fb0aab84f02bf8";"314e65771523065a36f1e5781cc18977dbb0fbb2";"2";"2";"ededbdcd6e7b6404f189b76e91d01463bd4a6f6982119511c5ca7033c2343e9f"
"issue13-v5-diagnostic-module-bridge/1";"bridge-974cdd80d68797b1c1741505";"_unit_contract.csv";"wiodr16";"wiodr16";"";"surplus_value.emp_p.r.pc";"";"";"";"";"";"";"";"formula";"common/surplus_value.emp_p.r.pc-country.R";"aggregation.surplus_value.emp_p.r.pc";"";"";"run-20260823T212944260Z-1a7eb214ff4a6e35";"61ad664918cac589d5bd8c8e96fff0b673db84bc68345ae213a4205fd637c227";"f6a2521577af71ddb22230ecebd444742dc6c33d254fef6d46d9bc4514db20ce";"db341acaac977b4ed1716b1ff3a8cec068805691b55b5348f584d8d6bb02c26a";"cc2c86189a06676bcb9f0e05e08033d710a92509";"0cb1142cdadd74bf95272010f5393ebe2af79f47";"run-20260824T051615868Z-3229fc7242c41ab1";"4f4e958f9a1e9aa9a3b373952debcaca54af331db0231e8ad0af0f26c40da9c1";"f6a2521577af71ddb22230ecebd444742dc6c33d254fef6d46d9bc4514db20ce";"db341acaac977b4ed1716b1ff3a8cec068805691b55b5348f584d8d6bb02c26a";"7d7178150e2b91768f9ba95b86fb0aab84f02bf8";"314e65771523065a36f1e5781cc18977dbb0fbb2";"2";"2";"974cdd80d68797b1c1741505c8602addc738d21f5a1e51a26133fb0d3b4affbd"
"issue13-v5-diagnostic-module-bridge/1";"bridge-5da0e314afeb1008ecaa50d4";"_unit_contract.csv";"wiodr16";"wiodr16";"";"surplus_value.empe.r.pc";"";"";"";"";"";"";"";"formula";"common/surplus_value.empe.r.pc-country.R";"aggregation.surplus_value.empe.r.pc";"";"";"run-20260823T212944260Z-1a7eb214ff4a6e35";"61ad664918cac589d5bd8c8e96fff0b673db84bc68345ae213a4205fd637c227";"f6a2521577af71ddb22230ecebd444742dc6c33d254fef6d46d9bc4514db20ce";"db341acaac977b4ed1716b1ff3a8cec068805691b55b5348f584d8d6bb02c26a";"cc2c86189a06676bcb9f0e05e08033d710a92509";"0cb1142cdadd74bf95272010f5393ebe2af79f47";"run-20260824T051615868Z-3229fc7242c41ab1";"4f4e958f9a1e9aa9a3b373952debcaca54af331db0231e8ad0af0f26c40da9c1";"f6a2521577af71ddb22230ecebd444742dc6c33d254fef6d46d9bc4514db20ce";"db341acaac977b4ed1716b1ff3a8cec068805691b55b5348f584d8d6bb02c26a";"7d7178150e2b91768f9ba95b86fb0aab84f02bf8";"314e65771523065a36f1e5781cc18977dbb0fbb2";"2";"2";"5da0e314afeb1008ecaa50d40dd86734f025f5f68fb8cdcc9482f2621759447d"
"issue13-v5-diagnostic-module-bridge/1";"bridge-31b813f34634cb0f7f7ee7ab";"_unit_contract.csv";"wiodr16";"wiodr16";"";"surplus_value.empe_p.r.pc";"";"";"";"";"";"";"";"formula";"common/surplus_value.empe_p.r.pc-country.R";"aggregation.surplus_value.empe_p.r.pc";"";"";"run-20260823T212944260Z-1a7eb214ff4a6e35";"61ad664918cac589d5bd8c8e96fff0b673db84bc68345ae213a4205fd637c227";"f6a2521577af71ddb22230ecebd444742dc6c33d254fef6d46d9bc4514db20ce";"db341acaac977b4ed1716b1ff3a8cec068805691b55b5348f584d8d6bb02c26a";"cc2c86189a06676bcb9f0e05e08033d710a92509";"0cb1142cdadd74bf95272010f5393ebe2af79f47";"run-20260824T051615868Z-3229fc7242c41ab1";"4f4e958f9a1e9aa9a3b373952debcaca54af331db0231e8ad0af0f26c40da9c1";"f6a2521577af71ddb22230ecebd444742dc6c33d254fef6d46d9bc4514db20ce";"db341acaac977b4ed1716b1ff3a8cec068805691b55b5348f584d8d6bb02c26a";"7d7178150e2b91768f9ba95b86fb0aab84f02bf8";"314e65771523065a36f1e5781cc18977dbb0fbb2";"2";"2";"31b813f34634cb0f7f7ee7abc6480feefd72b736f163bb93cc982324b020b7e4"
"issue13-v5-diagnostic-module-bridge/1";"bridge-dd9341b5c5d34648bccbe210";"_unit_contract.csv";"wiodr16";"wiodr16";"";"trade_transfers.p.m.pc";"";"";"";"";"";"";"";"formula";"common/trade_transfers.p.m.pc-country.R";"aggregation.trade_transfers.p.m.pc";"";"";"run-20260823T212944260Z-1a7eb214ff4a6e35";"61ad664918cac589d5bd8c8e96fff0b673db84bc68345ae213a4205fd637c227";"f6a2521577af71ddb22230ecebd444742dc6c33d254fef6d46d9bc4514db20ce";"db341acaac977b4ed1716b1ff3a8cec068805691b55b5348f584d8d6bb02c26a";"cc2c86189a06676bcb9f0e05e08033d710a92509";"0cb1142cdadd74bf95272010f5393ebe2af79f47";"run-20260824T051615868Z-3229fc7242c41ab1";"4f4e958f9a1e9aa9a3b373952debcaca54af331db0231e8ad0af0f26c40da9c1";"f6a2521577af71ddb22230ecebd444742dc6c33d254fef6d46d9bc4514db20ce";"db341acaac977b4ed1716b1ff3a8cec068805691b55b5348f584d8d6bb02c26a";"7d7178150e2b91768f9ba95b86fb0aab84f02bf8";"314e65771523065a36f1e5781cc18977dbb0fbb2";"2";"2";"dd9341b5c5d34648bccbe210ae729d44d1f39c9ea6fd6f88ae6b58da26173edf"
"issue13-v5-diagnostic-module-bridge/1";"bridge-9780362667c0c0c89a235ed2";"_unit_contract.csv";"wiodr16v09";"wiodr16";"";"abstract_labour.emp.m.mv";"";"";"";"";"";"";"";"formula";"common/abstract_labour.emp.m.mv-country.R";"aggregation.abstract_labour.emp.m.mv";"";"";"run-20260823T233306933Z-0d783baec25acf32";"e74c33a9c6d0a26e6d4f204f61398f23d6abec54ae6af781f6729b494da5161e";"9b112af38d629221b104d70c0ed8dafd32b46cc1c924f675419fbc6d0fca0d84";"db341acaac977b4ed1716b1ff3a8cec068805691b55b5348f584d8d6bb02c26a";"cc2c86189a06676bcb9f0e05e08033d710a92509";"0cb1142cdadd74bf95272010f5393ebe2af79f47";"run-20260824T045719560Z-b4a1d9095337fbb9";"5f6ad83b518af38ddf4fb94b137ff5eed1f54c475e59f385804a7594e2843973";"9b112af38d629221b104d70c0ed8dafd32b46cc1c924f675419fbc6d0fca0d84";"db341acaac977b4ed1716b1ff3a8cec068805691b55b5348f584d8d6bb02c26a";"7d7178150e2b91768f9ba95b86fb0aab84f02bf8";"314e65771523065a36f1e5781cc18977dbb0fbb2";"2";"2";"9780362667c0c0c89a235ed2821058bcbc963cef073c05d79f29258c3944e6e6"
"issue13-v5-diagnostic-module-bridge/1";"bridge-7bc35af1f7eeac9c1bf95bc1";"_unit_contract.csv";"wiodr16v09";"wiodr16";"";"abstract_labour.empe.m.mv";"";"";"";"";"";"";"";"formula";"common/abstract_labour.empe.m.mv-country.R";"aggregation.abstract_labour.empe.m.mv";"";"";"run-20260823T233306933Z-0d783baec25acf32";"e74c33a9c6d0a26e6d4f204f61398f23d6abec54ae6af781f6729b494da5161e";"9b112af38d629221b104d70c0ed8dafd32b46cc1c924f675419fbc6d0fca0d84";"db341acaac977b4ed1716b1ff3a8cec068805691b55b5348f584d8d6bb02c26a";"cc2c86189a06676bcb9f0e05e08033d710a92509";"0cb1142cdadd74bf95272010f5393ebe2af79f47";"run-20260824T045719560Z-b4a1d9095337fbb9";"5f6ad83b518af38ddf4fb94b137ff5eed1f54c475e59f385804a7594e2843973";"9b112af38d629221b104d70c0ed8dafd32b46cc1c924f675419fbc6d0fca0d84";"db341acaac977b4ed1716b1ff3a8cec068805691b55b5348f584d8d6bb02c26a";"7d7178150e2b91768f9ba95b86fb0aab84f02bf8";"314e65771523065a36f1e5781cc18977dbb0fbb2";"2";"2";"7bc35af1f7eeac9c1bf95bc1f7d998bacb9f360b4c1cb6f9d3925fc992d04bc4"
"issue13-v5-diagnostic-module-bridge/1";"bridge-22092622591141fd4503dcfe";"_unit_contract.csv";"wiodr16v09";"wiodr16";"";"appropriated_profit.r.pc";"";"";"";"";"";"";"";"formula";"common/appropriated_profit.r.pc-country.R";"aggregation.appropriated_profit.r.pc";"";"";"run-20260823T233306933Z-0d783baec25acf32";"e74c33a9c6d0a26e6d4f204f61398f23d6abec54ae6af781f6729b494da5161e";"9b112af38d629221b104d70c0ed8dafd32b46cc1c924f675419fbc6d0fca0d84";"db341acaac977b4ed1716b1ff3a8cec068805691b55b5348f584d8d6bb02c26a";"cc2c86189a06676bcb9f0e05e08033d710a92509";"0cb1142cdadd74bf95272010f5393ebe2af79f47";"run-20260824T045719560Z-b4a1d9095337fbb9";"5f6ad83b518af38ddf4fb94b137ff5eed1f54c475e59f385804a7594e2843973";"9b112af38d629221b104d70c0ed8dafd32b46cc1c924f675419fbc6d0fca0d84";"db341acaac977b4ed1716b1ff3a8cec068805691b55b5348f584d8d6bb02c26a";"7d7178150e2b91768f9ba95b86fb0aab84f02bf8";"314e65771523065a36f1e5781cc18977dbb0fbb2";"2";"2";"22092622591141fd4503dcfee3ccf30b0f19c1b94e79b22e311dfaecc126329c"
"issue13-v5-diagnostic-module-bridge/1";"bridge-f4469d060ed5fe4c99baa082";"_unit_contract.csv";"wiodr16v09";"wiodr16";"";"labour_force_value.emp.m.mv";"";"";"";"";"";"";"";"formula";"common/labour_force_value.emp.m.mv-country.R";"aggregation.labour_force_value.emp.m.mv";"";"";"run-20260823T233306933Z-0d783baec25acf32";"e74c33a9c6d0a26e6d4f204f61398f23d6abec54ae6af781f6729b494da5161e";"9b112af38d629221b104d70c0ed8dafd32b46cc1c924f675419fbc6d0fca0d84";"db341acaac977b4ed1716b1ff3a8cec068805691b55b5348f584d8d6bb02c26a";"cc2c86189a06676bcb9f0e05e08033d710a92509";"0cb1142cdadd74bf95272010f5393ebe2af79f47";"run-20260824T045719560Z-b4a1d9095337fbb9";"5f6ad83b518af38ddf4fb94b137ff5eed1f54c475e59f385804a7594e2843973";"9b112af38d629221b104d70c0ed8dafd32b46cc1c924f675419fbc6d0fca0d84";"db341acaac977b4ed1716b1ff3a8cec068805691b55b5348f584d8d6bb02c26a";"7d7178150e2b91768f9ba95b86fb0aab84f02bf8";"314e65771523065a36f1e5781cc18977dbb0fbb2";"2";"2";"f4469d060ed5fe4c99baa082a4f3f9e6b84c25af4df18e56a564202b026444b9"
"issue13-v5-diagnostic-module-bridge/1";"bridge-580385e52b73940ae11500c7";"_unit_contract.csv";"wiodr16v09";"wiodr16";"";"labour_force_value.m.mv";"";"";"";"";"";"";"";"formula";"common/labour_force_value.m.mv-country.R";"aggregation.labour_force_value.m.mv";"";"";"run-20260823T233306933Z-0d783baec25acf32";"e74c33a9c6d0a26e6d4f204f61398f23d6abec54ae6af781f6729b494da5161e";"9b112af38d629221b104d70c0ed8dafd32b46cc1c924f675419fbc6d0fca0d84";"db341acaac977b4ed1716b1ff3a8cec068805691b55b5348f584d8d6bb02c26a";"cc2c86189a06676bcb9f0e05e08033d710a92509";"0cb1142cdadd74bf95272010f5393ebe2af79f47";"run-20260824T045719560Z-b4a1d9095337fbb9";"5f6ad83b518af38ddf4fb94b137ff5eed1f54c475e59f385804a7594e2843973";"9b112af38d629221b104d70c0ed8dafd32b46cc1c924f675419fbc6d0fca0d84";"db341acaac977b4ed1716b1ff3a8cec068805691b55b5348f584d8d6bb02c26a";"7d7178150e2b91768f9ba95b86fb0aab84f02bf8";"314e65771523065a36f1e5781cc18977dbb0fbb2";"2";"2";"580385e52b73940ae11500c77e37b872e712fc497094e6651516bf479b20f4ff"
"issue13-v5-diagnostic-module-bridge/1";"bridge-c575fb4c13791ea8a8ad1f04";"_unit_contract.csv";"wiodr16v09";"wiodr16";"";"surplus_value.emp.r.pc";"";"";"";"";"";"";"";"formula";"common/surplus_value.emp.r.pc-country.R";"aggregation.surplus_value.emp.r.pc";"";"";"run-20260823T233306933Z-0d783baec25acf32";"e74c33a9c6d0a26e6d4f204f61398f23d6abec54ae6af781f6729b494da5161e";"9b112af38d629221b104d70c0ed8dafd32b46cc1c924f675419fbc6d0fca0d84";"db341acaac977b4ed1716b1ff3a8cec068805691b55b5348f584d8d6bb02c26a";"cc2c86189a06676bcb9f0e05e08033d710a92509";"0cb1142cdadd74bf95272010f5393ebe2af79f47";"run-20260824T045719560Z-b4a1d9095337fbb9";"5f6ad83b518af38ddf4fb94b137ff5eed1f54c475e59f385804a7594e2843973";"9b112af38d629221b104d70c0ed8dafd32b46cc1c924f675419fbc6d0fca0d84";"db341acaac977b4ed1716b1ff3a8cec068805691b55b5348f584d8d6bb02c26a";"7d7178150e2b91768f9ba95b86fb0aab84f02bf8";"314e65771523065a36f1e5781cc18977dbb0fbb2";"2";"2";"c575fb4c13791ea8a8ad1f04b4bf857c1198b92a1e0ee8ec9de36694e09c80a6"
"issue13-v5-diagnostic-module-bridge/1";"bridge-1a4ca87fb9a8c43c506572be";"_unit_contract.csv";"wiodr16v09";"wiodr16";"";"surplus_value.emp_p.r.pc";"";"";"";"";"";"";"";"formula";"common/surplus_value.emp_p.r.pc-country.R";"aggregation.surplus_value.emp_p.r.pc";"";"";"run-20260823T233306933Z-0d783baec25acf32";"e74c33a9c6d0a26e6d4f204f61398f23d6abec54ae6af781f6729b494da5161e";"9b112af38d629221b104d70c0ed8dafd32b46cc1c924f675419fbc6d0fca0d84";"db341acaac977b4ed1716b1ff3a8cec068805691b55b5348f584d8d6bb02c26a";"cc2c86189a06676bcb9f0e05e08033d710a92509";"0cb1142cdadd74bf95272010f5393ebe2af79f47";"run-20260824T045719560Z-b4a1d9095337fbb9";"5f6ad83b518af38ddf4fb94b137ff5eed1f54c475e59f385804a7594e2843973";"9b112af38d629221b104d70c0ed8dafd32b46cc1c924f675419fbc6d0fca0d84";"db341acaac977b4ed1716b1ff3a8cec068805691b55b5348f584d8d6bb02c26a";"7d7178150e2b91768f9ba95b86fb0aab84f02bf8";"314e65771523065a36f1e5781cc18977dbb0fbb2";"2";"2";"1a4ca87fb9a8c43c506572be6c1f989e69aa9f12d9b21664ecf617d735f49a5b"
"issue13-v5-diagnostic-module-bridge/1";"bridge-0a9c8fce5ec3312ec9067174";"_unit_contract.csv";"wiodr16v09";"wiodr16";"";"surplus_value.empe.r.pc";"";"";"";"";"";"";"";"formula";"common/surplus_value.empe.r.pc-country.R";"aggregation.surplus_value.empe.r.pc";"";"";"run-20260823T233306933Z-0d783baec25acf32";"e74c33a9c6d0a26e6d4f204f61398f23d6abec54ae6af781f6729b494da5161e";"9b112af38d629221b104d70c0ed8dafd32b46cc1c924f675419fbc6d0fca0d84";"db341acaac977b4ed1716b1ff3a8cec068805691b55b5348f584d8d6bb02c26a";"cc2c86189a06676bcb9f0e05e08033d710a92509";"0cb1142cdadd74bf95272010f5393ebe2af79f47";"run-20260824T045719560Z-b4a1d9095337fbb9";"5f6ad83b518af38ddf4fb94b137ff5eed1f54c475e59f385804a7594e2843973";"9b112af38d629221b104d70c0ed8dafd32b46cc1c924f675419fbc6d0fca0d84";"db341acaac977b4ed1716b1ff3a8cec068805691b55b5348f584d8d6bb02c26a";"7d7178150e2b91768f9ba95b86fb0aab84f02bf8";"314e65771523065a36f1e5781cc18977dbb0fbb2";"2";"2";"0a9c8fce5ec3312ec90671746164dc322ff3ec719b510f7d218faf158ce7076e"
"issue13-v5-diagnostic-module-bridge/1";"bridge-86364759ed7eb807fd0a3230";"_unit_contract.csv";"wiodr16v09";"wiodr16";"";"surplus_value.empe_p.r.pc";"";"";"";"";"";"";"";"formula";"common/surplus_value.empe_p.r.pc-country.R";"aggregation.surplus_value.empe_p.r.pc";"";"";"run-20260823T233306933Z-0d783baec25acf32";"e74c33a9c6d0a26e6d4f204f61398f23d6abec54ae6af781f6729b494da5161e";"9b112af38d629221b104d70c0ed8dafd32b46cc1c924f675419fbc6d0fca0d84";"db341acaac977b4ed1716b1ff3a8cec068805691b55b5348f584d8d6bb02c26a";"cc2c86189a06676bcb9f0e05e08033d710a92509";"0cb1142cdadd74bf95272010f5393ebe2af79f47";"run-20260824T045719560Z-b4a1d9095337fbb9";"5f6ad83b518af38ddf4fb94b137ff5eed1f54c475e59f385804a7594e2843973";"9b112af38d629221b104d70c0ed8dafd32b46cc1c924f675419fbc6d0fca0d84";"db341acaac977b4ed1716b1ff3a8cec068805691b55b5348f584d8d6bb02c26a";"7d7178150e2b91768f9ba95b86fb0aab84f02bf8";"314e65771523065a36f1e5781cc18977dbb0fbb2";"2";"2";"86364759ed7eb807fd0a323093c8f7661cd2d59e5de7e82e7f026c7ecbc51135"
"issue13-v5-diagnostic-module-bridge/1";"bridge-166210a64ccac881bebb2e78";"_unit_contract.csv";"wiodr16v09";"wiodr16";"";"trade_transfers.p.m.pc";"";"";"";"";"";"";"";"formula";"common/trade_transfers.p.m.pc-country.R";"aggregation.trade_transfers.p.m.pc";"";"";"run-20260823T233306933Z-0d783baec25acf32";"e74c33a9c6d0a26e6d4f204f61398f23d6abec54ae6af781f6729b494da5161e";"9b112af38d629221b104d70c0ed8dafd32b46cc1c924f675419fbc6d0fca0d84";"db341acaac977b4ed1716b1ff3a8cec068805691b55b5348f584d8d6bb02c26a";"cc2c86189a06676bcb9f0e05e08033d710a92509";"0cb1142cdadd74bf95272010f5393ebe2af79f47";"run-20260824T045719560Z-b4a1d9095337fbb9";"5f6ad83b518af38ddf4fb94b137ff5eed1f54c475e59f385804a7594e2843973";"9b112af38d629221b104d70c0ed8dafd32b46cc1c924f675419fbc6d0fca0d84";"db341acaac977b4ed1716b1ff3a8cec068805691b55b5348f584d8d6bb02c26a";"7d7178150e2b91768f9ba95b86fb0aab84f02bf8";"314e65771523065a36f1e5781cc18977dbb0fbb2";"2";"2";"166210a64ccac881bebb2e78c8b5a6fd6827f1d211a223426e0b4914d2453729"
"issue13-v5-diagnostic-module-bridge/1";"bridge-a5a2003051d74b33d0509a72";"_unit_contract.csv";"zerodep_1";"wiodr13";"";"abstract_labour.emp.m.mv";"";"";"";"";"";"";"";"formula";"common/abstract_labour.emp.m.mv-country.R";"aggregation.abstract_labour.emp.m.mv";"";"";"run-20260823T223131248Z-b824cb4eb30f0f2c";"e61d3a27a700a6057b2f0f963708767d356dcc87dc7b1b158071a08f3488be9c";"b40861670fcf2549d09c48ac6dc13bc129cd132f80ba9bb51815292991a5afa0";"3b8b125761e2bcf7c6f0e5c7bef1aa00d26d5853d57883a0e0e98fd50b4b71e6";"cc2c86189a06676bcb9f0e05e08033d710a92509";"0cb1142cdadd74bf95272010f5393ebe2af79f47";"run-20260824T045318468Z-a3b5880b7691bc98";"7590477c42e0dfb6deca5485e8d86d905c23ca648dfa198fb83e0bc54f01e1c5";"b40861670fcf2549d09c48ac6dc13bc129cd132f80ba9bb51815292991a5afa0";"3b8b125761e2bcf7c6f0e5c7bef1aa00d26d5853d57883a0e0e98fd50b4b71e6";"7d7178150e2b91768f9ba95b86fb0aab84f02bf8";"314e65771523065a36f1e5781cc18977dbb0fbb2";"2";"2";"a5a2003051d74b33d0509a727cc9cf196271a9d2f4152a6dfa61e3516732ca6f"
"issue13-v5-diagnostic-module-bridge/1";"bridge-6ac7d92e533f02f5a4548de9";"_unit_contract.csv";"zerodep_1";"wiodr13";"";"abstract_labour.empe.m.mv";"";"";"";"";"";"";"";"formula";"common/abstract_labour.empe.m.mv-country.R";"aggregation.abstract_labour.empe.m.mv";"";"";"run-20260823T223131248Z-b824cb4eb30f0f2c";"e61d3a27a700a6057b2f0f963708767d356dcc87dc7b1b158071a08f3488be9c";"b40861670fcf2549d09c48ac6dc13bc129cd132f80ba9bb51815292991a5afa0";"3b8b125761e2bcf7c6f0e5c7bef1aa00d26d5853d57883a0e0e98fd50b4b71e6";"cc2c86189a06676bcb9f0e05e08033d710a92509";"0cb1142cdadd74bf95272010f5393ebe2af79f47";"run-20260824T045318468Z-a3b5880b7691bc98";"7590477c42e0dfb6deca5485e8d86d905c23ca648dfa198fb83e0bc54f01e1c5";"b40861670fcf2549d09c48ac6dc13bc129cd132f80ba9bb51815292991a5afa0";"3b8b125761e2bcf7c6f0e5c7bef1aa00d26d5853d57883a0e0e98fd50b4b71e6";"7d7178150e2b91768f9ba95b86fb0aab84f02bf8";"314e65771523065a36f1e5781cc18977dbb0fbb2";"2";"2";"6ac7d92e533f02f5a4548de9eca4532bcf035c11ac39b01ed4cce1a1988d95e1"
"issue13-v5-diagnostic-module-bridge/1";"bridge-f987b5d8f68bb96fa6a4387c";"_unit_contract.csv";"zerodep_1";"wiodr13";"";"appropriated_profit.r.pc";"";"";"";"";"";"";"";"formula";"common/appropriated_profit.r.pc-country.R";"aggregation.appropriated_profit.r.pc";"";"";"run-20260823T223131248Z-b824cb4eb30f0f2c";"e61d3a27a700a6057b2f0f963708767d356dcc87dc7b1b158071a08f3488be9c";"b40861670fcf2549d09c48ac6dc13bc129cd132f80ba9bb51815292991a5afa0";"3b8b125761e2bcf7c6f0e5c7bef1aa00d26d5853d57883a0e0e98fd50b4b71e6";"cc2c86189a06676bcb9f0e05e08033d710a92509";"0cb1142cdadd74bf95272010f5393ebe2af79f47";"run-20260824T045318468Z-a3b5880b7691bc98";"7590477c42e0dfb6deca5485e8d86d905c23ca648dfa198fb83e0bc54f01e1c5";"b40861670fcf2549d09c48ac6dc13bc129cd132f80ba9bb51815292991a5afa0";"3b8b125761e2bcf7c6f0e5c7bef1aa00d26d5853d57883a0e0e98fd50b4b71e6";"7d7178150e2b91768f9ba95b86fb0aab84f02bf8";"314e65771523065a36f1e5781cc18977dbb0fbb2";"2";"2";"f987b5d8f68bb96fa6a4387c19f74061493c6c38a4111d4c1520dcdea9fa2cd1"
"issue13-v5-diagnostic-module-bridge/1";"bridge-2f415e64d4696c3befac6ef7";"_unit_contract.csv";"zerodep_1";"wiodr13";"";"labour_force_value.emp.m.mv";"";"";"";"";"";"";"";"formula";"common/labour_force_value.emp.m.mv-country.R";"aggregation.labour_force_value.emp.m.mv";"";"";"run-20260823T223131248Z-b824cb4eb30f0f2c";"e61d3a27a700a6057b2f0f963708767d356dcc87dc7b1b158071a08f3488be9c";"b40861670fcf2549d09c48ac6dc13bc129cd132f80ba9bb51815292991a5afa0";"3b8b125761e2bcf7c6f0e5c7bef1aa00d26d5853d57883a0e0e98fd50b4b71e6";"cc2c86189a06676bcb9f0e05e08033d710a92509";"0cb1142cdadd74bf95272010f5393ebe2af79f47";"run-20260824T045318468Z-a3b5880b7691bc98";"7590477c42e0dfb6deca5485e8d86d905c23ca648dfa198fb83e0bc54f01e1c5";"b40861670fcf2549d09c48ac6dc13bc129cd132f80ba9bb51815292991a5afa0";"3b8b125761e2bcf7c6f0e5c7bef1aa00d26d5853d57883a0e0e98fd50b4b71e6";"7d7178150e2b91768f9ba95b86fb0aab84f02bf8";"314e65771523065a36f1e5781cc18977dbb0fbb2";"2";"2";"2f415e64d4696c3befac6ef749b92789b0638d771ecd75dc849b75c416cfff8a"
"issue13-v5-diagnostic-module-bridge/1";"bridge-d25a3a1092b639736baec704";"_unit_contract.csv";"zerodep_1";"wiodr13";"";"labour_force_value.m.mv";"";"";"";"";"";"";"";"formula";"common/labour_force_value.m.mv-country.R";"aggregation.labour_force_value.m.mv";"";"";"run-20260823T223131248Z-b824cb4eb30f0f2c";"e61d3a27a700a6057b2f0f963708767d356dcc87dc7b1b158071a08f3488be9c";"b40861670fcf2549d09c48ac6dc13bc129cd132f80ba9bb51815292991a5afa0";"3b8b125761e2bcf7c6f0e5c7bef1aa00d26d5853d57883a0e0e98fd50b4b71e6";"cc2c86189a06676bcb9f0e05e08033d710a92509";"0cb1142cdadd74bf95272010f5393ebe2af79f47";"run-20260824T045318468Z-a3b5880b7691bc98";"7590477c42e0dfb6deca5485e8d86d905c23ca648dfa198fb83e0bc54f01e1c5";"b40861670fcf2549d09c48ac6dc13bc129cd132f80ba9bb51815292991a5afa0";"3b8b125761e2bcf7c6f0e5c7bef1aa00d26d5853d57883a0e0e98fd50b4b71e6";"7d7178150e2b91768f9ba95b86fb0aab84f02bf8";"314e65771523065a36f1e5781cc18977dbb0fbb2";"2";"2";"d25a3a1092b639736baec7048f884af1f72adc184154d16c76dc7b96412d2ef1"
"issue13-v5-diagnostic-module-bridge/1";"bridge-eb84a72579f4d50fc15e3b3a";"_unit_contract.csv";"zerodep_1";"wiodr13";"";"surplus_value.emp.r.pc";"";"";"";"";"";"";"";"formula";"common/surplus_value.emp.r.pc-country.R";"aggregation.surplus_value.emp.r.pc";"";"";"run-20260823T223131248Z-b824cb4eb30f0f2c";"e61d3a27a700a6057b2f0f963708767d356dcc87dc7b1b158071a08f3488be9c";"b40861670fcf2549d09c48ac6dc13bc129cd132f80ba9bb51815292991a5afa0";"3b8b125761e2bcf7c6f0e5c7bef1aa00d26d5853d57883a0e0e98fd50b4b71e6";"cc2c86189a06676bcb9f0e05e08033d710a92509";"0cb1142cdadd74bf95272010f5393ebe2af79f47";"run-20260824T045318468Z-a3b5880b7691bc98";"7590477c42e0dfb6deca5485e8d86d905c23ca648dfa198fb83e0bc54f01e1c5";"b40861670fcf2549d09c48ac6dc13bc129cd132f80ba9bb51815292991a5afa0";"3b8b125761e2bcf7c6f0e5c7bef1aa00d26d5853d57883a0e0e98fd50b4b71e6";"7d7178150e2b91768f9ba95b86fb0aab84f02bf8";"314e65771523065a36f1e5781cc18977dbb0fbb2";"2";"2";"eb84a72579f4d50fc15e3b3a42fe57b31c28ef04e68b48ca20e4df538a67c93f"
"issue13-v5-diagnostic-module-bridge/1";"bridge-0e74e55317bedeac671b0d76";"_unit_contract.csv";"zerodep_1";"wiodr13";"";"surplus_value.emp_p.r.pc";"";"";"";"";"";"";"";"formula";"common/surplus_value.emp_p.r.pc-country.R";"aggregation.surplus_value.emp_p.r.pc";"";"";"run-20260823T223131248Z-b824cb4eb30f0f2c";"e61d3a27a700a6057b2f0f963708767d356dcc87dc7b1b158071a08f3488be9c";"b40861670fcf2549d09c48ac6dc13bc129cd132f80ba9bb51815292991a5afa0";"3b8b125761e2bcf7c6f0e5c7bef1aa00d26d5853d57883a0e0e98fd50b4b71e6";"cc2c86189a06676bcb9f0e05e08033d710a92509";"0cb1142cdadd74bf95272010f5393ebe2af79f47";"run-20260824T045318468Z-a3b5880b7691bc98";"7590477c42e0dfb6deca5485e8d86d905c23ca648dfa198fb83e0bc54f01e1c5";"b40861670fcf2549d09c48ac6dc13bc129cd132f80ba9bb51815292991a5afa0";"3b8b125761e2bcf7c6f0e5c7bef1aa00d26d5853d57883a0e0e98fd50b4b71e6";"7d7178150e2b91768f9ba95b86fb0aab84f02bf8";"314e65771523065a36f1e5781cc18977dbb0fbb2";"2";"2";"0e74e55317bedeac671b0d76612524192457bc6da0ddea6b31166cb89c8b4d09"
"issue13-v5-diagnostic-module-bridge/1";"bridge-231721ba05f81476d08ec03b";"_unit_contract.csv";"zerodep_1";"wiodr13";"";"surplus_value.empe.r.pc";"";"";"";"";"";"";"";"formula";"common/surplus_value.empe.r.pc-country.R";"aggregation.surplus_value.empe.r.pc";"";"";"run-20260823T223131248Z-b824cb4eb30f0f2c";"e61d3a27a700a6057b2f0f963708767d356dcc87dc7b1b158071a08f3488be9c";"b40861670fcf2549d09c48ac6dc13bc129cd132f80ba9bb51815292991a5afa0";"3b8b125761e2bcf7c6f0e5c7bef1aa00d26d5853d57883a0e0e98fd50b4b71e6";"cc2c86189a06676bcb9f0e05e08033d710a92509";"0cb1142cdadd74bf95272010f5393ebe2af79f47";"run-20260824T045318468Z-a3b5880b7691bc98";"7590477c42e0dfb6deca5485e8d86d905c23ca648dfa198fb83e0bc54f01e1c5";"b40861670fcf2549d09c48ac6dc13bc129cd132f80ba9bb51815292991a5afa0";"3b8b125761e2bcf7c6f0e5c7bef1aa00d26d5853d57883a0e0e98fd50b4b71e6";"7d7178150e2b91768f9ba95b86fb0aab84f02bf8";"314e65771523065a36f1e5781cc18977dbb0fbb2";"2";"2";"231721ba05f81476d08ec03b17d8eb9c2d470a5449685243be84ca1d28e4bd35"
"issue13-v5-diagnostic-module-bridge/1";"bridge-2c423e16a3e247c0bcd7365e";"_unit_contract.csv";"zerodep_1";"wiodr13";"";"surplus_value.empe_hs.r.pc";"";"";"";"";"";"";"";"formula";"wiodr13/surplus_value.empe_hs.r.pc-country.R";"aggregation.surplus_value.empe_hs.r.pc";"";"";"run-20260823T223131248Z-b824cb4eb30f0f2c";"e61d3a27a700a6057b2f0f963708767d356dcc87dc7b1b158071a08f3488be9c";"b40861670fcf2549d09c48ac6dc13bc129cd132f80ba9bb51815292991a5afa0";"3b8b125761e2bcf7c6f0e5c7bef1aa00d26d5853d57883a0e0e98fd50b4b71e6";"cc2c86189a06676bcb9f0e05e08033d710a92509";"0cb1142cdadd74bf95272010f5393ebe2af79f47";"run-20260824T045318468Z-a3b5880b7691bc98";"7590477c42e0dfb6deca5485e8d86d905c23ca648dfa198fb83e0bc54f01e1c5";"b40861670fcf2549d09c48ac6dc13bc129cd132f80ba9bb51815292991a5afa0";"3b8b125761e2bcf7c6f0e5c7bef1aa00d26d5853d57883a0e0e98fd50b4b71e6";"7d7178150e2b91768f9ba95b86fb0aab84f02bf8";"314e65771523065a36f1e5781cc18977dbb0fbb2";"2";"2";"2c423e16a3e247c0bcd7365ec5c56e1ce9a29d00e3adad29ec240f6bd0932572"
"issue13-v5-diagnostic-module-bridge/1";"bridge-ba174328845e858b5931b074";"_unit_contract.csv";"zerodep_1";"wiodr13";"";"surplus_value.empe_ls.r.pc";"";"";"";"";"";"";"";"formula";"wiodr13/surplus_value.empe_ls.r.pc-country.R";"aggregation.surplus_value.empe_ls.r.pc";"";"";"run-20260823T223131248Z-b824cb4eb30f0f2c";"e61d3a27a700a6057b2f0f963708767d356dcc87dc7b1b158071a08f3488be9c";"b40861670fcf2549d09c48ac6dc13bc129cd132f80ba9bb51815292991a5afa0";"3b8b125761e2bcf7c6f0e5c7bef1aa00d26d5853d57883a0e0e98fd50b4b71e6";"cc2c86189a06676bcb9f0e05e08033d710a92509";"0cb1142cdadd74bf95272010f5393ebe2af79f47";"run-20260824T045318468Z-a3b5880b7691bc98";"7590477c42e0dfb6deca5485e8d86d905c23ca648dfa198fb83e0bc54f01e1c5";"b40861670fcf2549d09c48ac6dc13bc129cd132f80ba9bb51815292991a5afa0";"3b8b125761e2bcf7c6f0e5c7bef1aa00d26d5853d57883a0e0e98fd50b4b71e6";"7d7178150e2b91768f9ba95b86fb0aab84f02bf8";"314e65771523065a36f1e5781cc18977dbb0fbb2";"2";"2";"ba174328845e858b5931b074215bca15e3e3752f038822bd70065211f6ab7bbe"
"issue13-v5-diagnostic-module-bridge/1";"bridge-3933f2b98e7d04229cdca70c";"_unit_contract.csv";"zerodep_1";"wiodr13";"";"surplus_value.empe_ms.r.pc";"";"";"";"";"";"";"";"formula";"wiodr13/surplus_value.empe_ms.r.pc-country.R";"aggregation.surplus_value.empe_ms.r.pc";"";"";"run-20260823T223131248Z-b824cb4eb30f0f2c";"e61d3a27a700a6057b2f0f963708767d356dcc87dc7b1b158071a08f3488be9c";"b40861670fcf2549d09c48ac6dc13bc129cd132f80ba9bb51815292991a5afa0";"3b8b125761e2bcf7c6f0e5c7bef1aa00d26d5853d57883a0e0e98fd50b4b71e6";"cc2c86189a06676bcb9f0e05e08033d710a92509";"0cb1142cdadd74bf95272010f5393ebe2af79f47";"run-20260824T045318468Z-a3b5880b7691bc98";"7590477c42e0dfb6deca5485e8d86d905c23ca648dfa198fb83e0bc54f01e1c5";"b40861670fcf2549d09c48ac6dc13bc129cd132f80ba9bb51815292991a5afa0";"3b8b125761e2bcf7c6f0e5c7bef1aa00d26d5853d57883a0e0e98fd50b4b71e6";"7d7178150e2b91768f9ba95b86fb0aab84f02bf8";"314e65771523065a36f1e5781cc18977dbb0fbb2";"2";"2";"3933f2b98e7d04229cdca70cf5e87002fcb270f8ed1eab4c8e5e9eac4efa7018"
"issue13-v5-diagnostic-module-bridge/1";"bridge-865efbce5fd24045b77bc9d7";"_unit_contract.csv";"zerodep_1";"wiodr13";"";"surplus_value.empe_p.r.pc";"";"";"";"";"";"";"";"formula";"common/surplus_value.empe_p.r.pc-country.R";"aggregation.surplus_value.empe_p.r.pc";"";"";"run-20260823T223131248Z-b824cb4eb30f0f2c";"e61d3a27a700a6057b2f0f963708767d356dcc87dc7b1b158071a08f3488be9c";"b40861670fcf2549d09c48ac6dc13bc129cd132f80ba9bb51815292991a5afa0";"3b8b125761e2bcf7c6f0e5c7bef1aa00d26d5853d57883a0e0e98fd50b4b71e6";"cc2c86189a06676bcb9f0e05e08033d710a92509";"0cb1142cdadd74bf95272010f5393ebe2af79f47";"run-20260824T045318468Z-a3b5880b7691bc98";"7590477c42e0dfb6deca5485e8d86d905c23ca648dfa198fb83e0bc54f01e1c5";"b40861670fcf2549d09c48ac6dc13bc129cd132f80ba9bb51815292991a5afa0";"3b8b125761e2bcf7c6f0e5c7bef1aa00d26d5853d57883a0e0e98fd50b4b71e6";"7d7178150e2b91768f9ba95b86fb0aab84f02bf8";"314e65771523065a36f1e5781cc18977dbb0fbb2";"2";"2";"865efbce5fd24045b77bc9d7514ff281d7434dea5504d858f9b92c2e27b52562"
"issue13-v5-diagnostic-module-bridge/1";"bridge-d7793730d363ea5e8f93286c";"_unit_contract.csv";"zerodep_1";"wiodr13";"";"trade_transfers.p.m.pc";"";"";"";"";"";"";"";"formula";"common/trade_transfers.p.m.pc-country.R";"aggregation.trade_transfers.p.m.pc";"";"";"run-20260823T223131248Z-b824cb4eb30f0f2c";"e61d3a27a700a6057b2f0f963708767d356dcc87dc7b1b158071a08f3488be9c";"b40861670fcf2549d09c48ac6dc13bc129cd132f80ba9bb51815292991a5afa0";"3b8b125761e2bcf7c6f0e5c7bef1aa00d26d5853d57883a0e0e98fd50b4b71e6";"cc2c86189a06676bcb9f0e05e08033d710a92509";"0cb1142cdadd74bf95272010f5393ebe2af79f47";"run-20260824T045318468Z-a3b5880b7691bc98";"7590477c42e0dfb6deca5485e8d86d905c23ca648dfa198fb83e0bc54f01e1c5";"b40861670fcf2549d09c48ac6dc13bc129cd132f80ba9bb51815292991a5afa0";"3b8b125761e2bcf7c6f0e5c7bef1aa00d26d5853d57883a0e0e98fd50b4b71e6";"7d7178150e2b91768f9ba95b86fb0aab84f02bf8";"314e65771523065a36f1e5781cc18977dbb0fbb2";"2";"2";"d7793730d363ea5e8f93286c667cfab67449caee0aed89068e3c7c5f2b24f093"
"issue13-v5-diagnostic-module-bridge/1";"bridge-b934ead8622bc8b868bf5a3b";"_unit_contract.csv";"zerodep_2";"wiodr16";"";"abstract_labour.emp.m.mv";"";"";"";"";"";"";"";"formula";"common/abstract_labour.emp.m.mv-country.R";"aggregation.abstract_labour.emp.m.mv";"";"";"run-20260823T224901679Z-9afe569971bb5b72";"927131d233794591b53aa33435df80acf3850c79ada6d2d27a9d0fb7cfb6e073";"3bf65b1807eeacdf4025f090d29b59527498f57771972395f8652f2481e91951";"db341acaac977b4ed1716b1ff3a8cec068805691b55b5348f584d8d6bb02c26a";"cc2c86189a06676bcb9f0e05e08033d710a92509";"0cb1142cdadd74bf95272010f5393ebe2af79f47";"run-20260824T051429007Z-488d8377d459b34a";"3c8306705b5aa502246526310bcaa9a95031b034ad9e0a46eaa91fe1c9273864";"3bf65b1807eeacdf4025f090d29b59527498f57771972395f8652f2481e91951";"db341acaac977b4ed1716b1ff3a8cec068805691b55b5348f584d8d6bb02c26a";"7d7178150e2b91768f9ba95b86fb0aab84f02bf8";"314e65771523065a36f1e5781cc18977dbb0fbb2";"2";"2";"b934ead8622bc8b868bf5a3b6258f5debc5697b3b2fb2a9441b7546f9e7af5fe"
"issue13-v5-diagnostic-module-bridge/1";"bridge-d3740416e03d4af4431e925e";"_unit_contract.csv";"zerodep_2";"wiodr16";"";"abstract_labour.empe.m.mv";"";"";"";"";"";"";"";"formula";"common/abstract_labour.empe.m.mv-country.R";"aggregation.abstract_labour.empe.m.mv";"";"";"run-20260823T224901679Z-9afe569971bb5b72";"927131d233794591b53aa33435df80acf3850c79ada6d2d27a9d0fb7cfb6e073";"3bf65b1807eeacdf4025f090d29b59527498f57771972395f8652f2481e91951";"db341acaac977b4ed1716b1ff3a8cec068805691b55b5348f584d8d6bb02c26a";"cc2c86189a06676bcb9f0e05e08033d710a92509";"0cb1142cdadd74bf95272010f5393ebe2af79f47";"run-20260824T051429007Z-488d8377d459b34a";"3c8306705b5aa502246526310bcaa9a95031b034ad9e0a46eaa91fe1c9273864";"3bf65b1807eeacdf4025f090d29b59527498f57771972395f8652f2481e91951";"db341acaac977b4ed1716b1ff3a8cec068805691b55b5348f584d8d6bb02c26a";"7d7178150e2b91768f9ba95b86fb0aab84f02bf8";"314e65771523065a36f1e5781cc18977dbb0fbb2";"2";"2";"d3740416e03d4af4431e925e34e468cbddbbfb98c5e372ddf761f0814c66ef54"
"issue13-v5-diagnostic-module-bridge/1";"bridge-9428dd63bbf43f8c5eafca54";"_unit_contract.csv";"zerodep_2";"wiodr16";"";"appropriated_profit.r.pc";"";"";"";"";"";"";"";"formula";"common/appropriated_profit.r.pc-country.R";"aggregation.appropriated_profit.r.pc";"";"";"run-20260823T224901679Z-9afe569971bb5b72";"927131d233794591b53aa33435df80acf3850c79ada6d2d27a9d0fb7cfb6e073";"3bf65b1807eeacdf4025f090d29b59527498f57771972395f8652f2481e91951";"db341acaac977b4ed1716b1ff3a8cec068805691b55b5348f584d8d6bb02c26a";"cc2c86189a06676bcb9f0e05e08033d710a92509";"0cb1142cdadd74bf95272010f5393ebe2af79f47";"run-20260824T051429007Z-488d8377d459b34a";"3c8306705b5aa502246526310bcaa9a95031b034ad9e0a46eaa91fe1c9273864";"3bf65b1807eeacdf4025f090d29b59527498f57771972395f8652f2481e91951";"db341acaac977b4ed1716b1ff3a8cec068805691b55b5348f584d8d6bb02c26a";"7d7178150e2b91768f9ba95b86fb0aab84f02bf8";"314e65771523065a36f1e5781cc18977dbb0fbb2";"2";"2";"9428dd63bbf43f8c5eafca54cb49c710f0340bb20310aa8c1c71eb30487e7f67"
"issue13-v5-diagnostic-module-bridge/1";"bridge-9ea86476f98cb17c367c6228";"_unit_contract.csv";"zerodep_2";"wiodr16";"";"labour_force_value.emp.m.mv";"";"";"";"";"";"";"";"formula";"common/labour_force_value.emp.m.mv-country.R";"aggregation.labour_force_value.emp.m.mv";"";"";"run-20260823T224901679Z-9afe569971bb5b72";"927131d233794591b53aa33435df80acf3850c79ada6d2d27a9d0fb7cfb6e073";"3bf65b1807eeacdf4025f090d29b59527498f57771972395f8652f2481e91951";"db341acaac977b4ed1716b1ff3a8cec068805691b55b5348f584d8d6bb02c26a";"cc2c86189a06676bcb9f0e05e08033d710a92509";"0cb1142cdadd74bf95272010f5393ebe2af79f47";"run-20260824T051429007Z-488d8377d459b34a";"3c8306705b5aa502246526310bcaa9a95031b034ad9e0a46eaa91fe1c9273864";"3bf65b1807eeacdf4025f090d29b59527498f57771972395f8652f2481e91951";"db341acaac977b4ed1716b1ff3a8cec068805691b55b5348f584d8d6bb02c26a";"7d7178150e2b91768f9ba95b86fb0aab84f02bf8";"314e65771523065a36f1e5781cc18977dbb0fbb2";"2";"2";"9ea86476f98cb17c367c62288b8c47f2fb2a15f44da1a7c2016239601a511861"
"issue13-v5-diagnostic-module-bridge/1";"bridge-3073cb60dab82259901d0f66";"_unit_contract.csv";"zerodep_2";"wiodr16";"";"labour_force_value.m.mv";"";"";"";"";"";"";"";"formula";"common/labour_force_value.m.mv-country.R";"aggregation.labour_force_value.m.mv";"";"";"run-20260823T224901679Z-9afe569971bb5b72";"927131d233794591b53aa33435df80acf3850c79ada6d2d27a9d0fb7cfb6e073";"3bf65b1807eeacdf4025f090d29b59527498f57771972395f8652f2481e91951";"db341acaac977b4ed1716b1ff3a8cec068805691b55b5348f584d8d6bb02c26a";"cc2c86189a06676bcb9f0e05e08033d710a92509";"0cb1142cdadd74bf95272010f5393ebe2af79f47";"run-20260824T051429007Z-488d8377d459b34a";"3c8306705b5aa502246526310bcaa9a95031b034ad9e0a46eaa91fe1c9273864";"3bf65b1807eeacdf4025f090d29b59527498f57771972395f8652f2481e91951";"db341acaac977b4ed1716b1ff3a8cec068805691b55b5348f584d8d6bb02c26a";"7d7178150e2b91768f9ba95b86fb0aab84f02bf8";"314e65771523065a36f1e5781cc18977dbb0fbb2";"2";"2";"3073cb60dab82259901d0f666bb7f5ac38265de1e8f110e0defe2346da52aa96"
"issue13-v5-diagnostic-module-bridge/1";"bridge-6395f264f9019e2db7ab6b8e";"_unit_contract.csv";"zerodep_2";"wiodr16";"";"surplus_value.emp.r.pc";"";"";"";"";"";"";"";"formula";"common/surplus_value.emp.r.pc-country.R";"aggregation.surplus_value.emp.r.pc";"";"";"run-20260823T224901679Z-9afe569971bb5b72";"927131d233794591b53aa33435df80acf3850c79ada6d2d27a9d0fb7cfb6e073";"3bf65b1807eeacdf4025f090d29b59527498f57771972395f8652f2481e91951";"db341acaac977b4ed1716b1ff3a8cec068805691b55b5348f584d8d6bb02c26a";"cc2c86189a06676bcb9f0e05e08033d710a92509";"0cb1142cdadd74bf95272010f5393ebe2af79f47";"run-20260824T051429007Z-488d8377d459b34a";"3c8306705b5aa502246526310bcaa9a95031b034ad9e0a46eaa91fe1c9273864";"3bf65b1807eeacdf4025f090d29b59527498f57771972395f8652f2481e91951";"db341acaac977b4ed1716b1ff3a8cec068805691b55b5348f584d8d6bb02c26a";"7d7178150e2b91768f9ba95b86fb0aab84f02bf8";"314e65771523065a36f1e5781cc18977dbb0fbb2";"2";"2";"6395f264f9019e2db7ab6b8e85c9cde08bfa5c3f3275cb54e60584e8b8867e00"
"issue13-v5-diagnostic-module-bridge/1";"bridge-c6980872d9328cf0804d26ed";"_unit_contract.csv";"zerodep_2";"wiodr16";"";"surplus_value.emp_p.r.pc";"";"";"";"";"";"";"";"formula";"common/surplus_value.emp_p.r.pc-country.R";"aggregation.surplus_value.emp_p.r.pc";"";"";"run-20260823T224901679Z-9afe569971bb5b72";"927131d233794591b53aa33435df80acf3850c79ada6d2d27a9d0fb7cfb6e073";"3bf65b1807eeacdf4025f090d29b59527498f57771972395f8652f2481e91951";"db341acaac977b4ed1716b1ff3a8cec068805691b55b5348f584d8d6bb02c26a";"cc2c86189a06676bcb9f0e05e08033d710a92509";"0cb1142cdadd74bf95272010f5393ebe2af79f47";"run-20260824T051429007Z-488d8377d459b34a";"3c8306705b5aa502246526310bcaa9a95031b034ad9e0a46eaa91fe1c9273864";"3bf65b1807eeacdf4025f090d29b59527498f57771972395f8652f2481e91951";"db341acaac977b4ed1716b1ff3a8cec068805691b55b5348f584d8d6bb02c26a";"7d7178150e2b91768f9ba95b86fb0aab84f02bf8";"314e65771523065a36f1e5781cc18977dbb0fbb2";"2";"2";"c6980872d9328cf0804d26ed299630a257cbadb6331ad6945d0e5b8b43d20909"
"issue13-v5-diagnostic-module-bridge/1";"bridge-9121d9714b05b911a6afe43a";"_unit_contract.csv";"zerodep_2";"wiodr16";"";"surplus_value.empe.r.pc";"";"";"";"";"";"";"";"formula";"common/surplus_value.empe.r.pc-country.R";"aggregation.surplus_value.empe.r.pc";"";"";"run-20260823T224901679Z-9afe569971bb5b72";"927131d233794591b53aa33435df80acf3850c79ada6d2d27a9d0fb7cfb6e073";"3bf65b1807eeacdf4025f090d29b59527498f57771972395f8652f2481e91951";"db341acaac977b4ed1716b1ff3a8cec068805691b55b5348f584d8d6bb02c26a";"cc2c86189a06676bcb9f0e05e08033d710a92509";"0cb1142cdadd74bf95272010f5393ebe2af79f47";"run-20260824T051429007Z-488d8377d459b34a";"3c8306705b5aa502246526310bcaa9a95031b034ad9e0a46eaa91fe1c9273864";"3bf65b1807eeacdf4025f090d29b59527498f57771972395f8652f2481e91951";"db341acaac977b4ed1716b1ff3a8cec068805691b55b5348f584d8d6bb02c26a";"7d7178150e2b91768f9ba95b86fb0aab84f02bf8";"314e65771523065a36f1e5781cc18977dbb0fbb2";"2";"2";"9121d9714b05b911a6afe43ae2bbf901a0b6b368e477a95d8ba9f9d13bc0d71c"
"issue13-v5-diagnostic-module-bridge/1";"bridge-0c080d04e93b287a4ef108e8";"_unit_contract.csv";"zerodep_2";"wiodr16";"";"surplus_value.empe_p.r.pc";"";"";"";"";"";"";"";"formula";"common/surplus_value.empe_p.r.pc-country.R";"aggregation.surplus_value.empe_p.r.pc";"";"";"run-20260823T224901679Z-9afe569971bb5b72";"927131d233794591b53aa33435df80acf3850c79ada6d2d27a9d0fb7cfb6e073";"3bf65b1807eeacdf4025f090d29b59527498f57771972395f8652f2481e91951";"db341acaac977b4ed1716b1ff3a8cec068805691b55b5348f584d8d6bb02c26a";"cc2c86189a06676bcb9f0e05e08033d710a92509";"0cb1142cdadd74bf95272010f5393ebe2af79f47";"run-20260824T051429007Z-488d8377d459b34a";"3c8306705b5aa502246526310bcaa9a95031b034ad9e0a46eaa91fe1c9273864";"3bf65b1807eeacdf4025f090d29b59527498f57771972395f8652f2481e91951";"db341acaac977b4ed1716b1ff3a8cec068805691b55b5348f584d8d6bb02c26a";"7d7178150e2b91768f9ba95b86fb0aab84f02bf8";"314e65771523065a36f1e5781cc18977dbb0fbb2";"2";"2";"0c080d04e93b287a4ef108e8cd1891ab82d6662fa44bb35d49cbd6426bff8559"
"issue13-v5-diagnostic-module-bridge/1";"bridge-f66ef077c2914b5257ac7494";"_unit_contract.csv";"zerodep_2";"wiodr16";"";"trade_transfers.p.m.pc";"";"";"";"";"";"";"";"formula";"common/trade_transfers.p.m.pc-country.R";"aggregation.trade_transfers.p.m.pc";"";"";"run-20260823T224901679Z-9afe569971bb5b72";"927131d233794591b53aa33435df80acf3850c79ada6d2d27a9d0fb7cfb6e073";"3bf65b1807eeacdf4025f090d29b59527498f57771972395f8652f2481e91951";"db341acaac977b4ed1716b1ff3a8cec068805691b55b5348f584d8d6bb02c26a";"cc2c86189a06676bcb9f0e05e08033d710a92509";"0cb1142cdadd74bf95272010f5393ebe2af79f47";"run-20260824T051429007Z-488d8377d459b34a";"3c8306705b5aa502246526310bcaa9a95031b034ad9e0a46eaa91fe1c9273864";"3bf65b1807eeacdf4025f090d29b59527498f57771972395f8652f2481e91951";"db341acaac977b4ed1716b1ff3a8cec068805691b55b5348f584d8d6bb02c26a";"7d7178150e2b91768f9ba95b86fb0aab84f02bf8";"314e65771523065a36f1e5781cc18977dbb0fbb2";"2";"2";"f66ef077c2914b5257ac749499581b50547583f0ee252883cd98d37a4e1dc4c1"
