country;description;code;variable;versao;2009
BRA;Agriculture, Hunting, Forestry and Fishing;AtB;producao_bruta_pm;Ochoa 1;138263,0296
BRA;Mining and Quarrying;C;producao_bruta_pm;Ochoa 1;65330,67813
BRA;Food, Beverages and Tobacco;15t16;producao_bruta_pm;Ochoa 1;185216,4536
BRA;Textiles and Textile Products;17t18;producao_bruta_pm;Ochoa 1;40968,21287
BRA;Leather, Leather and Footwear;19;producao_bruta_pm;Ochoa 1;12122,96597
BRA;Wood and Products of Wood and Cork;20;producao_bruta_pm;Ochoa 1;9645,25759
BRA;Pulp, Paper, Paper , Printing and Publishing;21t22;producao_bruta_pm;Ochoa 1;41873,97182
BRA;Coke, Refined Petroleum and Nuclear Fuel;23;producao_bruta_pm;Ochoa 1;86299,17305
BRA;Chemicals and Chemical Products;24;producao_bruta_pm;Ochoa 1;98202,57625
BRA;Rubber and Plastics;25;producao_bruta_pm;Ochoa 1;30106,60752
BRA;Other Non-Metallic Mineral;26;producao_bruta_pm;Ochoa 1;26135,97231
BRA;Basic Metals and Fabricated Metal;27t28;producao_bruta_pm;Ochoa 1;84819,24994
BRA;Machinery, Nec;29;producao_bruta_pm;Ochoa 1;49760,72666
BRA;Electrical and Optical Equipment;30t33;producao_bruta_pm;Ochoa 1;54748,15257
BRA;Transport Equipment;34t35;producao_bruta_pm;Ochoa 1;105034,0294
BRA;"Manufacturing, Nec; Recycling";36t37;producao_bruta_pm;Ochoa 1;22202,84782
BRA;Electricity, Gas and Water Supply;E;producao_bruta_pm;Ochoa 1;85358,90422
BRA;Construction;F;producao_bruta_pm;Ochoa 1;142687,2945
BRA;"Sale, Maintenance and Repair of Motor Vehicles and Motorcycles; Retail Sale of Fuel";50;producao_bruta_pm;Ochoa 1;27065,39624
BRA;Wholesale Trade and Commission Trade, Except of Motor Vehicles and Motorcycles;51;producao_bruta_pm;Ochoa 1;88106,77578
BRA;"Retail Trade, Except of Motor Vehicles and Motorcycles; Repair of Household Goods";52;producao_bruta_pm;Ochoa 1;131506,848
BRA;Hotels and Restaurants;H;producao_bruta_pm;Ochoa 1;60774,37547
BRA;Inland Transport;60;producao_bruta_pm;Ochoa 1;80266,19821
BRA;Water Transport;61;producao_bruta_pm;Ochoa 1;4512,58068
BRA;Air Transport;62;producao_bruta_pm;Ochoa 1;7206,20675
BRA;"Other Supporting and Auxiliary Transport Activities; Activities of Travel Agencies";63;producao_bruta_pm;Ochoa 1;38052,40658
BRA;Post and Telecommunications;64;producao_bruta_pm;Ochoa 1;65022,62521
BRA;Financial Intermediation;J;producao_bruta_pm;Ochoa 1;155511,4609
BRA;Real Estate Activities;70;producao_bruta_pm;Ochoa 1;126895,2795
BRA;Renting of M&Eq and Other Business Activities;71t74;producao_bruta_pm;Ochoa 1;165345,163
BRA;"Public Admin and Defence; Compulsory Social Security";L;producao_bruta_pm;Ochoa 1;220706,6003
BRA;Education;M;producao_bruta_pm;Ochoa 1;98583,18506
BRA;Health and Social Work;N;producao_bruta_pm;Ochoa 1;98360,62143
BRA;Other Community, Social and Personal Services;O;producao_bruta_pm;Ochoa 1;94462,37411
BRA;Private Households with Employed Persons;P;producao_bruta_pm;Ochoa 1;0
JPN;Agriculture, Hunting, Forestry and Fishing;AtB;producao_bruta_pm;Ochoa 1;132435,2125
JPN;Mining and Quarrying;C;producao_bruta_pm;Ochoa 1;32261,77284
JPN;Food, Beverages and Tobacco;15t16;producao_bruta_pm;Ochoa 1;385169,5435
JPN;Textiles and Textile Products;17t18;producao_bruta_pm;Ochoa 1;38151,37465
JPN;Leather, Leather and Footwear;19;producao_bruta_pm;Ochoa 1;3937,24461
JPN;Wood and Products of Wood and Cork;20;producao_bruta_pm;Ochoa 1;39749,91275
JPN;Pulp, Paper, Paper , Printing and Publishing;21t22;producao_bruta_pm;Ochoa 1;122858,6113
JPN;Coke, Refined Petroleum and Nuclear Fuel;23;producao_bruta_pm;Ochoa 1;174930,246
JPN;Chemicals and Chemical Products;24;producao_bruta_pm;Ochoa 1;278737,8438
JPN;Rubber and Plastics;25;producao_bruta_pm;Ochoa 1;138804,7005
JPN;Other Non-Metallic Mineral;26;producao_bruta_pm;Ochoa 1;63667,98985
JPN;Basic Metals and Fabricated Metal;27t28;producao_bruta_pm;Ochoa 1;511541,7381
JPN;Machinery, Nec;29;producao_bruta_pm;Ochoa 1;209125,7497
JPN;Electrical and Optical Equipment;30t33;producao_bruta_pm;Ochoa 1;361112,305
JPN;Transport Equipment;34t35;producao_bruta_pm;Ochoa 1;424883,1364
JPN;"Manufacturing, Nec; Recycling";36t37;producao_bruta_pm;Ochoa 1;34443,21256
JPN;Electricity, Gas and Water Supply;E;producao_bruta_pm;Ochoa 1;263040,0574
JPN;Construction;F;producao_bruta_pm;Ochoa 1;652374,4106
JPN;"Sale, Maintenance and Repair of Motor Vehicles and Motorcycles; Retail Sale of Fuel";50;producao_bruta_pm;Ochoa 1;115261,0384
JPN;Wholesale Trade and Commission Trade, Except of Motor Vehicles and Motorcycles;51;producao_bruta_pm;Ochoa 1;554744,2179
JPN;"Retail Trade, Except of Motor Vehicles and Motorcycles; Repair of Household Goods";52;producao_bruta_pm;Ochoa 1;302103,922
JPN;Hotels and Restaurants;H;producao_bruta_pm;Ochoa 1;301093,4191
JPN;Inland Transport;60;producao_bruta_pm;Ochoa 1;218249,3173
JPN;Water Transport;61;producao_bruta_pm;Ochoa 1;74966,8097
JPN;Air Transport;62;producao_bruta_pm;Ochoa 1;35307,24043
JPN;"Other Supporting and Auxiliary Transport Activities; Activities of Travel Agencies";63;producao_bruta_pm;Ochoa 1;65435,48192
JPN;Post and Telecommunications;64;producao_bruta_pm;Ochoa 1;169981,4073
JPN;Financial Intermediation;J;producao_bruta_pm;Ochoa 1;423789,3415
JPN;Real Estate Activities;70;producao_bruta_pm;Ochoa 1;738948,4791
JPN;Renting of M&Eq and Other Business Activities;71t74;producao_bruta_pm;Ochoa 1;782674,1656
JPN;"Public Admin and Defence; Compulsory Social Security";L;producao_bruta_pm;Ochoa 1;633847,5668
JPN;Education;M;producao_bruta_pm;Ochoa 1;228880,6355
JPN;Health and Social Work;N;producao_bruta_pm;Ochoa 1;453977,952
JPN;Other Community, Social and Personal Services;O;producao_bruta_pm;Ochoa 1;421757,2071
JPN;Private Households with Employed Persons;P;producao_bruta_pm;Ochoa 1;0
MEX;Agriculture, Hunting, Forestry and Fishing;AtB;producao_bruta_pm;Ochoa 1;52523,02392
MEX;Mining and Quarrying;C;producao_bruta_pm;Ochoa 1;80249,24839
MEX;Food, Beverages and Tobacco;15t16;producao_bruta_pm;Ochoa 1;115635,5472
MEX;Textiles and Textile Products;17t18;producao_bruta_pm;Ochoa 1;14379,71242
MEX;Leather, Leather and Footwear;19;producao_bruta_pm;Ochoa 1;4510,47216
MEX;Wood and Products of Wood and Cork;20;producao_bruta_pm;Ochoa 1;3588,19973
MEX;Pulp, Paper, Paper , Printing and Publishing;21t22;producao_bruta_pm;Ochoa 1;17293,50055
MEX;Coke, Refined Petroleum and Nuclear Fuel;23;producao_bruta_pm;Ochoa 1;39495,1875
MEX;Chemicals and Chemical Products;24;producao_bruta_pm;Ochoa 1;45286,93625
MEX;Rubber and Plastics;25;producao_bruta_pm;Ochoa 1;12030,04202
MEX;Other Non-Metallic Mineral;26;producao_bruta_pm;Ochoa 1;16155,73147
MEX;Basic Metals and Fabricated Metal;27t28;producao_bruta_pm;Ochoa 1;46327,03667
MEX;Machinery, Nec;29;producao_bruta_pm;Ochoa 1;9671,96947
MEX;Electrical and Optical Equipment;30t33;producao_bruta_pm;Ochoa 1;70420,3355
MEX;Transport Equipment;34t35;producao_bruta_pm;Ochoa 1;61749,77144
MEX;"Manufacturing, Nec; Recycling";36t37;producao_bruta_pm;Ochoa 1;14305,49795
MEX;Electricity, Gas and Water Supply;E;producao_bruta_pm;Ochoa 1;29263,70612
MEX;Construction;F;producao_bruta_pm;Ochoa 1;122690,4452
MEX;"Sale, Maintenance and Repair of Motor Vehicles and Motorcycles; Retail Sale of Fuel";50;producao_bruta_pm;Ochoa 1;12669,55549
MEX;Wholesale Trade and Commission Trade, Except of Motor Vehicles and Motorcycles;51;producao_bruta_pm;Ochoa 1;89085,9791
MEX;"Retail Trade, Except of Motor Vehicles and Motorcycles; Repair of Household Goods";52;producao_bruta_pm;Ochoa 1;78373,40427
MEX;Hotels and Restaurants;H;producao_bruta_pm;Ochoa 1;26593,5789
MEX;Inland Transport;60;producao_bruta_pm;Ochoa 1;71912,324
MEX;Water Transport;61;producao_bruta_pm;Ochoa 1;998,4043
MEX;Air Transport;62;producao_bruta_pm;Ochoa 1;6756,0782
MEX;"Other Supporting and Auxiliary Transport Activities; Activities of Travel Agencies";63;producao_bruta_pm;Ochoa 1;9186,12599
MEX;Post and Telecommunications;64;producao_bruta_pm;Ochoa 1;39017,83938
MEX;Financial Intermediation;J;producao_bruta_pm;Ochoa 1;58952,88135
MEX;Real Estate Activities;70;producao_bruta_pm;Ochoa 1;87577,46196
MEX;Renting of M&Eq and Other Business Activities;71t74;producao_bruta_pm;Ochoa 1;74352,12024
MEX;"Public Admin and Defence; Compulsory Social Security";L;producao_bruta_pm;Ochoa 1;52647,25283
MEX;Education;M;producao_bruta_pm;Ochoa 1;49265,10589
MEX;Health and Social Work;N;producao_bruta_pm;Ochoa 1;35257,22437
MEX;Other Community, Social and Personal Services;O;producao_bruta_pm;Ochoa 1;19412,93841
MEX;Private Households with Employed Persons;P;producao_bruta_pm;Ochoa 1;4127,26536
USA;Agriculture, Hunting, Forestry and Fishing;AtB;producao_bruta_pm;Ochoa 1;342488
USA;Mining and Quarrying;C;producao_bruta_pm;Ochoa 1;349301
USA;Food, Beverages and Tobacco;15t16;producao_bruta_pm;Ochoa 1;776070
USA;Textiles and Textile Products;17t18;producao_bruta_pm;Ochoa 1;59335,94141
USA;Leather, Leather and Footwear;19;producao_bruta_pm;Ochoa 1;2735,05664
USA;Wood and Products of Wood and Cork;20;producao_bruta_pm;Ochoa 1;78755
USA;Pulp, Paper, Paper , Printing and Publishing;21t22;producao_bruta_pm;Ochoa 1;425812,25
USA;Coke, Refined Petroleum and Nuclear Fuel;23;producao_bruta_pm;Ochoa 1;473610
USA;Chemicals and Chemical Products;24;producao_bruta_pm;Ochoa 1;600707
USA;Rubber and Plastics;25;producao_bruta_pm;Ochoa 1;167664
USA;Other Non-Metallic Mineral;26;producao_bruta_pm;Ochoa 1;91550
USA;Basic Metals and Fabricated Metal;27t28;producao_bruta_pm;Ochoa 1;479242
USA;Machinery, Nec;29;producao_bruta_pm;Ochoa 1;277200,7188
USA;Electrical and Optical Equipment;30t33;producao_bruta_pm;Ochoa 1;483731,7813
USA;Transport Equipment;34t35;producao_bruta_pm;Ochoa 1;590906
USA;"Manufacturing, Nec; Recycling";36t37;producao_bruta_pm;Ochoa 1;137914,2031
USA;Electricity, Gas and Water Supply;E;producao_bruta_pm;Ochoa 1;387527
USA;Construction;F;producao_bruta_pm;Ochoa 1;1155286
USA;"Sale, Maintenance and Repair of Motor Vehicles and Motorcycles; Retail Sale of Fuel";50;producao_bruta_pm;Ochoa 1;210375,7031
USA;Wholesale Trade and Commission Trade, Except of Motor Vehicles and Motorcycles;51;producao_bruta_pm;Ochoa 1;1008868
USA;"Retail Trade, Except of Motor Vehicles and Motorcycles; Repair of Household Goods";52;producao_bruta_pm;Ochoa 1;1183829,75
USA;Hotels and Restaurants;H;producao_bruta_pm;Ochoa 1;761985
USA;Inland Transport;60;producao_bruta_pm;Ochoa 1;340795
USA;Water Transport;61;producao_bruta_pm;Ochoa 1;33753
USA;Air Transport;62;producao_bruta_pm;Ochoa 1;133026
USA;"Other Supporting and Auxiliary Transport Activities; Activities of Travel Agencies";63;producao_bruta_pm;Ochoa 1;196145
USA;Post and Telecommunications;64;producao_bruta_pm;Ochoa 1;618645,3125
USA;Financial Intermediation;J;producao_bruta_pm;Ochoa 1;2429350,5
USA;Real Estate Activities;70;producao_bruta_pm;Ochoa 1;2302772
USA;Renting of M&Eq and Other Business Activities;71t74;producao_bruta_pm;Ochoa 1;2868854,75
USA;"Public Admin and Defence; Compulsory Social Security";L;producao_bruta_pm;Ochoa 1;2946823
USA;Education;M;producao_bruta_pm;Ochoa 1;223871
USA;Health and Social Work;N;producao_bruta_pm;Ochoa 1;1687379
USA;Other Community, Social and Personal Services;O;producao_bruta_pm;Ochoa 1;958630,4375
USA;Private Households with Employed Persons;P;producao_bruta_pm;Ochoa 1;17959,80469
BRA;Agriculture, Hunting, Forestry and Fishing;AtB;producao_bruta_pd;Ochoa 1;216306,5865
BRA;Mining and Quarrying;C;producao_bruta_pd;Ochoa 1;85800,33799
BRA;Food, Beverages and Tobacco;15t16;producao_bruta_pd;Ochoa 1;310990,3794
BRA;Textiles and Textile Products;17t18;producao_bruta_pd;Ochoa 1;84055,98618
BRA;Leather, Leather and Footwear;19;producao_bruta_pd;Ochoa 1;25197,16043
BRA;Wood and Products of Wood and Cork;20;producao_bruta_pd;Ochoa 1;29594,82618
BRA;Pulp, Paper, Paper , Printing and Publishing;21t22;producao_bruta_pd;Ochoa 1;105169,6922
BRA;Coke, Refined Petroleum and Nuclear Fuel;23;producao_bruta_pd;Ochoa 1;113833,0902
BRA;Chemicals and Chemical Products;24;producao_bruta_pd;Ochoa 1;135319,242
BRA;Rubber and Plastics;25;producao_bruta_pd;Ochoa 1;55460,68696
BRA;Other Non-Metallic Mineral;26;producao_bruta_pd;Ochoa 1;49555,13364
BRA;Basic Metals and Fabricated Metal;27t28;producao_bruta_pd;Ochoa 1;151126,0325
BRA;Machinery, Nec;29;producao_bruta_pd;Ochoa 1;99848,97918
BRA;Electrical and Optical Equipment;30t33;producao_bruta_pd;Ochoa 1;91144,44782
BRA;Transport Equipment;34t35;producao_bruta_pd;Ochoa 1;186202,7647
BRA;"Manufacturing, Nec; Recycling";36t37;producao_bruta_pd;Ochoa 1;49171,44254
BRA;Electricity, Gas and Water Supply;E;producao_bruta_pd;Ochoa 1;100098,8058
BRA;Construction;F;producao_bruta_pd;Ochoa 1;332175,2753
BRA;"Sale, Maintenance and Repair of Motor Vehicles and Motorcycles; Retail Sale of Fuel";50;producao_bruta_pd;Ochoa 1;0
BRA;Wholesale Trade and Commission Trade, Except of Motor Vehicles and Motorcycles;51;producao_bruta_pd;Ochoa 1;0
BRA;"Retail Trade, Except of Motor Vehicles and Motorcycles; Repair of Household Goods";52;producao_bruta_pd;Ochoa 1;0
BRA;Hotels and Restaurants;H;producao_bruta_pd;Ochoa 1;0
BRA;Inland Transport;60;producao_bruta_pd;Ochoa 1;173409,1219
BRA;Water Transport;61;producao_bruta_pd;Ochoa 1;8507,901533
BRA;Air Transport;62;producao_bruta_pd;Ochoa 1;15845,7072
BRA;"Other Supporting and Auxiliary Transport Activities; Activities of Travel Agencies";63;producao_bruta_pd;Ochoa 1;0
BRA;Post and Telecommunications;64;producao_bruta_pd;Ochoa 1;0
BRA;Financial Intermediation;J;producao_bruta_pd;Ochoa 1;0
BRA;Real Estate Activities;70;producao_bruta_pd;Ochoa 1;0
BRA;Renting of M&Eq and Other Business Activities;71t74;producao_bruta_pd;Ochoa 1;0
BRA;"Public Admin and Defence; Compulsory Social Security";L;producao_bruta_pd;Ochoa 1;0
BRA;Education;M;producao_bruta_pd;Ochoa 1;322528,4252
BRA;Health and Social Work;N;producao_bruta_pd;Ochoa 1;232415,4183
BRA;Other Community, Social and Personal Services;O;producao_bruta_pd;Ochoa 1;0
BRA;Private Households with Employed Persons;P;producao_bruta_pd;Ochoa 1;0
JPN;Agriculture, Hunting, Forestry and Fishing;AtB;producao_bruta_pd;Ochoa 1;338773,6585
JPN;Mining and Quarrying;C;producao_bruta_pd;Ochoa 1;50515,76108
JPN;Food, Beverages and Tobacco;15t16;producao_bruta_pd;Ochoa 1;748123,2888
JPN;Textiles and Textile Products;17t18;producao_bruta_pd;Ochoa 1;132003,6297
JPN;Leather, Leather and Footwear;19;producao_bruta_pd;Ochoa 1;10546,06572
JPN;Wood and Products of Wood and Cork;20;producao_bruta_pd;Ochoa 1;94982,8381
JPN;Pulp, Paper, Paper , Printing and Publishing;21t22;producao_bruta_pd;Ochoa 1;275243,5389
JPN;Coke, Refined Petroleum and Nuclear Fuel;23;producao_bruta_pd;Ochoa 1;188937,4718
JPN;Chemicals and Chemical Products;24;producao_bruta_pd;Ochoa 1;406884,6111
JPN;Rubber and Plastics;25;producao_bruta_pd;Ochoa 1;296151,7522
JPN;Other Non-Metallic Mineral;26;producao_bruta_pd;Ochoa 1;126293,5269
JPN;Basic Metals and Fabricated Metal;27t28;producao_bruta_pd;Ochoa 1;931666,5114
JPN;Machinery, Nec;29;producao_bruta_pd;Ochoa 1;429785,2831
JPN;Electrical and Optical Equipment;30t33;producao_bruta_pd;Ochoa 1;708183,4893
JPN;Transport Equipment;34t35;producao_bruta_pd;Ochoa 1;845022,7597
JPN;"Manufacturing, Nec; Recycling";36t37;producao_bruta_pd;Ochoa 1;73848,20688
JPN;Electricity, Gas and Water Supply;E;producao_bruta_pd;Ochoa 1;330284,8587
JPN;Construction;F;producao_bruta_pd;Ochoa 1;1573417,887
JPN;"Sale, Maintenance and Repair of Motor Vehicles and Motorcycles; Retail Sale of Fuel";50;producao_bruta_pd;Ochoa 1;0
JPN;Wholesale Trade and Commission Trade, Except of Motor Vehicles and Motorcycles;51;producao_bruta_pd;Ochoa 1;0
JPN;"Retail Trade, Except of Motor Vehicles and Motorcycles; Repair of Household Goods";52;producao_bruta_pd;Ochoa 1;0
JPN;Hotels and Restaurants;H;producao_bruta_pd;Ochoa 1;0
JPN;Inland Transport;60;producao_bruta_pd;Ochoa 1;589401,2644
JPN;Water Transport;61;producao_bruta_pd;Ochoa 1;131602,2304
JPN;Air Transport;62;producao_bruta_pd;Ochoa 1;53603,50043
JPN;"Other Supporting and Auxiliary Transport Activities; Activities of Travel Agencies";63;producao_bruta_pd;Ochoa 1;0
JPN;Post and Telecommunications;64;producao_bruta_pd;Ochoa 1;0
JPN;Financial Intermediation;J;producao_bruta_pd;Ochoa 1;0
JPN;Real Estate Activities;70;producao_bruta_pd;Ochoa 1;0
JPN;Renting of M&Eq and Other Business Activities;71t74;producao_bruta_pd;Ochoa 1;0
JPN;"Public Admin and Defence; Compulsory Social Security";L;producao_bruta_pd;Ochoa 1;0
JPN;Education;M;producao_bruta_pd;Ochoa 1;816104,236
JPN;Health and Social Work;N;producao_bruta_pd;Ochoa 1;1073961,968
JPN;Other Community, Social and Personal Services;O;producao_bruta_pd;Ochoa 1;0
JPN;Private Households with Employed Persons;P;producao_bruta_pd;Ochoa 1;0
MEX;Agriculture, Hunting, Forestry and Fishing;AtB;producao_bruta_pd;Ochoa 1;84789,95067
MEX;Mining and Quarrying;C;producao_bruta_pd;Ochoa 1;30193,83624
MEX;Food, Beverages and Tobacco;15t16;producao_bruta_pd;Ochoa 1;121707,0765
MEX;Textiles and Textile Products;17t18;producao_bruta_pd;Ochoa 1;23262,87092
MEX;Leather, Leather and Footwear;19;producao_bruta_pd;Ochoa 1;6325,886735
MEX;Wood and Products of Wood and Cork;20;producao_bruta_pd;Ochoa 1;5194,857869
MEX;Pulp, Paper, Paper , Printing and Publishing;21t22;producao_bruta_pd;Ochoa 1;20977,94486
MEX;Coke, Refined Petroleum and Nuclear Fuel;23;producao_bruta_pd;Ochoa 1;21174,81194
MEX;Chemicals and Chemical Products;24;producao_bruta_pd;Ochoa 1;41883,54772
MEX;Rubber and Plastics;25;producao_bruta_pd;Ochoa 1;15183,19436
MEX;Other Non-Metallic Mineral;26;producao_bruta_pd;Ochoa 1;17688,82767
MEX;Basic Metals and Fabricated Metal;27t28;producao_bruta_pd;Ochoa 1;46057,82223
MEX;Machinery, Nec;29;producao_bruta_pd;Ochoa 1;14303,32547
MEX;Electrical and Optical Equipment;30t33;producao_bruta_pd;Ochoa 1;99955,03771
MEX;Transport Equipment;34t35;producao_bruta_pd;Ochoa 1;76458,02027
MEX;"Manufacturing, Nec; Recycling";36t37;producao_bruta_pd;Ochoa 1;20155,54431
MEX;Electricity, Gas and Water Supply;E;producao_bruta_pd;Ochoa 1;33545,3398
MEX;Construction;F;producao_bruta_pd;Ochoa 1;171254,1181
MEX;"Sale, Maintenance and Repair of Motor Vehicles and Motorcycles; Retail Sale of Fuel";50;producao_bruta_pd;Ochoa 1;0
MEX;Wholesale Trade and Commission Trade, Except of Motor Vehicles and Motorcycles;51;producao_bruta_pd;Ochoa 1;0
MEX;"Retail Trade, Except of Motor Vehicles and Motorcycles; Repair of Household Goods";52;producao_bruta_pd;Ochoa 1;0
MEX;Hotels and Restaurants;H;producao_bruta_pd;Ochoa 1;0
MEX;Inland Transport;60;producao_bruta_pd;Ochoa 1;98992,7997
MEX;Water Transport;61;producao_bruta_pd;Ochoa 1;1776,305689
MEX;Air Transport;62;producao_bruta_pd;Ochoa 1;7982,295384
MEX;"Other Supporting and Auxiliary Transport Activities; Activities of Travel Agencies";63;producao_bruta_pd;Ochoa 1;0
MEX;Post and Telecommunications;64;producao_bruta_pd;Ochoa 1;0
MEX;Financial Intermediation;J;producao_bruta_pd;Ochoa 1;0
MEX;Real Estate Activities;70;producao_bruta_pd;Ochoa 1;0
MEX;Renting of M&Eq and Other Business Activities;71t74;producao_bruta_pd;Ochoa 1;0
MEX;"Public Admin and Defence; Compulsory Social Security";L;producao_bruta_pd;Ochoa 1;0
MEX;Education;M;producao_bruta_pd;Ochoa 1;154424,4817
MEX;Health and Social Work;N;producao_bruta_pd;Ochoa 1;77261,45143
MEX;Other Community, Social and Personal Services;O;producao_bruta_pd;Ochoa 1;0
MEX;Private Households with Employed Persons;P;producao_bruta_pd;Ochoa 1;0
USA;Agriculture, Hunting, Forestry and Fishing;AtB;producao_bruta_pd;Ochoa 1;629832,3802
USA;Mining and Quarrying;C;producao_bruta_pd;Ochoa 1;599786,6896
USA;Food, Beverages and Tobacco;15t16;producao_bruta_pd;Ochoa 1;1191292,744
USA;Textiles and Textile Products;17t18;producao_bruta_pd;Ochoa 1;137085,6878
USA;Leather, Leather and Footwear;19;producao_bruta_pd;Ochoa 1;7039,960956
USA;Wood and Products of Wood and Cork;20;producao_bruta_pd;Ochoa 1;158202,3754
USA;Pulp, Paper, Paper , Printing and Publishing;21t22;producao_bruta_pd;Ochoa 1;646157,1713
USA;Coke, Refined Petroleum and Nuclear Fuel;23;producao_bruta_pd;Ochoa 1;610508,0217
USA;Chemicals and Chemical Products;24;producao_bruta_pd;Ochoa 1;763878,4617
USA;Rubber and Plastics;25;producao_bruta_pd;Ochoa 1;297520,4825
USA;Other Non-Metallic Mineral;26;producao_bruta_pd;Ochoa 1;164058,8333
USA;Basic Metals and Fabricated Metal;27t28;producao_bruta_pd;Ochoa 1;884662,0213
USA;Machinery, Nec;29;producao_bruta_pd;Ochoa 1;438352,7281
USA;Electrical and Optical Equipment;30t33;producao_bruta_pd;Ochoa 1;1089685,827
USA;Transport Equipment;34t35;producao_bruta_pd;Ochoa 1;972532,8217
USA;"Manufacturing, Nec; Recycling";36t37;producao_bruta_pd;Ochoa 1;233608,2978
USA;Electricity, Gas and Water Supply;E;producao_bruta_pd;Ochoa 1;604182,2787
USA;Construction;F;producao_bruta_pd;Ochoa 1;2786844,581
USA;"Sale, Maintenance and Repair of Motor Vehicles and Motorcycles; Retail Sale of Fuel";50;producao_bruta_pd;Ochoa 1;0
USA;Wholesale Trade and Commission Trade, Except of Motor Vehicles and Motorcycles;51;producao_bruta_pd;Ochoa 1;0
USA;"Retail Trade, Except of Motor Vehicles and Motorcycles; Repair of Household Goods";52;producao_bruta_pd;Ochoa 1;0
USA;Hotels and Restaurants;H;producao_bruta_pd;Ochoa 1;0
USA;Inland Transport;60;producao_bruta_pd;Ochoa 1;708031,3131
USA;Water Transport;61;producao_bruta_pd;Ochoa 1;46340,44109
USA;Air Transport;62;producao_bruta_pd;Ochoa 1;248900,6162
USA;"Other Supporting and Auxiliary Transport Activities; Activities of Travel Agencies";63;producao_bruta_pd;Ochoa 1;0
USA;Post and Telecommunications;64;producao_bruta_pd;Ochoa 1;0
USA;Financial Intermediation;J;producao_bruta_pd;Ochoa 1;0
USA;Real Estate Activities;70;producao_bruta_pd;Ochoa 1;0
USA;Renting of M&Eq and Other Business Activities;71t74;producao_bruta_pd;Ochoa 1;0
USA;"Public Admin and Defence; Compulsory Social Security";L;producao_bruta_pd;Ochoa 1;0
USA;Education;M;producao_bruta_pd;Ochoa 1;763630,9329
USA;Health and Social Work;N;producao_bruta_pd;Ochoa 1;3745103,346
USA;Other Community, Social and Personal Services;O;producao_bruta_pd;Ochoa 1;0
USA;Private Households with Employed Persons;P;producao_bruta_pd;Ochoa 1;0
BRA;Agriculture, Hunting, Forestry and Fishing;AtB;PIB_pm;Ochoa 1;78638,48285
BRA;Mining and Quarrying;C;PIB_pm;Ochoa 1;25539,80186
BRA;Food, Beverages and Tobacco;15t16;PIB_pm;Ochoa 1;34598,39173
BRA;Textiles and Textile Products;17t18;PIB_pm;Ochoa 1;16542,72959
BRA;Leather, Leather and Footwear;19;PIB_pm;Ochoa 1;4229,20914
BRA;Wood and Products of Wood and Cork;20;PIB_pm;Ochoa 1;3955,13078
BRA;Pulp, Paper, Paper , Printing and Publishing;21t22;PIB_pm;Ochoa 1;16569,73731
BRA;Coke, Refined Petroleum and Nuclear Fuel;23;PIB_pm;Ochoa 1;19328,52605
BRA;Chemicals and Chemical Products;24;PIB_pm;Ochoa 1;27662,40872
BRA;Rubber and Plastics;25;PIB_pm;Ochoa 1;9668,76431
BRA;Other Non-Metallic Mineral;26;PIB_pm;Ochoa 1;9526,22356
BRA;Basic Metals and Fabricated Metal;27t28;PIB_pm;Ochoa 1;30052,59208
BRA;Machinery, Nec;29;PIB_pm;Ochoa 1;15182,84079
BRA;Electrical and Optical Equipment;30t33;PIB_pm;Ochoa 1;15280,36868
BRA;Transport Equipment;34t35;PIB_pm;Ochoa 1;20542,37309
BRA;"Manufacturing, Nec; Recycling";36t37;PIB_pm;Ochoa 1;9559,233
BRA;Electricity, Gas and Water Supply;E;PIB_pm;Ochoa 1;43305,88121
BRA;Construction;F;PIB_pm;Ochoa 1;73412,48873
BRA;"Sale, Maintenance and Repair of Motor Vehicles and Motorcycles; Retail Sale of Fuel";50;PIB_pm;Ochoa 1;19154,80256
BRA;Wholesale Trade and Commission Trade, Except of Motor Vehicles and Motorcycles;51;PIB_pm;Ochoa 1;62355,19071
BRA;"Retail Trade, Except of Motor Vehicles and Motorcycles; Repair of Household Goods";52;PIB_pm;Ochoa 1;93070,42146
BRA;Hotels and Restaurants;H;PIB_pm;Ochoa 1;27211,27974
BRA;Inland Transport;60;PIB_pm;Ochoa 1;41561,14801
BRA;Water Transport;61;PIB_pm;Ochoa 1;2336,5755
BRA;Air Transport;62;PIB_pm;Ochoa 1;3731,31215
BRA;"Other Supporting and Auxiliary Transport Activities; Activities of Travel Agencies";63;PIB_pm;Ochoa 1;19703,20935
BRA;Post and Telecommunications;64;PIB_pm;Ochoa 1;28566,87434
BRA;Financial Intermediation;J;PIB_pm;Ochoa 1;101136,9152
BRA;Real Estate Activities;70;PIB_pm;Ochoa 1;116911,9253
BRA;Renting of M&Eq and Other Business Activities;71t74;PIB_pm;Ochoa 1;98494,54253
BRA;"Public Admin and Defence; Compulsory Social Security";L;PIB_pm;Ochoa 1;142922,3617
BRA;Education;M;PIB_pm;Ochoa 1;72313,67458
BRA;Health and Social Work;N;PIB_pm;Ochoa 1;56835,24927
BRA;Other Community, Social and Personal Services;O;PIB_pm;Ochoa 1;57688,40725
BRA;Private Households with Employed Persons;P;PIB_pm;Ochoa 1;0
JPN;Agriculture, Hunting, Forestry and Fishing;AtB;PIB_pm;Ochoa 1;66207,37132
JPN;Mining and Quarrying;C;PIB_pm;Ochoa 1;5655,42288
JPN;Food, Beverages and Tobacco;15t16;PIB_pm;Ochoa 1;141247,6125
JPN;Textiles and Textile Products;17t18;PIB_pm;Ochoa 1;14194,98343
JPN;Leather, Leather and Footwear;19;PIB_pm;Ochoa 1;1230,09633
JPN;Wood and Products of Wood and Cork;20;PIB_pm;Ochoa 1;12336,06714
JPN;Pulp, Paper, Paper , Printing and Publishing;21t22;PIB_pm;Ochoa 1;54723,90536
JPN;Coke, Refined Petroleum and Nuclear Fuel;23;PIB_pm;Ochoa 1;61877,74873
JPN;Chemicals and Chemical Products;24;PIB_pm;Ochoa 1;77943,59678
JPN;Rubber and Plastics;25;PIB_pm;Ochoa 1;33605,80728
JPN;Other Non-Metallic Mineral;26;PIB_pm;Ochoa 1;20423,76652
JPN;Basic Metals and Fabricated Metal;27t28;PIB_pm;Ochoa 1;137402,6164
JPN;Machinery, Nec;29;PIB_pm;Ochoa 1;73584,24847
JPN;Electrical and Optical Equipment;30t33;PIB_pm;Ochoa 1;113897,7005
JPN;Transport Equipment;34t35;PIB_pm;Ochoa 1;101144,0328
JPN;"Manufacturing, Nec; Recycling";36t37;PIB_pm;Ochoa 1;7236,5929
JPN;Electricity, Gas and Water Supply;E;PIB_pm;Ochoa 1;112805,8745
JPN;Construction;F;PIB_pm;Ochoa 1;298325,8034
JPN;"Sale, Maintenance and Repair of Motor Vehicles and Motorcycles; Retail Sale of Fuel";50;PIB_pm;Ochoa 1;50140,69399
JPN;Wholesale Trade and Commission Trade, Except of Motor Vehicles and Motorcycles;51;PIB_pm;Ochoa 1;381043,3836
JPN;"Retail Trade, Except of Motor Vehicles and Motorcycles; Repair of Household Goods";52;PIB_pm;Ochoa 1;215027,2985
JPN;Hotels and Restaurants;H;PIB_pm;Ochoa 1;143854,123
JPN;Inland Transport;60;PIB_pm;Ochoa 1;136394,4568
JPN;Water Transport;61;PIB_pm;Ochoa 1;25450,44125
JPN;Air Transport;62;PIB_pm;Ochoa 1;15086,94336
JPN;"Other Supporting and Auxiliary Transport Activities; Activities of Travel Agencies";63;PIB_pm;Ochoa 1;38114,05968
JPN;Post and Telecommunications;64;PIB_pm;Ochoa 1;109692,2079
JPN;Financial Intermediation;J;PIB_pm;Ochoa 1;258315,895
JPN;Real Estate Activities;70;PIB_pm;Ochoa 1;640081,4486
JPN;Renting of M&Eq and Other Business Activities;71t74;PIB_pm;Ochoa 1;399104,0752
JPN;"Public Admin and Defence; Compulsory Social Security";L;PIB_pm;Ochoa 1;437871,3675
JPN;Education;M;PIB_pm;Ochoa 1;199116,6811
JPN;Health and Social Work;N;PIB_pm;Ochoa 1;278648,046
JPN;Other Community, Social and Personal Services;O;PIB_pm;Ochoa 1;253423,6935
JPN;Private Households with Employed Persons;P;PIB_pm;Ochoa 1;0
MEX;Agriculture, Hunting, Forestry and Fishing;AtB;PIB_pm;Ochoa 1;29651,47851
MEX;Mining and Quarrying;C;PIB_pm;Ochoa 1;65745,51204
MEX;Food, Beverages and Tobacco;15t16;PIB_pm;Ochoa 1;43753,13046
MEX;Textiles and Textile Products;17t18;PIB_pm;Ochoa 1;5160,43301
MEX;Leather, Leather and Footwear;19;PIB_pm;Ochoa 1;1625,21641
MEX;Wood and Products of Wood and Cork;20;PIB_pm;Ochoa 1;1554,71733
MEX;Pulp, Paper, Paper , Printing and Publishing;21t22;PIB_pm;Ochoa 1;7628,42014
MEX;Coke, Refined Petroleum and Nuclear Fuel;23;PIB_pm;Ochoa 1;6252,49062
MEX;Chemicals and Chemical Products;24;PIB_pm;Ochoa 1;13447,99671
MEX;Rubber and Plastics;25;PIB_pm;Ochoa 1;3697,47707
MEX;Other Non-Metallic Mineral;26;PIB_pm;Ochoa 1;8483,4627
MEX;Basic Metals and Fabricated Metal;27t28;PIB_pm;Ochoa 1;16295,52085
MEX;Machinery, Nec;29;PIB_pm;Ochoa 1;3456,23344
MEX;Electrical and Optical Equipment;30t33;PIB_pm;Ochoa 1;10251,43457
MEX;Transport Equipment;34t35;PIB_pm;Ochoa 1;18673,28833
MEX;"Manufacturing, Nec; Recycling";36t37;PIB_pm;Ochoa 1;4992,53728
MEX;Electricity, Gas and Water Supply;E;PIB_pm;Ochoa 1;9879,61178
MEX;Construction;F;PIB_pm;Ochoa 1;59098,73926
MEX;"Sale, Maintenance and Repair of Motor Vehicles and Motorcycles; Retail Sale of Fuel";50;PIB_pm;Ochoa 1;8136,94129
MEX;Wholesale Trade and Commission Trade, Except of Motor Vehicles and Motorcycles;51;PIB_pm;Ochoa 1;66549,41215
MEX;"Retail Trade, Except of Motor Vehicles and Motorcycles; Repair of Household Goods";52;PIB_pm;Ochoa 1;59912,53432
MEX;Hotels and Restaurants;H;PIB_pm;Ochoa 1;19240,54688
MEX;Inland Transport;60;PIB_pm;Ochoa 1;45821,41197
MEX;Water Transport;61;PIB_pm;Ochoa 1;487,10858
MEX;Air Transport;62;PIB_pm;Ochoa 1;1895,8202
MEX;"Other Supporting and Auxiliary Transport Activities; Activities of Travel Agencies";63;PIB_pm;Ochoa 1;6621,88542
MEX;Post and Telecommunications;64;PIB_pm;Ochoa 1;24235,21451
MEX;Financial Intermediation;J;PIB_pm;Ochoa 1;40262,37529
MEX;Real Estate Activities;70;PIB_pm;Ochoa 1;79779,59944
MEX;Renting of M&Eq and Other Business Activities;71t74;PIB_pm;Ochoa 1;53926,49983
MEX;"Public Admin and Defence; Compulsory Social Security";L;PIB_pm;Ochoa 1;36870,94951
MEX;Education;M;PIB_pm;Ochoa 1;43403,81915
MEX;Health and Social Work;N;PIB_pm;Ochoa 1;25906,13211
MEX;Other Community, Social and Personal Services;O;PIB_pm;Ochoa 1;13676,18054
MEX;Private Households with Employed Persons;P;PIB_pm;Ochoa 1;4082,55827
USA;Agriculture, Hunting, Forestry and Fishing;AtB;PIB_pm;Ochoa 1;134069
USA;Mining and Quarrying;C;PIB_pm;Ochoa 1;240596
USA;Food, Beverages and Tobacco;15t16;PIB_pm;Ochoa 1;207022
USA;Textiles and Textile Products;17t18;PIB_pm;Ochoa 1;25951,11133
USA;Leather, Leather and Footwear;19;PIB_pm;Ochoa 1;1321,88782
USA;Wood and Products of Wood and Cork;20;PIB_pm;Ochoa 1;20415
USA;Pulp, Paper, Paper , Printing and Publishing;21t22;PIB_pm;Ochoa 1;164834,9844
USA;Coke, Refined Petroleum and Nuclear Fuel;23;PIB_pm;Ochoa 1;117262
USA;Chemicals and Chemical Products;24;PIB_pm;Ochoa 1;201351
USA;Rubber and Plastics;25;PIB_pm;Ochoa 1;54481
USA;Other Non-Metallic Mineral;26;PIB_pm;Ochoa 1;37252
USA;Basic Metals and Fabricated Metal;27t28;PIB_pm;Ochoa 1;160889
USA;Machinery, Nec;29;PIB_pm;Ochoa 1;116524,0703
USA;Electrical and Optical Equipment;30t33;PIB_pm;Ochoa 1;273393,6563
USA;Transport Equipment;34t35;PIB_pm;Ochoa 1;162487
USA;"Manufacturing, Nec; Recycling";36t37;PIB_pm;Ochoa 1;59248,28516
USA;Electricity, Gas and Water Supply;E;PIB_pm;Ochoa 1;263537
USA;Construction;F;PIB_pm;Ochoa 1;571614
USA;"Sale, Maintenance and Repair of Motor Vehicles and Motorcycles; Retail Sale of Fuel";50;PIB_pm;Ochoa 1;130391,2266
USA;Wholesale Trade and Commission Trade, Except of Motor Vehicles and Motorcycles;51;PIB_pm;Ochoa 1;793022
USA;"Retail Trade, Except of Motor Vehicles and Motorcycles; Repair of Household Goods";52;PIB_pm;Ochoa 1;844077,5625
USA;Hotels and Restaurants;H;PIB_pm;Ochoa 1;415095
USA;Inland Transport;60;PIB_pm;Ochoa 1;173895
USA;Water Transport;61;PIB_pm;Ochoa 1;13891
USA;Air Transport;62;PIB_pm;Ochoa 1;61361
USA;"Other Supporting and Auxiliary Transport Activities; Activities of Travel Agencies";63;PIB_pm;Ochoa 1;134967
USA;Post and Telecommunications;64;PIB_pm;Ochoa 1;368709,7813
USA;Financial Intermediation;J;PIB_pm;Ochoa 1;1287636,875
USA;Real Estate Activities;70;PIB_pm;Ochoa 1;1687387
USA;Renting of M&Eq and Other Business Activities;71t74;PIB_pm;Ochoa 1;1900373,125
USA;"Public Admin and Defence; Compulsory Social Security";L;PIB_pm;Ochoa 1;1777079
USA;Education;M;PIB_pm;Ochoa 1;145190
USA;Health and Social Work;N;PIB_pm;Ochoa 1;1040797
USA;Other Community, Social and Personal Services;O;PIB_pm;Ochoa 1;512898,625
USA;Private Households with Employed Persons;P;PIB_pm;Ochoa 1;17959,80469
BRA;Agriculture, Hunting, Forestry and Fishing;AtB;PIB_pd;Ochoa 1;114082,2695
BRA;Mining and Quarrying;C;PIB_pd;Ochoa 1;43423,23752
BRA;Food, Beverages and Tobacco;15t16;PIB_pd;Ochoa 1;125103,9733
BRA;Textiles and Textile Products;17t18;PIB_pd;Ochoa 1;48988,76728
BRA;Leather, Leather and Footwear;19;PIB_pd;Ochoa 1;14512,02513
BRA;Wood and Products of Wood and Cork;20;PIB_pd;Ochoa 1;15464,10405
BRA;Pulp, Paper, Paper , Printing and Publishing;21t22;PIB_pd;Ochoa 1;42310,36711
BRA;Coke, Refined Petroleum and Nuclear Fuel;23;PIB_pd;Ochoa 1;17069,20967
BRA;Chemicals and Chemical Products;24;PIB_pd;Ochoa 1;61379,24873
BRA;Rubber and Plastics;25;PIB_pd;Ochoa 1;30843,92683
BRA;Other Non-Metallic Mineral;26;PIB_pd;Ochoa 1;30013,11673
BRA;Basic Metals and Fabricated Metal;27t28;PIB_pd;Ochoa 1;72454,91206
BRA;Machinery, Nec;29;PIB_pd;Ochoa 1;55552,54574
BRA;Electrical and Optical Equipment;30t33;PIB_pd;Ochoa 1;46551,64482
BRA;Transport Equipment;34t35;PIB_pd;Ochoa 1;75882,81598
BRA;"Manufacturing, Nec; Recycling";36t37;PIB_pd;Ochoa 1;29536,87807
BRA;Electricity, Gas and Water Supply;E;PIB_pd;Ochoa 1;52135,78885
BRA;Construction;F;PIB_pd;Ochoa 1;228902,5355
BRA;"Sale, Maintenance and Repair of Motor Vehicles and Motorcycles; Retail Sale of Fuel";50;PIB_pd;Ochoa 1;0
BRA;Wholesale Trade and Commission Trade, Except of Motor Vehicles and Motorcycles;51;PIB_pd;Ochoa 1;0
BRA;"Retail Trade, Except of Motor Vehicles and Motorcycles; Repair of Household Goods";52;PIB_pd;Ochoa 1;0
BRA;Hotels and Restaurants;H;PIB_pd;Ochoa 1;0
BRA;Inland Transport;60;PIB_pd;Ochoa 1;136504,9578
BRA;Water Transport;61;PIB_pd;Ochoa 1;6206,509104
BRA;Air Transport;62;PIB_pd;Ochoa 1;12244,88655
BRA;"Other Supporting and Auxiliary Transport Activities; Activities of Travel Agencies";63;PIB_pd;Ochoa 1;0
BRA;Post and Telecommunications;64;PIB_pd;Ochoa 1;0
BRA;Financial Intermediation;J;PIB_pd;Ochoa 1;0
BRA;Real Estate Activities;70;PIB_pd;Ochoa 1;0
BRA;Renting of M&Eq and Other Business Activities;71t74;PIB_pd;Ochoa 1;0
BRA;"Public Admin and Defence; Compulsory Social Security";L;PIB_pd;Ochoa 1;0
BRA;Education;M;PIB_pd;Ochoa 1;294791,3797
BRA;Health and Social Work;N;PIB_pd;Ochoa 1;192004,9215
BRA;Other Community, Social and Personal Services;O;PIB_pd;Ochoa 1;0
BRA;Private Households with Employed Persons;P;PIB_pd;Ochoa 1;0
JPN;Agriculture, Hunting, Forestry and Fishing;AtB;PIB_pd;Ochoa 1;140930,6577
JPN;Mining and Quarrying;C;PIB_pd;Ochoa 1;14212,41812
JPN;Food, Beverages and Tobacco;15t16;PIB_pd;Ochoa 1;296898,7672
JPN;Textiles and Textile Products;17t18;PIB_pd;Ochoa 1;78418,52076
JPN;Leather, Leather and Footwear;19;PIB_pd;Ochoa 1;5273,701697
JPN;Wood and Products of Wood and Cork;20;PIB_pd;Ochoa 1;46136,34606
JPN;Pulp, Paper, Paper , Printing and Publishing;21t22;PIB_pd;Ochoa 1;141969,616
JPN;Coke, Refined Petroleum and Nuclear Fuel;23;PIB_pd;Ochoa 1;11406,35307
JPN;Chemicals and Chemical Products;24;PIB_pd;Ochoa 1;142065,064
JPN;Rubber and Plastics;25;PIB_pd;Ochoa 1;121248,9285
JPN;Other Non-Metallic Mineral;26;PIB_pd;Ochoa 1;53279,46806
JPN;Basic Metals and Fabricated Metal;27t28;PIB_pd;Ochoa 1;315977,4453
JPN;Machinery, Nec;29;PIB_pd;Ochoa 1;186310,2782
JPN;Electrical and Optical Equipment;30t33;PIB_pd;Ochoa 1;296862,0033
JPN;Transport Equipment;34t35;PIB_pd;Ochoa 1;243710,9169
JPN;"Manufacturing, Nec; Recycling";36t37;PIB_pd;Ochoa 1;29208,15389
JPN;Electricity, Gas and Water Supply;E;PIB_pd;Ochoa 1;108761,0272
JPN;Construction;F;PIB_pd;Ochoa 1;1090334,118
JPN;"Sale, Maintenance and Repair of Motor Vehicles and Motorcycles; Retail Sale of Fuel";50;PIB_pd;Ochoa 1;0
JPN;Wholesale Trade and Commission Trade, Except of Motor Vehicles and Motorcycles;51;PIB_pd;Ochoa 1;0
JPN;"Retail Trade, Except of Motor Vehicles and Motorcycles; Repair of Household Goods";52;PIB_pd;Ochoa 1;0
JPN;Hotels and Restaurants;H;PIB_pd;Ochoa 1;0
JPN;Inland Transport;60;PIB_pd;Ochoa 1;433517,8313
JPN;Water Transport;61;PIB_pd;Ochoa 1;57057,065
JPN;Air Transport;62;PIB_pd;Ochoa 1;28339,56227
JPN;"Other Supporting and Auxiliary Transport Activities; Activities of Travel Agencies";63;PIB_pd;Ochoa 1;0
JPN;Post and Telecommunications;64;PIB_pd;Ochoa 1;0
JPN;Financial Intermediation;J;PIB_pd;Ochoa 1;0
JPN;Real Estate Activities;70;PIB_pd;Ochoa 1;0
JPN;Renting of M&Eq and Other Business Activities;71t74;PIB_pd;Ochoa 1;0
JPN;"Public Admin and Defence; Compulsory Social Security";L;PIB_pd;Ochoa 1;0
JPN;Education;M;PIB_pd;Ochoa 1;768160,1672
JPN;Health and Social Work;N;PIB_pd;Ochoa 1;728318,8922
JPN;Other Community, Social and Personal Services;O;PIB_pd;Ochoa 1;0
JPN;Private Households with Employed Persons;P;PIB_pd;Ochoa 1;0
MEX;Agriculture, Hunting, Forestry and Fishing;AtB;PIB_pd;Ochoa 1;47900,10325
MEX;Mining and Quarrying;C;PIB_pd;Ochoa 1;13482,83083
MEX;Food, Beverages and Tobacco;15t16;PIB_pd;Ochoa 1;40671,87304
MEX;Textiles and Textile Products;17t18;PIB_pd;Ochoa 1;10541,79683
MEX;Leather, Leather and Footwear;19;PIB_pd;Ochoa 1;3071,808468
MEX;Wood and Products of Wood and Cork;20;PIB_pd;Ochoa 1;2364,851697
MEX;Pulp, Paper, Paper , Printing and Publishing;21t22;PIB_pd;Ochoa 1;9501,210283
MEX;Coke, Refined Petroleum and Nuclear Fuel;23;PIB_pd;Ochoa 1;5567,534584
MEX;Chemicals and Chemical Products;24;PIB_pd;Ochoa 1;17489,3966
MEX;Rubber and Plastics;25;PIB_pd;Ochoa 1;6419,245238
MEX;Other Non-Metallic Mineral;26;PIB_pd;Ochoa 1;9422,686117
MEX;Basic Metals and Fabricated Metal;27t28;PIB_pd;Ochoa 1;13318,28739
MEX;Machinery, Nec;29;PIB_pd;Ochoa 1;7076,636915
MEX;Electrical and Optical Equipment;30t33;PIB_pd;Ochoa 1;20392,9111
MEX;Transport Equipment;34t35;PIB_pd;Ochoa 1;26426,30818
MEX;"Manufacturing, Nec; Recycling";36t37;PIB_pd;Ochoa 1;9734,710389
MEX;Electricity, Gas and Water Supply;E;PIB_pd;Ochoa 1;12766,33075
MEX;Construction;F;PIB_pd;Ochoa 1;106006,781
MEX;"Sale, Maintenance and Repair of Motor Vehicles and Motorcycles; Retail Sale of Fuel";50;PIB_pd;Ochoa 1;0
MEX;Wholesale Trade and Commission Trade, Except of Motor Vehicles and Motorcycles;51;PIB_pd;Ochoa 1;0
MEX;"Retail Trade, Except of Motor Vehicles and Motorcycles; Repair of Household Goods";52;PIB_pd;Ochoa 1;0
MEX;Hotels and Restaurants;H;PIB_pd;Ochoa 1;0
MEX;Inland Transport;60;PIB_pd;Ochoa 1;69895,30059
MEX;Water Transport;61;PIB_pd;Ochoa 1;1206,827736
MEX;Air Transport;62;PIB_pd;Ochoa 1;4955,900206
MEX;"Other Supporting and Auxiliary Transport Activities; Activities of Travel Agencies";63;PIB_pd;Ochoa 1;0
MEX;Post and Telecommunications;64;PIB_pd;Ochoa 1;0
MEX;Financial Intermediation;J;PIB_pd;Ochoa 1;0
MEX;Real Estate Activities;70;PIB_pd;Ochoa 1;0
MEX;Renting of M&Eq and Other Business Activities;71t74;PIB_pd;Ochoa 1;0
MEX;"Public Admin and Defence; Compulsory Social Security";L;PIB_pd;Ochoa 1;0
MEX;Education;M;PIB_pd;Ochoa 1;148801,1237
MEX;Health and Social Work;N;PIB_pd;Ochoa 1;65921,52901
MEX;Other Community, Social and Personal Services;O;PIB_pd;Ochoa 1;0
MEX;Private Households with Employed Persons;P;PIB_pd;Ochoa 1;0
USA;Agriculture, Hunting, Forestry and Fishing;AtB;PIB_pd;Ochoa 1;299668,3758
USA;Mining and Quarrying;C;PIB_pd;Ochoa 1;295916,9957
USA;Food, Beverages and Tobacco;15t16;PIB_pd;Ochoa 1;435371,8636
USA;Textiles and Textile Products;17t18;PIB_pd;Ochoa 1;86028,66578
USA;Leather, Leather and Footwear;19;PIB_pd;Ochoa 1;4948,549057
USA;Wood and Products of Wood and Cork;20;PIB_pd;Ochoa 1;79827,31622
USA;Pulp, Paper, Paper , Printing and Publishing;21t22;PIB_pd;Ochoa 1;403385,0152
USA;Coke, Refined Petroleum and Nuclear Fuel;23;PIB_pd;Ochoa 1;75976,13613
USA;Chemicals and Chemical Products;24;PIB_pd;Ochoa 1;350619,3109
USA;Rubber and Plastics;25;PIB_pd;Ochoa 1;155589,6018
USA;Other Non-Metallic Mineral;26;PIB_pd;Ochoa 1;93975,16767
USA;Basic Metals and Fabricated Metal;27t28;PIB_pd;Ochoa 1;459827,7461
USA;Machinery, Nec;29;PIB_pd;Ochoa 1;226028,0358
USA;Electrical and Optical Equipment;30t33;PIB_pd;Ochoa 1;857794,8757
USA;Transport Equipment;34t35;PIB_pd;Ochoa 1;396165,4821
USA;"Manufacturing, Nec; Recycling";36t37;PIB_pd;Ochoa 1;136292,9041
USA;Electricity, Gas and Water Supply;E;PIB_pd;Ochoa 1;303750,28
USA;Construction;F;PIB_pd;Ochoa 1;2185756,393
USA;"Sale, Maintenance and Repair of Motor Vehicles and Motorcycles; Retail Sale of Fuel";50;PIB_pd;Ochoa 1;0
USA;Wholesale Trade and Commission Trade, Except of Motor Vehicles and Motorcycles;51;PIB_pd;Ochoa 1;0
USA;"Retail Trade, Except of Motor Vehicles and Motorcycles; Repair of Household Goods";52;PIB_pd;Ochoa 1;0
USA;Hotels and Restaurants;H;PIB_pd;Ochoa 1;0
USA;Inland Transport;60;PIB_pd;Ochoa 1;531343,466
USA;Water Transport;61;PIB_pd;Ochoa 1;26440,92978
USA;Air Transport;62;PIB_pd;Ochoa 1;190433,4391
USA;"Other Supporting and Auxiliary Transport Activities; Activities of Travel Agencies";63;PIB_pd;Ochoa 1;0
USA;Post and Telecommunications;64;PIB_pd;Ochoa 1;0
USA;Financial Intermediation;J;PIB_pd;Ochoa 1;0
USA;Real Estate Activities;70;PIB_pd;Ochoa 1;0
USA;Renting of M&Eq and Other Business Activities;71t74;PIB_pd;Ochoa 1;0
USA;"Public Admin and Defence; Compulsory Social Security";L;PIB_pd;Ochoa 1;0
USA;Education;M;PIB_pd;Ochoa 1;627690,908
USA;Health and Social Work;N;PIB_pd;Ochoa 1;3246383,949
USA;Other Community, Social and Personal Services;O;PIB_pd;Ochoa 1;0
USA;Private Households with Employed Persons;P;PIB_pd;Ochoa 1;0
BRA;Agriculture, Hunting, Forestry and Fishing;AtB;producao_bruta_pm;Ochoa 2;138263,0296
BRA;Mining and Quarrying;C;producao_bruta_pm;Ochoa 2;65330,67813
BRA;Food, Beverages and Tobacco;15t16;producao_bruta_pm;Ochoa 2;185216,4536
BRA;Textiles and Textile Products;17t18;producao_bruta_pm;Ochoa 2;40968,21287
BRA;Leather, Leather and Footwear;19;producao_bruta_pm;Ochoa 2;12122,96597
BRA;Wood and Products of Wood and Cork;20;producao_bruta_pm;Ochoa 2;9645,25759
BRA;Pulp, Paper, Paper , Printing and Publishing;21t22;producao_bruta_pm;Ochoa 2;41873,97182
BRA;Coke, Refined Petroleum and Nuclear Fuel;23;producao_bruta_pm;Ochoa 2;86299,17305
BRA;Chemicals and Chemical Products;24;producao_bruta_pm;Ochoa 2;98202,57625
BRA;Rubber and Plastics;25;producao_bruta_pm;Ochoa 2;30106,60752
BRA;Other Non-Metallic Mineral;26;producao_bruta_pm;Ochoa 2;26135,97231
BRA;Basic Metals and Fabricated Metal;27t28;producao_bruta_pm;Ochoa 2;84819,24994
BRA;Machinery, Nec;29;producao_bruta_pm;Ochoa 2;49760,72666
BRA;Electrical and Optical Equipment;30t33;producao_bruta_pm;Ochoa 2;54748,15257
BRA;Transport Equipment;34t35;producao_bruta_pm;Ochoa 2;105034,0294
BRA;"Manufacturing, Nec; Recycling";36t37;producao_bruta_pm;Ochoa 2;22202,84782
BRA;Electricity, Gas and Water Supply;E;producao_bruta_pm;Ochoa 2;85358,90422
BRA;Construction;F;producao_bruta_pm;Ochoa 2;142687,2945
BRA;"Sale, Maintenance and Repair of Motor Vehicles and Motorcycles; Retail Sale of Fuel";50;producao_bruta_pm;Ochoa 2;27065,39624
BRA;Wholesale Trade and Commission Trade, Except of Motor Vehicles and Motorcycles;51;producao_bruta_pm;Ochoa 2;88106,77578
BRA;"Retail Trade, Except of Motor Vehicles and Motorcycles; Repair of Household Goods";52;producao_bruta_pm;Ochoa 2;131506,848
BRA;Hotels and Restaurants;H;producao_bruta_pm;Ochoa 2;60774,37547
BRA;Inland Transport;60;producao_bruta_pm;Ochoa 2;80266,19821
BRA;Water Transport;61;producao_bruta_pm;Ochoa 2;4512,58068
BRA;Air Transport;62;producao_bruta_pm;Ochoa 2;7206,20675
BRA;"Other Supporting and Auxiliary Transport Activities; Activities of Travel Agencies";63;producao_bruta_pm;Ochoa 2;38052,40658
BRA;Post and Telecommunications;64;producao_bruta_pm;Ochoa 2;65022,62521
BRA;Financial Intermediation;J;producao_bruta_pm;Ochoa 2;155511,4609
BRA;Real Estate Activities;70;producao_bruta_pm;Ochoa 2;126895,2795
BRA;Renting of M&Eq and Other Business Activities;71t74;producao_bruta_pm;Ochoa 2;165345,163
BRA;"Public Admin and Defence; Compulsory Social Security";L;producao_bruta_pm;Ochoa 2;220706,6003
BRA;Education;M;producao_bruta_pm;Ochoa 2;98583,18506
BRA;Health and Social Work;N;producao_bruta_pm;Ochoa 2;98360,62143
BRA;Other Community, Social and Personal Services;O;producao_bruta_pm;Ochoa 2;94462,37411
BRA;Private Households with Employed Persons;P;producao_bruta_pm;Ochoa 2;0
JPN;Agriculture, Hunting, Forestry and Fishing;AtB;producao_bruta_pm;Ochoa 2;132435,2125
JPN;Mining and Quarrying;C;producao_bruta_pm;Ochoa 2;32261,77284
JPN;Food, Beverages and Tobacco;15t16;producao_bruta_pm;Ochoa 2;385169,5435
JPN;Textiles and Textile Products;17t18;producao_bruta_pm;Ochoa 2;38151,37465
JPN;Leather, Leather and Footwear;19;producao_bruta_pm;Ochoa 2;3937,24461
JPN;Wood and Products of Wood and Cork;20;producao_bruta_pm;Ochoa 2;39749,91275
JPN;Pulp, Paper, Paper , Printing and Publishing;21t22;producao_bruta_pm;Ochoa 2;122858,6113
JPN;Coke, Refined Petroleum and Nuclear Fuel;23;producao_bruta_pm;Ochoa 2;174930,246
JPN;Chemicals and Chemical Products;24;producao_bruta_pm;Ochoa 2;278737,8438
JPN;Rubber and Plastics;25;producao_bruta_pm;Ochoa 2;138804,7005
JPN;Other Non-Metallic Mineral;26;producao_bruta_pm;Ochoa 2;63667,98985
JPN;Basic Metals and Fabricated Metal;27t28;producao_bruta_pm;Ochoa 2;511541,7381
JPN;Machinery, Nec;29;producao_bruta_pm;Ochoa 2;209125,7497
JPN;Electrical and Optical Equipment;30t33;producao_bruta_pm;Ochoa 2;361112,305
JPN;Transport Equipment;34t35;producao_bruta_pm;Ochoa 2;424883,1364
JPN;"Manufacturing, Nec; Recycling";36t37;producao_bruta_pm;Ochoa 2;34443,21256
JPN;Electricity, Gas and Water Supply;E;producao_bruta_pm;Ochoa 2;263040,0574
JPN;Construction;F;producao_bruta_pm;Ochoa 2;652374,4106
JPN;"Sale, Maintenance and Repair of Motor Vehicles and Motorcycles; Retail Sale of Fuel";50;producao_bruta_pm;Ochoa 2;115261,0384
JPN;Wholesale Trade and Commission Trade, Except of Motor Vehicles and Motorcycles;51;producao_bruta_pm;Ochoa 2;554744,2179
JPN;"Retail Trade, Except of Motor Vehicles and Motorcycles; Repair of Household Goods";52;producao_bruta_pm;Ochoa 2;302103,922
JPN;Hotels and Restaurants;H;producao_bruta_pm;Ochoa 2;301093,4191
JPN;Inland Transport;60;producao_bruta_pm;Ochoa 2;218249,3173
JPN;Water Transport;61;producao_bruta_pm;Ochoa 2;74966,8097
JPN;Air Transport;62;producao_bruta_pm;Ochoa 2;35307,24043
JPN;"Other Supporting and Auxiliary Transport Activities; Activities of Travel Agencies";63;producao_bruta_pm;Ochoa 2;65435,48192
JPN;Post and Telecommunications;64;producao_bruta_pm;Ochoa 2;169981,4073
JPN;Financial Intermediation;J;producao_bruta_pm;Ochoa 2;423789,3415
JPN;Real Estate Activities;70;producao_bruta_pm;Ochoa 2;738948,4791
JPN;Renting of M&Eq and Other Business Activities;71t74;producao_bruta_pm;Ochoa 2;782674,1656
JPN;"Public Admin and Defence; Compulsory Social Security";L;producao_bruta_pm;Ochoa 2;633847,5668
JPN;Education;M;producao_bruta_pm;Ochoa 2;228880,6355
JPN;Health and Social Work;N;producao_bruta_pm;Ochoa 2;453977,952
JPN;Other Community, Social and Personal Services;O;producao_bruta_pm;Ochoa 2;421757,2071
JPN;Private Households with Employed Persons;P;producao_bruta_pm;Ochoa 2;0
MEX;Agriculture, Hunting, Forestry and Fishing;AtB;producao_bruta_pm;Ochoa 2;52523,02392
MEX;Mining and Quarrying;C;producao_bruta_pm;Ochoa 2;80249,24839
MEX;Food, Beverages and Tobacco;15t16;producao_bruta_pm;Ochoa 2;115635,5472
MEX;Textiles and Textile Products;17t18;producao_bruta_pm;Ochoa 2;14379,71242
MEX;Leather, Leather and Footwear;19;producao_bruta_pm;Ochoa 2;4510,47216
MEX;Wood and Products of Wood and Cork;20;producao_bruta_pm;Ochoa 2;3588,19973
MEX;Pulp, Paper, Paper , Printing and Publishing;21t22;producao_bruta_pm;Ochoa 2;17293,50055
MEX;Coke, Refined Petroleum and Nuclear Fuel;23;producao_bruta_pm;Ochoa 2;39495,1875
MEX;Chemicals and Chemical Products;24;producao_bruta_pm;Ochoa 2;45286,93625
MEX;Rubber and Plastics;25;producao_bruta_pm;Ochoa 2;12030,04202
MEX;Other Non-Metallic Mineral;26;producao_bruta_pm;Ochoa 2;16155,73147
MEX;Basic Metals and Fabricated Metal;27t28;producao_bruta_pm;Ochoa 2;46327,03667
MEX;Machinery, Nec;29;producao_bruta_pm;Ochoa 2;9671,96947
MEX;Electrical and Optical Equipment;30t33;producao_bruta_pm;Ochoa 2;70420,3355
MEX;Transport Equipment;34t35;producao_bruta_pm;Ochoa 2;61749,77144
MEX;"Manufacturing, Nec; Recycling";36t37;producao_bruta_pm;Ochoa 2;14305,49795
MEX;Electricity, Gas and Water Supply;E;producao_bruta_pm;Ochoa 2;29263,70612
MEX;Construction;F;producao_bruta_pm;Ochoa 2;122690,4452
MEX;"Sale, Maintenance and Repair of Motor Vehicles and Motorcycles; Retail Sale of Fuel";50;producao_bruta_pm;Ochoa 2;12669,55549
MEX;Wholesale Trade and Commission Trade, Except of Motor Vehicles and Motorcycles;51;producao_bruta_pm;Ochoa 2;89085,9791
MEX;"Retail Trade, Except of Motor Vehicles and Motorcycles; Repair of Household Goods";52;producao_bruta_pm;Ochoa 2;78373,40427
MEX;Hotels and Restaurants;H;producao_bruta_pm;Ochoa 2;26593,5789
MEX;Inland Transport;60;producao_bruta_pm;Ochoa 2;71912,324
MEX;Water Transport;61;producao_bruta_pm;Ochoa 2;998,4043
MEX;Air Transport;62;producao_bruta_pm;Ochoa 2;6756,0782
MEX;"Other Supporting and Auxiliary Transport Activities; Activities of Travel Agencies";63;producao_bruta_pm;Ochoa 2;9186,12599
MEX;Post and Telecommunications;64;producao_bruta_pm;Ochoa 2;39017,83938
MEX;Financial Intermediation;J;producao_bruta_pm;Ochoa 2;58952,88135
MEX;Real Estate Activities;70;producao_bruta_pm;Ochoa 2;87577,46196
MEX;Renting of M&Eq and Other Business Activities;71t74;producao_bruta_pm;Ochoa 2;74352,12024
MEX;"Public Admin and Defence; Compulsory Social Security";L;producao_bruta_pm;Ochoa 2;52647,25283
MEX;Education;M;producao_bruta_pm;Ochoa 2;49265,10589
MEX;Health and Social Work;N;producao_bruta_pm;Ochoa 2;35257,22437
MEX;Other Community, Social and Personal Services;O;producao_bruta_pm;Ochoa 2;19412,93841
MEX;Private Households with Employed Persons;P;producao_bruta_pm;Ochoa 2;4127,26536
USA;Agriculture, Hunting, Forestry and Fishing;AtB;producao_bruta_pm;Ochoa 2;342488
USA;Mining and Quarrying;C;producao_bruta_pm;Ochoa 2;349301
USA;Food, Beverages and Tobacco;15t16;producao_bruta_pm;Ochoa 2;776070
USA;Textiles and Textile Products;17t18;producao_bruta_pm;Ochoa 2;59335,94141
USA;Leather, Leather and Footwear;19;producao_bruta_pm;Ochoa 2;2735,05664
USA;Wood and Products of Wood and Cork;20;producao_bruta_pm;Ochoa 2;78755
USA;Pulp, Paper, Paper , Printing and Publishing;21t22;producao_bruta_pm;Ochoa 2;425812,25
USA;Coke, Refined Petroleum and Nuclear Fuel;23;producao_bruta_pm;Ochoa 2;473610
USA;Chemicals and Chemical Products;24;producao_bruta_pm;Ochoa 2;600707
USA;Rubber and Plastics;25;producao_bruta_pm;Ochoa 2;167664
USA;Other Non-Metallic Mineral;26;producao_bruta_pm;Ochoa 2;91550
USA;Basic Metals and Fabricated Metal;27t28;producao_bruta_pm;Ochoa 2;479242
USA;Machinery, Nec;29;producao_bruta_pm;Ochoa 2;277200,7188
USA;Electrical and Optical Equipment;30t33;producao_bruta_pm;Ochoa 2;483731,7813
USA;Transport Equipment;34t35;producao_bruta_pm;Ochoa 2;590906
USA;"Manufacturing, Nec; Recycling";36t37;producao_bruta_pm;Ochoa 2;137914,2031
USA;Electricity, Gas and Water Supply;E;producao_bruta_pm;Ochoa 2;387527
USA;Construction;F;producao_bruta_pm;Ochoa 2;1155286
USA;"Sale, Maintenance and Repair of Motor Vehicles and Motorcycles; Retail Sale of Fuel";50;producao_bruta_pm;Ochoa 2;210375,7031
USA;Wholesale Trade and Commission Trade, Except of Motor Vehicles and Motorcycles;51;producao_bruta_pm;Ochoa 2;1008868
USA;"Retail Trade, Except of Motor Vehicles and Motorcycles; Repair of Household Goods";52;producao_bruta_pm;Ochoa 2;1183829,75
USA;Hotels and Restaurants;H;producao_bruta_pm;Ochoa 2;761985
USA;Inland Transport;60;producao_bruta_pm;Ochoa 2;340795
USA;Water Transport;61;producao_bruta_pm;Ochoa 2;33753
USA;Air Transport;62;producao_bruta_pm;Ochoa 2;133026
USA;"Other Supporting and Auxiliary Transport Activities; Activities of Travel Agencies";63;producao_bruta_pm;Ochoa 2;196145
USA;Post and Telecommunications;64;producao_bruta_pm;Ochoa 2;618645,3125
USA;Financial Intermediation;J;producao_bruta_pm;Ochoa 2;2429350,5
USA;Real Estate Activities;70;producao_bruta_pm;Ochoa 2;2302772
USA;Renting of M&Eq and Other Business Activities;71t74;producao_bruta_pm;Ochoa 2;2868854,75
USA;"Public Admin and Defence; Compulsory Social Security";L;producao_bruta_pm;Ochoa 2;2946823
USA;Education;M;producao_bruta_pm;Ochoa 2;223871
USA;Health and Social Work;N;producao_bruta_pm;Ochoa 2;1687379
USA;Other Community, Social and Personal Services;O;producao_bruta_pm;Ochoa 2;958630,4375
USA;Private Households with Employed Persons;P;producao_bruta_pm;Ochoa 2;17959,80469
BRA;Agriculture, Hunting, Forestry and Fishing;AtB;producao_bruta_pd;Ochoa 2;71953,75194
BRA;Mining and Quarrying;C;producao_bruta_pd;Ochoa 2;29868,73252
BRA;Food, Beverages and Tobacco;15t16;producao_bruta_pd;Ochoa 2;89198,47047
BRA;Textiles and Textile Products;17t18;producao_bruta_pd;Ochoa 2;20541,96265
BRA;Leather, Leather and Footwear;19;producao_bruta_pd;Ochoa 2;6546,848812
BRA;Wood and Products of Wood and Cork;20;producao_bruta_pd;Ochoa 2;7575,208918
BRA;Pulp, Paper, Paper , Printing and Publishing;21t22;producao_bruta_pd;Ochoa 2;33316,78943
BRA;Coke, Refined Petroleum and Nuclear Fuel;23;producao_bruta_pd;Ochoa 2;124567,3396
BRA;Chemicals and Chemical Products;24;producao_bruta_pd;Ochoa 2;61333,74124
BRA;Rubber and Plastics;25;producao_bruta_pd;Ochoa 2;20948,59943
BRA;Other Non-Metallic Mineral;26;producao_bruta_pd;Ochoa 2;14534,58083
BRA;Basic Metals and Fabricated Metal;27t28;producao_bruta_pd;Ochoa 2;60960,89029
BRA;Machinery, Nec;29;producao_bruta_pd;Ochoa 2;31123,66422
BRA;Electrical and Optical Equipment;30t33;producao_bruta_pd;Ochoa 2;35425,58477
BRA;Transport Equipment;34t35;producao_bruta_pd;Ochoa 2;61939,33589
BRA;"Manufacturing, Nec; Recycling";36t37;producao_bruta_pd;Ochoa 2;12828,02106
BRA;Electricity, Gas and Water Supply;E;producao_bruta_pd;Ochoa 2;35684,70527
BRA;Construction;F;producao_bruta_pd;Ochoa 2;78547,12772
BRA;"Sale, Maintenance and Repair of Motor Vehicles and Motorcycles; Retail Sale of Fuel";50;producao_bruta_pd;Ochoa 2;0
BRA;Wholesale Trade and Commission Trade, Except of Motor Vehicles and Motorcycles;51;producao_bruta_pd;Ochoa 2;0
BRA;"Retail Trade, Except of Motor Vehicles and Motorcycles; Repair of Household Goods";52;producao_bruta_pd;Ochoa 2;0
BRA;Hotels and Restaurants;H;producao_bruta_pd;Ochoa 2;0
BRA;Inland Transport;60;producao_bruta_pd;Ochoa 2;40442,54526
BRA;Water Transport;61;producao_bruta_pd;Ochoa 2;2197,541631
BRA;Air Transport;62;producao_bruta_pd;Ochoa 2;3836,908795
BRA;"Other Supporting and Auxiliary Transport Activities; Activities of Travel Agencies";63;producao_bruta_pd;Ochoa 2;0
BRA;Post and Telecommunications;64;producao_bruta_pd;Ochoa 2;0
BRA;Financial Intermediation;J;producao_bruta_pd;Ochoa 2;0
BRA;Real Estate Activities;70;producao_bruta_pd;Ochoa 2;0
BRA;Renting of M&Eq and Other Business Activities;71t74;producao_bruta_pd;Ochoa 2;0
BRA;"Public Admin and Defence; Compulsory Social Security";L;producao_bruta_pd;Ochoa 2;0
BRA;Education;M;producao_bruta_pd;Ochoa 2;54169,83478
BRA;Health and Social Work;N;producao_bruta_pd;Ochoa 2;49075,18042
BRA;Other Community, Social and Personal Services;O;producao_bruta_pd;Ochoa 2;0
BRA;Private Households with Employed Persons;P;producao_bruta_pd;Ochoa 2;0
JPN;Agriculture, Hunting, Forestry and Fishing;AtB;producao_bruta_pd;Ochoa 2;76659,71786
JPN;Mining and Quarrying;C;producao_bruta_pd;Ochoa 2;81333,68629
JPN;Food, Beverages and Tobacco;15t16;producao_bruta_pd;Ochoa 2;142149,2408
JPN;Textiles and Textile Products;17t18;producao_bruta_pd;Ochoa 2;17916,45973
JPN;Leather, Leather and Footwear;19;producao_bruta_pd;Ochoa 2;1581,310016
JPN;Wood and Products of Wood and Cork;20;producao_bruta_pd;Ochoa 2;18826,84123
JPN;Pulp, Paper, Paper , Printing and Publishing;21t22;producao_bruta_pd;Ochoa 2;49953,07699
JPN;Coke, Refined Petroleum and Nuclear Fuel;23;producao_bruta_pd;Ochoa 2;555322,6889
JPN;Chemicals and Chemical Products;24;producao_bruta_pd;Ochoa 2;234595,8986
JPN;Rubber and Plastics;25;producao_bruta_pd;Ochoa 2;80776,68657
JPN;Other Non-Metallic Mineral;26;producao_bruta_pd;Ochoa 2;62725,8492
JPN;Basic Metals and Fabricated Metal;27t28;producao_bruta_pd;Ochoa 2;488268,634
JPN;Machinery, Nec;29;producao_bruta_pd;Ochoa 2;107282,5888
JPN;Electrical and Optical Equipment;30t33;producao_bruta_pd;Ochoa 2;181777,5081
JPN;Transport Equipment;34t35;producao_bruta_pd;Ochoa 2;208471,9997
JPN;"Manufacturing, Nec; Recycling";36t37;producao_bruta_pd;Ochoa 2;19697,81
JPN;Electricity, Gas and Water Supply;E;producao_bruta_pd;Ochoa 2;308740,436
JPN;Construction;F;producao_bruta_pd;Ochoa 2;314568,8723
JPN;"Sale, Maintenance and Repair of Motor Vehicles and Motorcycles; Retail Sale of Fuel";50;producao_bruta_pd;Ochoa 2;0
JPN;Wholesale Trade and Commission Trade, Except of Motor Vehicles and Motorcycles;51;producao_bruta_pd;Ochoa 2;0
JPN;"Retail Trade, Except of Motor Vehicles and Motorcycles; Repair of Household Goods";52;producao_bruta_pd;Ochoa 2;0
JPN;Hotels and Restaurants;H;producao_bruta_pd;Ochoa 2;0
JPN;Inland Transport;60;producao_bruta_pd;Ochoa 2;90356,45762
JPN;Water Transport;61;producao_bruta_pd;Ochoa 2;44833,61789
JPN;Air Transport;62;producao_bruta_pd;Ochoa 2;19088,06359
JPN;"Other Supporting and Auxiliary Transport Activities; Activities of Travel Agencies";63;producao_bruta_pd;Ochoa 2;0
JPN;Post and Telecommunications;64;producao_bruta_pd;Ochoa 2;0
JPN;Financial Intermediation;J;producao_bruta_pd;Ochoa 2;0
JPN;Real Estate Activities;70;producao_bruta_pd;Ochoa 2;0
JPN;Renting of M&Eq and Other Business Activities;71t74;producao_bruta_pd;Ochoa 2;0
JPN;"Public Admin and Defence; Compulsory Social Security";L;producao_bruta_pd;Ochoa 2;0
JPN;Education;M;producao_bruta_pd;Ochoa 2;37577,66574
JPN;Health and Social Work;N;producao_bruta_pd;Ochoa 2;174755,6903
JPN;Other Community, Social and Personal Services;O;producao_bruta_pd;Ochoa 2;0
JPN;Private Households with Employed Persons;P;producao_bruta_pd;Ochoa 2;0
MEX;Agriculture, Hunting, Forestry and Fishing;AtB;producao_bruta_pd;Ochoa 2;26678,89271
MEX;Mining and Quarrying;C;producao_bruta_pd;Ochoa 2;12784,43671
MEX;Food, Beverages and Tobacco;15t16;producao_bruta_pd;Ochoa 2;42224,5999
MEX;Textiles and Textile Products;17t18;producao_bruta_pd;Ochoa 2;7083,276329
MEX;Leather, Leather and Footwear;19;producao_bruta_pd;Ochoa 2;2077,467131
MEX;Wood and Products of Wood and Cork;20;producao_bruta_pd;Ochoa 2;1753,800393
MEX;Pulp, Paper, Paper , Printing and Publishing;21t22;producao_bruta_pd;Ochoa 2;7173,710773
MEX;Coke, Refined Petroleum and Nuclear Fuel;23;producao_bruta_pd;Ochoa 2;9243,746304
MEX;Chemicals and Chemical Products;24;producao_bruta_pd;Ochoa 2;18859,67727
MEX;Rubber and Plastics;25;producao_bruta_pd;Ochoa 2;6694,204184
MEX;Other Non-Metallic Mineral;26;producao_bruta_pd;Ochoa 2;7077,235309
MEX;Basic Metals and Fabricated Metal;27t28;producao_bruta_pd;Ochoa 2;23478,97284
MEX;Machinery, Nec;29;producao_bruta_pd;Ochoa 2;5463,170269
MEX;Electrical and Optical Equipment;30t33;producao_bruta_pd;Ochoa 2;58788,84304
MEX;Transport Equipment;34t35;producao_bruta_pd;Ochoa 2;28962,61744
MEX;"Manufacturing, Nec; Recycling";36t37;producao_bruta_pd;Ochoa 2;7623,142084
MEX;Electricity, Gas and Water Supply;E;producao_bruta_pd;Ochoa 2;16722,15809
MEX;Construction;F;producao_bruta_pd;Ochoa 2;55987,28514
MEX;"Sale, Maintenance and Repair of Motor Vehicles and Motorcycles; Retail Sale of Fuel";50;producao_bruta_pd;Ochoa 2;0
MEX;Wholesale Trade and Commission Trade, Except of Motor Vehicles and Motorcycles;51;producao_bruta_pd;Ochoa 2;0
MEX;"Retail Trade, Except of Motor Vehicles and Motorcycles; Repair of Household Goods";52;producao_bruta_pd;Ochoa 2;0
MEX;Hotels and Restaurants;H;producao_bruta_pd;Ochoa 2;0
MEX;Inland Transport;60;producao_bruta_pd;Ochoa 2;34423,90921
MEX;Water Transport;61;producao_bruta_pd;Ochoa 2;516,1697389
MEX;Air Transport;62;producao_bruta_pd;Ochoa 2;3190,743617
MEX;"Other Supporting and Auxiliary Transport Activities; Activities of Travel Agencies";63;producao_bruta_pd;Ochoa 2;0
MEX;Post and Telecommunications;64;producao_bruta_pd;Ochoa 2;0
MEX;Financial Intermediation;J;producao_bruta_pd;Ochoa 2;0
MEX;Real Estate Activities;70;producao_bruta_pd;Ochoa 2;0
MEX;Renting of M&Eq and Other Business Activities;71t74;producao_bruta_pd;Ochoa 2;0
MEX;"Public Admin and Defence; Compulsory Social Security";L;producao_bruta_pd;Ochoa 2;0
MEX;Education;M;producao_bruta_pd;Ochoa 2;35864,5778
MEX;Health and Social Work;N;producao_bruta_pd;Ochoa 2;21342,12972
MEX;Other Community, Social and Personal Services;O;producao_bruta_pd;Ochoa 2;0
MEX;Private Households with Employed Persons;P;producao_bruta_pd;Ochoa 2;0
USA;Agriculture, Hunting, Forestry and Fishing;AtB;producao_bruta_pd;Ochoa 2;136919,6054
USA;Mining and Quarrying;C;producao_bruta_pd;Ochoa 2;144096,1973
USA;Food, Beverages and Tobacco;15t16;producao_bruta_pd;Ochoa 2;207412,3233
USA;Textiles and Textile Products;17t18;producao_bruta_pd;Ochoa 2;19831,86597
USA;Leather, Leather and Footwear;19;producao_bruta_pd;Ochoa 2;877,0592627
USA;Wood and Products of Wood and Cork;20;producao_bruta_pd;Ochoa 2;21887,57897
USA;Pulp, Paper, Paper , Printing and Publishing;21t22;producao_bruta_pd;Ochoa 2;77622,4269
USA;Coke, Refined Petroleum and Nuclear Fuel;23;producao_bruta_pd;Ochoa 2;1134801,615
USA;Chemicals and Chemical Products;24;producao_bruta_pd;Ochoa 2;280715,1908
USA;Rubber and Plastics;25;producao_bruta_pd;Ochoa 2;71015,09616
USA;Other Non-Metallic Mineral;26;producao_bruta_pd;Ochoa 2;23146,21373
USA;Basic Metals and Fabricated Metal;27t28;producao_bruta_pd;Ochoa 2;164505,7641
USA;Machinery, Nec;29;producao_bruta_pd;Ochoa 2;75273,60948
USA;Electrical and Optical Equipment;30t33;producao_bruta_pd;Ochoa 2;117136,1811
USA;Transport Equipment;34t35;producao_bruta_pd;Ochoa 2;176625,5482
USA;"Manufacturing, Nec; Recycling";36t37;producao_bruta_pd;Ochoa 2;35773,47479
USA;Electricity, Gas and Water Supply;E;producao_bruta_pd;Ochoa 2;263523,8119
USA;Construction;F;producao_bruta_pd;Ochoa 2;282832,1194
USA;"Sale, Maintenance and Repair of Motor Vehicles and Motorcycles; Retail Sale of Fuel";50;producao_bruta_pd;Ochoa 2;0
USA;Wholesale Trade and Commission Trade, Except of Motor Vehicles and Motorcycles;51;producao_bruta_pd;Ochoa 2;0
USA;"Retail Trade, Except of Motor Vehicles and Motorcycles; Repair of Household Goods";52;producao_bruta_pd;Ochoa 2;0
USA;Hotels and Restaurants;H;producao_bruta_pd;Ochoa 2;0
USA;Inland Transport;60;producao_bruta_pd;Ochoa 2;126968,0676
USA;Water Transport;61;producao_bruta_pd;Ochoa 2;18136,53747
USA;Air Transport;62;producao_bruta_pd;Ochoa 2;70941,0179
USA;"Other Supporting and Auxiliary Transport Activities; Activities of Travel Agencies";63;producao_bruta_pd;Ochoa 2;0
USA;Post and Telecommunications;64;producao_bruta_pd;Ochoa 2;0
USA;Financial Intermediation;J;producao_bruta_pd;Ochoa 2;0
USA;Real Estate Activities;70;producao_bruta_pd;Ochoa 2;0
USA;Renting of M&Eq and Other Business Activities;71t74;producao_bruta_pd;Ochoa 2;0
USA;"Public Admin and Defence; Compulsory Social Security";L;producao_bruta_pd;Ochoa 2;0
USA;Education;M;producao_bruta_pd;Ochoa 2;56045,8258
USA;Health and Social Work;N;producao_bruta_pd;Ochoa 2;193506,1325
USA;Other Community, Social and Personal Services;O;producao_bruta_pd;Ochoa 2;0
USA;Private Households with Employed Persons;P;producao_bruta_pd;Ochoa 2;0
BRA;Agriculture, Hunting, Forestry and Fishing;AtB;PIB_pm;Ochoa 2;78638,48285
BRA;Mining and Quarrying;C;PIB_pm;Ochoa 2;25539,80186
BRA;Food, Beverages and Tobacco;15t16;PIB_pm;Ochoa 2;34598,39173
BRA;Textiles and Textile Products;17t18;PIB_pm;Ochoa 2;16542,72959
BRA;Leather, Leather and Footwear;19;PIB_pm;Ochoa 2;4229,20914
BRA;Wood and Products of Wood and Cork;20;PIB_pm;Ochoa 2;3955,13078
BRA;Pulp, Paper, Paper , Printing and Publishing;21t22;PIB_pm;Ochoa 2;16569,73731
BRA;Coke, Refined Petroleum and Nuclear Fuel;23;PIB_pm;Ochoa 2;19328,52605
BRA;Chemicals and Chemical Products;24;PIB_pm;Ochoa 2;27662,40872
BRA;Rubber and Plastics;25;PIB_pm;Ochoa 2;9668,76431
BRA;Other Non-Metallic Mineral;26;PIB_pm;Ochoa 2;9526,22356
BRA;Basic Metals and Fabricated Metal;27t28;PIB_pm;Ochoa 2;30052,59208
BRA;Machinery, Nec;29;PIB_pm;Ochoa 2;15182,84079
BRA;Electrical and Optical Equipment;30t33;PIB_pm;Ochoa 2;15280,36868
BRA;Transport Equipment;34t35;PIB_pm;Ochoa 2;20542,37309
BRA;"Manufacturing, Nec; Recycling";36t37;PIB_pm;Ochoa 2;9559,233
BRA;Electricity, Gas and Water Supply;E;PIB_pm;Ochoa 2;43305,88121
BRA;Construction;F;PIB_pm;Ochoa 2;73412,48873
BRA;"Sale, Maintenance and Repair of Motor Vehicles and Motorcycles; Retail Sale of Fuel";50;PIB_pm;Ochoa 2;19154,80256
BRA;Wholesale Trade and Commission Trade, Except of Motor Vehicles and Motorcycles;51;PIB_pm;Ochoa 2;62355,19071
BRA;"Retail Trade, Except of Motor Vehicles and Motorcycles; Repair of Household Goods";52;PIB_pm;Ochoa 2;93070,42146
BRA;Hotels and Restaurants;H;PIB_pm;Ochoa 2;27211,27974
BRA;Inland Transport;60;PIB_pm;Ochoa 2;41561,14801
BRA;Water Transport;61;PIB_pm;Ochoa 2;2336,5755
BRA;Air Transport;62;PIB_pm;Ochoa 2;3731,31215
BRA;"Other Supporting and Auxiliary Transport Activities; Activities of Travel Agencies";63;PIB_pm;Ochoa 2;19703,20935
BRA;Post and Telecommunications;64;PIB_pm;Ochoa 2;28566,87434
BRA;Financial Intermediation;J;PIB_pm;Ochoa 2;101136,9152
BRA;Real Estate Activities;70;PIB_pm;Ochoa 2;116911,9253
BRA;Renting of M&Eq and Other Business Activities;71t74;PIB_pm;Ochoa 2;98494,54253
BRA;"Public Admin and Defence; Compulsory Social Security";L;PIB_pm;Ochoa 2;142922,3617
BRA;Education;M;PIB_pm;Ochoa 2;72313,67458
BRA;Health and Social Work;N;PIB_pm;Ochoa 2;56835,24927
BRA;Other Community, Social and Personal Services;O;PIB_pm;Ochoa 2;57688,40725
BRA;Private Households with Employed Persons;P;PIB_pm;Ochoa 2;0
JPN;Agriculture, Hunting, Forestry and Fishing;AtB;PIB_pm;Ochoa 2;66207,37132
JPN;Mining and Quarrying;C;PIB_pm;Ochoa 2;5655,42288
JPN;Food, Beverages and Tobacco;15t16;PIB_pm;Ochoa 2;141247,6125
JPN;Textiles and Textile Products;17t18;PIB_pm;Ochoa 2;14194,98343
JPN;Leather, Leather and Footwear;19;PIB_pm;Ochoa 2;1230,09633
JPN;Wood and Products of Wood and Cork;20;PIB_pm;Ochoa 2;12336,06714
JPN;Pulp, Paper, Paper , Printing and Publishing;21t22;PIB_pm;Ochoa 2;54723,90536
JPN;Coke, Refined Petroleum and Nuclear Fuel;23;PIB_pm;Ochoa 2;61877,74873
JPN;Chemicals and Chemical Products;24;PIB_pm;Ochoa 2;77943,59678
JPN;Rubber and Plastics;25;PIB_pm;Ochoa 2;33605,80728
JPN;Other Non-Metallic Mineral;26;PIB_pm;Ochoa 2;20423,76652
JPN;Basic Metals and Fabricated Metal;27t28;PIB_pm;Ochoa 2;137402,6164
JPN;Machinery, Nec;29;PIB_pm;Ochoa 2;73584,24847
JPN;Electrical and Optical Equipment;30t33;PIB_pm;Ochoa 2;113897,7005
JPN;Transport Equipment;34t35;PIB_pm;Ochoa 2;101144,0328
JPN;"Manufacturing, Nec; Recycling";36t37;PIB_pm;Ochoa 2;7236,5929
JPN;Electricity, Gas and Water Supply;E;PIB_pm;Ochoa 2;112805,8745
JPN;Construction;F;PIB_pm;Ochoa 2;298325,8034
JPN;"Sale, Maintenance and Repair of Motor Vehicles and Motorcycles; Retail Sale of Fuel";50;PIB_pm;Ochoa 2;50140,69399
JPN;Wholesale Trade and Commission Trade, Except of Motor Vehicles and Motorcycles;51;PIB_pm;Ochoa 2;381043,3836
JPN;"Retail Trade, Except of Motor Vehicles and Motorcycles; Repair of Household Goods";52;PIB_pm;Ochoa 2;215027,2985
JPN;Hotels and Restaurants;H;PIB_pm;Ochoa 2;143854,123
JPN;Inland Transport;60;PIB_pm;Ochoa 2;136394,4568
JPN;Water Transport;61;PIB_pm;Ochoa 2;25450,44125
JPN;Air Transport;62;PIB_pm;Ochoa 2;15086,94336
JPN;"Other Supporting and Auxiliary Transport Activities; Activities of Travel Agencies";63;PIB_pm;Ochoa 2;38114,05968
JPN;Post and Telecommunications;64;PIB_pm;Ochoa 2;109692,2079
JPN;Financial Intermediation;J;PIB_pm;Ochoa 2;258315,895
JPN;Real Estate Activities;70;PIB_pm;Ochoa 2;640081,4486
JPN;Renting of M&Eq and Other Business Activities;71t74;PIB_pm;Ochoa 2;399104,0752
JPN;"Public Admin and Defence; Compulsory Social Security";L;PIB_pm;Ochoa 2;437871,3675
JPN;Education;M;PIB_pm;Ochoa 2;199116,6811
JPN;Health and Social Work;N;PIB_pm;Ochoa 2;278648,046
JPN;Other Community, Social and Personal Services;O;PIB_pm;Ochoa 2;253423,6935
JPN;Private Households with Employed Persons;P;PIB_pm;Ochoa 2;0
MEX;Agriculture, Hunting, Forestry and Fishing;AtB;PIB_pm;Ochoa 2;29651,47851
MEX;Mining and Quarrying;C;PIB_pm;Ochoa 2;65745,51204
MEX;Food, Beverages and Tobacco;15t16;PIB_pm;Ochoa 2;43753,13046
MEX;Textiles and Textile Products;17t18;PIB_pm;Ochoa 2;5160,43301
MEX;Leather, Leather and Footwear;19;PIB_pm;Ochoa 2;1625,21641
MEX;Wood and Products of Wood and Cork;20;PIB_pm;Ochoa 2;1554,71733
MEX;Pulp, Paper, Paper , Printing and Publishing;21t22;PIB_pm;Ochoa 2;7628,42014
MEX;Coke, Refined Petroleum and Nuclear Fuel;23;PIB_pm;Ochoa 2;6252,49062
MEX;Chemicals and Chemical Products;24;PIB_pm;Ochoa 2;13447,99671
MEX;Rubber and Plastics;25;PIB_pm;Ochoa 2;3697,47707
MEX;Other Non-Metallic Mineral;26;PIB_pm;Ochoa 2;8483,4627
MEX;Basic Metals and Fabricated Metal;27t28;PIB_pm;Ochoa 2;16295,52085
MEX;Machinery, Nec;29;PIB_pm;Ochoa 2;3456,23344
MEX;Electrical and Optical Equipment;30t33;PIB_pm;Ochoa 2;10251,43457
MEX;Transport Equipment;34t35;PIB_pm;Ochoa 2;18673,28833
MEX;"Manufacturing, Nec; Recycling";36t37;PIB_pm;Ochoa 2;4992,53728
MEX;Electricity, Gas and Water Supply;E;PIB_pm;Ochoa 2;9879,61178
MEX;Construction;F;PIB_pm;Ochoa 2;59098,73926
MEX;"Sale, Maintenance and Repair of Motor Vehicles and Motorcycles; Retail Sale of Fuel";50;PIB_pm;Ochoa 2;8136,94129
MEX;Wholesale Trade and Commission Trade, Except of Motor Vehicles and Motorcycles;51;PIB_pm;Ochoa 2;66549,41215
MEX;"Retail Trade, Except of Motor Vehicles and Motorcycles; Repair of Household Goods";52;PIB_pm;Ochoa 2;59912,53432
MEX;Hotels and Restaurants;H;PIB_pm;Ochoa 2;19240,54688
MEX;Inland Transport;60;PIB_pm;Ochoa 2;45821,41197
MEX;Water Transport;61;PIB_pm;Ochoa 2;487,10858
MEX;Air Transport;62;PIB_pm;Ochoa 2;1895,8202
MEX;"Other Supporting and Auxiliary Transport Activities; Activities of Travel Agencies";63;PIB_pm;Ochoa 2;6621,88542
MEX;Post and Telecommunications;64;PIB_pm;Ochoa 2;24235,21451
MEX;Financial Intermediation;J;PIB_pm;Ochoa 2;40262,37529
MEX;Real Estate Activities;70;PIB_pm;Ochoa 2;79779,59944
MEX;Renting of M&Eq and Other Business Activities;71t74;PIB_pm;Ochoa 2;53926,49983
MEX;"Public Admin and Defence; Compulsory Social Security";L;PIB_pm;Ochoa 2;36870,94951
MEX;Education;M;PIB_pm;Ochoa 2;43403,81915
MEX;Health and Social Work;N;PIB_pm;Ochoa 2;25906,13211
MEX;Other Community, Social and Personal Services;O;PIB_pm;Ochoa 2;13676,18054
MEX;Private Households with Employed Persons;P;PIB_pm;Ochoa 2;4082,55827
USA;Agriculture, Hunting, Forestry and Fishing;AtB;PIB_pm;Ochoa 2;134069
USA;Mining and Quarrying;C;PIB_pm;Ochoa 2;240596
USA;Food, Beverages and Tobacco;15t16;PIB_pm;Ochoa 2;207022
USA;Textiles and Textile Products;17t18;PIB_pm;Ochoa 2;25951,11133
USA;Leather, Leather and Footwear;19;PIB_pm;Ochoa 2;1321,88782
USA;Wood and Products of Wood and Cork;20;PIB_pm;Ochoa 2;20415
USA;Pulp, Paper, Paper , Printing and Publishing;21t22;PIB_pm;Ochoa 2;164834,9844
USA;Coke, Refined Petroleum and Nuclear Fuel;23;PIB_pm;Ochoa 2;117262
USA;Chemicals and Chemical Products;24;PIB_pm;Ochoa 2;201351
USA;Rubber and Plastics;25;PIB_pm;Ochoa 2;54481
USA;Other Non-Metallic Mineral;26;PIB_pm;Ochoa 2;37252
USA;Basic Metals and Fabricated Metal;27t28;PIB_pm;Ochoa 2;160889
USA;Machinery, Nec;29;PIB_pm;Ochoa 2;116524,0703
USA;Electrical and Optical Equipment;30t33;PIB_pm;Ochoa 2;273393,6563
USA;Transport Equipment;34t35;PIB_pm;Ochoa 2;162487
USA;"Manufacturing, Nec; Recycling";36t37;PIB_pm;Ochoa 2;59248,28516
USA;Electricity, Gas and Water Supply;E;PIB_pm;Ochoa 2;263537
USA;Construction;F;PIB_pm;Ochoa 2;571614
USA;"Sale, Maintenance and Repair of Motor Vehicles and Motorcycles; Retail Sale of Fuel";50;PIB_pm;Ochoa 2;130391,2266
USA;Wholesale Trade and Commission Trade, Except of Motor Vehicles and Motorcycles;51;PIB_pm;Ochoa 2;793022
USA;"Retail Trade, Except of Motor Vehicles and Motorcycles; Repair of Household Goods";52;PIB_pm;Ochoa 2;844077,5625
USA;Hotels and Restaurants;H;PIB_pm;Ochoa 2;415095
USA;Inland Transport;60;PIB_pm;Ochoa 2;173895
USA;Water Transport;61;PIB_pm;Ochoa 2;13891
USA;Air Transport;62;PIB_pm;Ochoa 2;61361
USA;"Other Supporting and Auxiliary Transport Activities; Activities of Travel Agencies";63;PIB_pm;Ochoa 2;134967
USA;Post and Telecommunications;64;PIB_pm;Ochoa 2;368709,7813
USA;Financial Intermediation;J;PIB_pm;Ochoa 2;1287636,875
USA;Real Estate Activities;70;PIB_pm;Ochoa 2;1687387
USA;Renting of M&Eq and Other Business Activities;71t74;PIB_pm;Ochoa 2;1900373,125
USA;"Public Admin and Defence; Compulsory Social Security";L;PIB_pm;Ochoa 2;1777079
USA;Education;M;PIB_pm;Ochoa 2;145190
USA;Health and Social Work;N;PIB_pm;Ochoa 2;1040797
USA;Other Community, Social and Personal Services;O;PIB_pm;Ochoa 2;512898,625
USA;Private Households with Employed Persons;P;PIB_pm;Ochoa 2;17959,80469
BRA;Agriculture, Hunting, Forestry and Fishing;AtB;PIB_pd;Ochoa 2;17484,93425
BRA;Mining and Quarrying;C;PIB_pd;Ochoa 2;6655,306353
BRA;Food, Beverages and Tobacco;15t16;PIB_pd;Ochoa 2;19174,18681
BRA;Textiles and Textile Products;17t18;PIB_pd;Ochoa 2;7508,312891
BRA;Leather, Leather and Footwear;19;PIB_pd;Ochoa 2;2224,200187
BRA;Wood and Products of Wood and Cork;20;PIB_pd;Ochoa 2;2370,121525
BRA;Pulp, Paper, Paper , Printing and Publishing;21t22;PIB_pd;Ochoa 2;6484,741145
BRA;Coke, Refined Petroleum and Nuclear Fuel;23;PIB_pd;Ochoa 2;2616,129659
BRA;Chemicals and Chemical Products;24;PIB_pd;Ochoa 2;9407,352544
BRA;Rubber and Plastics;25;PIB_pd;Ochoa 2;4727,325595
BRA;Other Non-Metallic Mineral;26;PIB_pd;Ochoa 2;4599,990647
BRA;Basic Metals and Fabricated Metal;27t28;PIB_pd;Ochoa 2;11104,87527
BRA;Machinery, Nec;29;PIB_pd;Ochoa 2;8514,317027
BRA;Electrical and Optical Equipment;30t33;PIB_pd;Ochoa 2;7134,784857
BRA;Transport Equipment;34t35;PIB_pd;Ochoa 2;11630,25643
BRA;"Manufacturing, Nec; Recycling";36t37;PIB_pd;Ochoa 2;4526,999448
BRA;Electricity, Gas and Water Supply;E;PIB_pd;Ochoa 2;7990,644332
BRA;Construction;F;PIB_pd;Ochoa 2;35082,97827
BRA;"Sale, Maintenance and Repair of Motor Vehicles and Motorcycles; Retail Sale of Fuel";50;PIB_pd;Ochoa 2;0
BRA;Wholesale Trade and Commission Trade, Except of Motor Vehicles and Motorcycles;51;PIB_pd;Ochoa 2;0
BRA;"Retail Trade, Except of Motor Vehicles and Motorcycles; Repair of Household Goods";52;PIB_pd;Ochoa 2;0
BRA;Hotels and Restaurants;H;PIB_pd;Ochoa 2;0
BRA;Inland Transport;60;PIB_pd;Ochoa 2;20921,57021
BRA;Water Transport;61;PIB_pd;Ochoa 2;951,2468859
BRA;Air Transport;62;PIB_pd;Ochoa 2;1876,724904
BRA;"Other Supporting and Auxiliary Transport Activities; Activities of Travel Agencies";63;PIB_pd;Ochoa 2;0
BRA;Post and Telecommunications;64;PIB_pd;Ochoa 2;0
BRA;Financial Intermediation;J;PIB_pd;Ochoa 2;0
BRA;Real Estate Activities;70;PIB_pd;Ochoa 2;0
BRA;Renting of M&Eq and Other Business Activities;71t74;PIB_pd;Ochoa 2;0
BRA;"Public Admin and Defence; Compulsory Social Security";L;PIB_pd;Ochoa 2;0
BRA;Education;M;PIB_pd;Ochoa 2;45181,49852
BRA;Health and Social Work;N;PIB_pd;Ochoa 2;29427,8282
BRA;Other Community, Social and Personal Services;O;PIB_pd;Ochoa 2;0
BRA;Private Households with Employed Persons;P;PIB_pd;Ochoa 2;0
JPN;Agriculture, Hunting, Forestry and Fishing;AtB;PIB_pd;Ochoa 2;2912,402893
JPN;Mining and Quarrying;C;PIB_pd;Ochoa 2;293,7067656
JPN;Food, Beverages and Tobacco;15t16;PIB_pd;Ochoa 2;6135,562287
JPN;Textiles and Textile Products;17t18;PIB_pd;Ochoa 2;1620,558155
JPN;Leather, Leather and Footwear;19;PIB_pd;Ochoa 2;108,9836968
JPN;Wood and Products of Wood and Cork;20;PIB_pd;Ochoa 2;953,4307858
JPN;Pulp, Paper, Paper , Printing and Publishing;21t22;PIB_pd;Ochoa 2;2933,873489
JPN;Coke, Refined Petroleum and Nuclear Fuel;23;PIB_pd;Ochoa 2;235,7180206
JPN;Chemicals and Chemical Products;24;PIB_pd;Ochoa 2;2935,84597
JPN;Rubber and Plastics;25;PIB_pd;Ochoa 2;2505,670064
JPN;Other Non-Metallic Mineral;26;PIB_pd;Ochoa 2;1101,046993
JPN;Basic Metals and Fabricated Metal;27t28;PIB_pd;Ochoa 2;6529,832761
JPN;Machinery, Nec;29;PIB_pd;Ochoa 2;3850,195565
JPN;Electrical and Optical Equipment;30t33;PIB_pd;Ochoa 2;6134,802542
JPN;Transport Equipment;34t35;PIB_pd;Ochoa 2;5036,408621
JPN;"Manufacturing, Nec; Recycling";36t37;PIB_pd;Ochoa 2;603,6011841
JPN;Electricity, Gas and Water Supply;E;PIB_pd;Ochoa 2;2247,601305
JPN;Construction;F;PIB_pd;Ochoa 2;22532,3027
JPN;"Sale, Maintenance and Repair of Motor Vehicles and Motorcycles; Retail Sale of Fuel";50;PIB_pd;Ochoa 2;0
JPN;Wholesale Trade and Commission Trade, Except of Motor Vehicles and Motorcycles;51;PIB_pd;Ochoa 2;0
JPN;"Retail Trade, Except of Motor Vehicles and Motorcycles; Repair of Household Goods";52;PIB_pd;Ochoa 2;0
JPN;Hotels and Restaurants;H;PIB_pd;Ochoa 2;0
JPN;Inland Transport;60;PIB_pd;Ochoa 2;8958,863929
JPN;Water Transport;61;PIB_pd;Ochoa 2;1179,112933
JPN;Air Transport;62;PIB_pd;Ochoa 2;585,6513016
JPN;"Other Supporting and Auxiliary Transport Activities; Activities of Travel Agencies";63;PIB_pd;Ochoa 2;0
JPN;Post and Telecommunications;64;PIB_pd;Ochoa 2;0
JPN;Financial Intermediation;J;PIB_pd;Ochoa 2;0
JPN;Real Estate Activities;70;PIB_pd;Ochoa 2;0
JPN;Renting of M&Eq and Other Business Activities;71t74;PIB_pd;Ochoa 2;0
JPN;"Public Admin and Defence; Compulsory Social Security";L;PIB_pd;Ochoa 2;0
JPN;Education;M;PIB_pd;Ochoa 2;15874,41604
JPN;Health and Social Work;N;PIB_pd;Ochoa 2;15051,07606
JPN;Other Community, Social and Personal Services;O;PIB_pd;Ochoa 2;0
JPN;Private Households with Employed Persons;P;PIB_pd;Ochoa 2;0
MEX;Agriculture, Hunting, Forestry and Fishing;AtB;PIB_pd;Ochoa 2;10695,24104
MEX;Mining and Quarrying;C;PIB_pd;Ochoa 2;3010,476299
MEX;Food, Beverages and Tobacco;15t16;PIB_pd;Ochoa 2;9081,305801
MEX;Textiles and Textile Products;17t18;PIB_pd;Ochoa 2;2353,795721
MEX;Leather, Leather and Footwear;19;PIB_pd;Ochoa 2;685,8801914
MEX;Wood and Products of Wood and Cork;20;PIB_pd;Ochoa 2;528,0293194
MEX;Pulp, Paper, Paper , Printing and Publishing;21t22;PIB_pd;Ochoa 2;2121,451254
MEX;Coke, Refined Petroleum and Nuclear Fuel;23;PIB_pd;Ochoa 2;1243,13144
MEX;Chemicals and Chemical Products;24;PIB_pd;Ochoa 2;3905,07117
MEX;Rubber and Plastics;25;PIB_pd;Ochoa 2;1433,30328
MEX;Other Non-Metallic Mineral;26;PIB_pd;Ochoa 2;2103,918205
MEX;Basic Metals and Fabricated Metal;27t28;PIB_pd;Ochoa 2;2973,736676
MEX;Machinery, Nec;29;PIB_pd;Ochoa 2;1580,087148
MEX;Electrical and Optical Equipment;30t33;PIB_pd;Ochoa 2;4553,374312
MEX;Transport Equipment;34t35;PIB_pd;Ochoa 2;5900,52456
MEX;"Manufacturing, Nec; Recycling";36t37;PIB_pd;Ochoa 2;2173,587674
MEX;Electricity, Gas and Water Supply;E;PIB_pd;Ochoa 2;2850,494577
MEX;Construction;F;PIB_pd;Ochoa 2;23669,42861
MEX;"Sale, Maintenance and Repair of Motor Vehicles and Motorcycles; Retail Sale of Fuel";50;PIB_pd;Ochoa 2;0
MEX;Wholesale Trade and Commission Trade, Except of Motor Vehicles and Motorcycles;51;PIB_pd;Ochoa 2;0
MEX;"Retail Trade, Except of Motor Vehicles and Motorcycles; Repair of Household Goods";52;PIB_pd;Ochoa 2;0
MEX;Hotels and Restaurants;H;PIB_pd;Ochoa 2;0
MEX;Inland Transport;60;PIB_pd;Ochoa 2;15606,37737
MEX;Water Transport;61;PIB_pd;Ochoa 2;269,4631671
MEX;Air Transport;62;PIB_pd;Ochoa 2;1106,564363
MEX;"Other Supporting and Auxiliary Transport Activities; Activities of Travel Agencies";63;PIB_pd;Ochoa 2;0
MEX;Post and Telecommunications;64;PIB_pd;Ochoa 2;0
MEX;Financial Intermediation;J;PIB_pd;Ochoa 2;0
MEX;Real Estate Activities;70;PIB_pd;Ochoa 2;0
MEX;Renting of M&Eq and Other Business Activities;71t74;PIB_pd;Ochoa 2;0
MEX;"Public Admin and Defence; Compulsory Social Security";L;PIB_pd;Ochoa 2;0
MEX;Education;M;PIB_pd;Ochoa 2;33224,64413
MEX;Health and Social Work;N;PIB_pd;Ochoa 2;14719,10485
MEX;Other Community, Social and Personal Services;O;PIB_pd;Ochoa 2;0
MEX;Private Households with Employed Persons;P;PIB_pd;Ochoa 2;0
USA;Agriculture, Hunting, Forestry and Fishing;AtB;PIB_pd;Ochoa 2;2823,184832
USA;Mining and Quarrying;C;PIB_pd;Ochoa 2;2787,842966
USA;Food, Beverages and Tobacco;15t16;PIB_pd;Ochoa 2;4101,651494
USA;Textiles and Textile Products;17t18;PIB_pd;Ochoa 2;810,4786621
USA;Leather, Leather and Footwear;19;PIB_pd;Ochoa 2;46,62043032
USA;Wood and Products of Wood and Cork;20;PIB_pd;Ochoa 2;752,0555604
USA;Pulp, Paper, Paper , Printing and Publishing;21t22;PIB_pd;Ochoa 2;3800,302428
USA;Coke, Refined Petroleum and Nuclear Fuel;23;PIB_pd;Ochoa 2;715,7734762
USA;Chemicals and Chemical Products;24;PIB_pd;Ochoa 2;3303,195132
USA;Rubber and Plastics;25;PIB_pd;Ochoa 2;1465,814344
USA;Other Non-Metallic Mineral;26;PIB_pd;Ochoa 2;885,3428967
USA;Basic Metals and Fabricated Metal;27t28;PIB_pd;Ochoa 2;4332,051103
USA;Machinery, Nec;29;PIB_pd;Ochoa 2;2129,416961
USA;Electrical and Optical Equipment;30t33;PIB_pd;Ochoa 2;8081,311467
USA;Transport Equipment;34t35;PIB_pd;Ochoa 2;3732,286988
USA;"Manufacturing, Nec; Recycling";36t37;PIB_pd;Ochoa 2;1284,019572
USA;Electricity, Gas and Water Supply;E;PIB_pd;Ochoa 2;2861,640575
USA;Construction;F;PIB_pd;Ochoa 2;20592,07708
USA;"Sale, Maintenance and Repair of Motor Vehicles and Motorcycles; Retail Sale of Fuel";50;PIB_pd;Ochoa 2;0
USA;Wholesale Trade and Commission Trade, Except of Motor Vehicles and Motorcycles;51;PIB_pd;Ochoa 2;0
USA;"Retail Trade, Except of Motor Vehicles and Motorcycles; Repair of Household Goods";52;PIB_pd;Ochoa 2;0
USA;Hotels and Restaurants;H;PIB_pd;Ochoa 2;0
USA;Inland Transport;60;PIB_pd;Ochoa 2;5005,802863
USA;Water Transport;61;PIB_pd;Ochoa 2;249,1007991
USA;Air Transport;62;PIB_pd;Ochoa 2;1794,079189
USA;"Other Supporting and Auxiliary Transport Activities; Activities of Travel Agencies";63;PIB_pd;Ochoa 2;0
USA;Post and Telecommunications;64;PIB_pd;Ochoa 2;0
USA;Financial Intermediation;J;PIB_pd;Ochoa 2;0
USA;Real Estate Activities;70;PIB_pd;Ochoa 2;0
USA;Renting of M&Eq and Other Business Activities;71t74;PIB_pd;Ochoa 2;0
USA;"Public Admin and Defence; Compulsory Social Security";L;PIB_pd;Ochoa 2;0
USA;Education;M;PIB_pd;Ochoa 2;5913,495027
USA;Health and Social Work;N;PIB_pd;Ochoa 2;30584,28137
USA;Other Community, Social and Personal Services;O;PIB_pd;Ochoa 2;0
USA;Private Households with Employed Persons;P;PIB_pd;Ochoa 2;0
BRA;Agriculture, Hunting, Forestry and Fishing;AtB;producao_bruta_pm;Alternativa 1;138263,0296
BRA;Mining and Quarrying;C;producao_bruta_pm;Alternativa 1;65330,67813
BRA;Food, Beverages and Tobacco;15t16;producao_bruta_pm;Alternativa 1;185216,4536
BRA;Textiles and Textile Products;17t18;producao_bruta_pm;Alternativa 1;40968,21287
BRA;Leather, Leather and Footwear;19;producao_bruta_pm;Alternativa 1;12122,96597
BRA;Wood and Products of Wood and Cork;20;producao_bruta_pm;Alternativa 1;9645,25759
BRA;Pulp, Paper, Paper , Printing and Publishing;21t22;producao_bruta_pm;Alternativa 1;41873,97182
BRA;Coke, Refined Petroleum and Nuclear Fuel;23;producao_bruta_pm;Alternativa 1;86299,17305
BRA;Chemicals and Chemical Products;24;producao_bruta_pm;Alternativa 1;98202,57625
BRA;Rubber and Plastics;25;producao_bruta_pm;Alternativa 1;30106,60752
BRA;Other Non-Metallic Mineral;26;producao_bruta_pm;Alternativa 1;26135,97231
BRA;Basic Metals and Fabricated Metal;27t28;producao_bruta_pm;Alternativa 1;84819,24994
BRA;Machinery, Nec;29;producao_bruta_pm;Alternativa 1;49760,72666
BRA;Electrical and Optical Equipment;30t33;producao_bruta_pm;Alternativa 1;54748,15257
BRA;Transport Equipment;34t35;producao_bruta_pm;Alternativa 1;105034,0294
BRA;"Manufacturing, Nec; Recycling";36t37;producao_bruta_pm;Alternativa 1;22202,84782
BRA;Electricity, Gas and Water Supply;E;producao_bruta_pm;Alternativa 1;85358,90422
BRA;Construction;F;producao_bruta_pm;Alternativa 1;142687,2945
BRA;"Sale, Maintenance and Repair of Motor Vehicles and Motorcycles; Retail Sale of Fuel";50;producao_bruta_pm;Alternativa 1;27065,39624
BRA;Wholesale Trade and Commission Trade, Except of Motor Vehicles and Motorcycles;51;producao_bruta_pm;Alternativa 1;88106,77578
BRA;"Retail Trade, Except of Motor Vehicles and Motorcycles; Repair of Household Goods";52;producao_bruta_pm;Alternativa 1;131506,848
BRA;Hotels and Restaurants;H;producao_bruta_pm;Alternativa 1;60774,37547
BRA;Inland Transport;60;producao_bruta_pm;Alternativa 1;80266,19821
BRA;Water Transport;61;producao_bruta_pm;Alternativa 1;4512,58068
BRA;Air Transport;62;producao_bruta_pm;Alternativa 1;7206,20675
BRA;"Other Supporting and Auxiliary Transport Activities; Activities of Travel Agencies";63;producao_bruta_pm;Alternativa 1;38052,40658
BRA;Post and Telecommunications;64;producao_bruta_pm;Alternativa 1;65022,62521
BRA;Financial Intermediation;J;producao_bruta_pm;Alternativa 1;155511,4609
BRA;Real Estate Activities;70;producao_bruta_pm;Alternativa 1;126895,2795
BRA;Renting of M&Eq and Other Business Activities;71t74;producao_bruta_pm;Alternativa 1;165345,163
BRA;"Public Admin and Defence; Compulsory Social Security";L;producao_bruta_pm;Alternativa 1;220706,6003
BRA;Education;M;producao_bruta_pm;Alternativa 1;98583,18506
BRA;Health and Social Work;N;producao_bruta_pm;Alternativa 1;98360,62143
BRA;Other Community, Social and Personal Services;O;producao_bruta_pm;Alternativa 1;94462,37411
BRA;Private Households with Employed Persons;P;producao_bruta_pm;Alternativa 1;0
JPN;Agriculture, Hunting, Forestry and Fishing;AtB;producao_bruta_pm;Alternativa 1;132435,2125
JPN;Mining and Quarrying;C;producao_bruta_pm;Alternativa 1;32261,77284
JPN;Food, Beverages and Tobacco;15t16;producao_bruta_pm;Alternativa 1;385169,5435
JPN;Textiles and Textile Products;17t18;producao_bruta_pm;Alternativa 1;38151,37465
JPN;Leather, Leather and Footwear;19;producao_bruta_pm;Alternativa 1;3937,24461
JPN;Wood and Products of Wood and Cork;20;producao_bruta_pm;Alternativa 1;39749,91275
JPN;Pulp, Paper, Paper , Printing and Publishing;21t22;producao_bruta_pm;Alternativa 1;122858,6113
JPN;Coke, Refined Petroleum and Nuclear Fuel;23;producao_bruta_pm;Alternativa 1;174930,246
JPN;Chemicals and Chemical Products;24;producao_bruta_pm;Alternativa 1;278737,8438
JPN;Rubber and Plastics;25;producao_bruta_pm;Alternativa 1;138804,7005
JPN;Other Non-Metallic Mineral;26;producao_bruta_pm;Alternativa 1;63667,98985
JPN;Basic Metals and Fabricated Metal;27t28;producao_bruta_pm;Alternativa 1;511541,7381
JPN;Machinery, Nec;29;producao_bruta_pm;Alternativa 1;209125,7497
JPN;Electrical and Optical Equipment;30t33;producao_bruta_pm;Alternativa 1;361112,305
JPN;Transport Equipment;34t35;producao_bruta_pm;Alternativa 1;424883,1364
JPN;"Manufacturing, Nec; Recycling";36t37;producao_bruta_pm;Alternativa 1;34443,21256
JPN;Electricity, Gas and Water Supply;E;producao_bruta_pm;Alternativa 1;263040,0574
JPN;Construction;F;producao_bruta_pm;Alternativa 1;652374,4106
JPN;"Sale, Maintenance and Repair of Motor Vehicles and Motorcycles; Retail Sale of Fuel";50;producao_bruta_pm;Alternativa 1;115261,0384
JPN;Wholesale Trade and Commission Trade, Except of Motor Vehicles and Motorcycles;51;producao_bruta_pm;Alternativa 1;554744,2179
JPN;"Retail Trade, Except of Motor Vehicles and Motorcycles; Repair of Household Goods";52;producao_bruta_pm;Alternativa 1;302103,922
JPN;Hotels and Restaurants;H;producao_bruta_pm;Alternativa 1;301093,4191
JPN;Inland Transport;60;producao_bruta_pm;Alternativa 1;218249,3173
JPN;Water Transport;61;producao_bruta_pm;Alternativa 1;74966,8097
JPN;Air Transport;62;producao_bruta_pm;Alternativa 1;35307,24043
JPN;"Other Supporting and Auxiliary Transport Activities; Activities of Travel Agencies";63;producao_bruta_pm;Alternativa 1;65435,48192
JPN;Post and Telecommunications;64;producao_bruta_pm;Alternativa 1;169981,4073
JPN;Financial Intermediation;J;producao_bruta_pm;Alternativa 1;423789,3415
JPN;Real Estate Activities;70;producao_bruta_pm;Alternativa 1;738948,4791
JPN;Renting of M&Eq and Other Business Activities;71t74;producao_bruta_pm;Alternativa 1;782674,1656
JPN;"Public Admin and Defence; Compulsory Social Security";L;producao_bruta_pm;Alternativa 1;633847,5668
JPN;Education;M;producao_bruta_pm;Alternativa 1;228880,6355
JPN;Health and Social Work;N;producao_bruta_pm;Alternativa 1;453977,952
JPN;Other Community, Social and Personal Services;O;producao_bruta_pm;Alternativa 1;421757,2071
JPN;Private Households with Employed Persons;P;producao_bruta_pm;Alternativa 1;0
MEX;Agriculture, Hunting, Forestry and Fishing;AtB;producao_bruta_pm;Alternativa 1;52523,02392
MEX;Mining and Quarrying;C;producao_bruta_pm;Alternativa 1;80249,24839
MEX;Food, Beverages and Tobacco;15t16;producao_bruta_pm;Alternativa 1;115635,5472
MEX;Textiles and Textile Products;17t18;producao_bruta_pm;Alternativa 1;14379,71242
MEX;Leather, Leather and Footwear;19;producao_bruta_pm;Alternativa 1;4510,47216
MEX;Wood and Products of Wood and Cork;20;producao_bruta_pm;Alternativa 1;3588,19973
MEX;Pulp, Paper, Paper , Printing and Publishing;21t22;producao_bruta_pm;Alternativa 1;17293,50055
MEX;Coke, Refined Petroleum and Nuclear Fuel;23;producao_bruta_pm;Alternativa 1;39495,1875
MEX;Chemicals and Chemical Products;24;producao_bruta_pm;Alternativa 1;45286,93625
MEX;Rubber and Plastics;25;producao_bruta_pm;Alternativa 1;12030,04202
MEX;Other Non-Metallic Mineral;26;producao_bruta_pm;Alternativa 1;16155,73147
MEX;Basic Metals and Fabricated Metal;27t28;producao_bruta_pm;Alternativa 1;46327,03667
MEX;Machinery, Nec;29;producao_bruta_pm;Alternativa 1;9671,96947
MEX;Electrical and Optical Equipment;30t33;producao_bruta_pm;Alternativa 1;70420,3355
MEX;Transport Equipment;34t35;producao_bruta_pm;Alternativa 1;61749,77144
MEX;"Manufacturing, Nec; Recycling";36t37;producao_bruta_pm;Alternativa 1;14305,49795
MEX;Electricity, Gas and Water Supply;E;producao_bruta_pm;Alternativa 1;29263,70612
MEX;Construction;F;producao_bruta_pm;Alternativa 1;122690,4452
MEX;"Sale, Maintenance and Repair of Motor Vehicles and Motorcycles; Retail Sale of Fuel";50;producao_bruta_pm;Alternativa 1;12669,55549
MEX;Wholesale Trade and Commission Trade, Except of Motor Vehicles and Motorcycles;51;producao_bruta_pm;Alternativa 1;89085,9791
MEX;"Retail Trade, Except of Motor Vehicles and Motorcycles; Repair of Household Goods";52;producao_bruta_pm;Alternativa 1;78373,40427
MEX;Hotels and Restaurants;H;producao_bruta_pm;Alternativa 1;26593,5789
MEX;Inland Transport;60;producao_bruta_pm;Alternativa 1;71912,324
MEX;Water Transport;61;producao_bruta_pm;Alternativa 1;998,4043
MEX;Air Transport;62;producao_bruta_pm;Alternativa 1;6756,0782
MEX;"Other Supporting and Auxiliary Transport Activities; Activities of Travel Agencies";63;producao_bruta_pm;Alternativa 1;9186,12599
MEX;Post and Telecommunications;64;producao_bruta_pm;Alternativa 1;39017,83938
MEX;Financial Intermediation;J;producao_bruta_pm;Alternativa 1;58952,88135
MEX;Real Estate Activities;70;producao_bruta_pm;Alternativa 1;87577,46196
MEX;Renting of M&Eq and Other Business Activities;71t74;producao_bruta_pm;Alternativa 1;74352,12024
MEX;"Public Admin and Defence; Compulsory Social Security";L;producao_bruta_pm;Alternativa 1;52647,25283
MEX;Education;M;producao_bruta_pm;Alternativa 1;49265,10589
MEX;Health and Social Work;N;producao_bruta_pm;Alternativa 1;35257,22437
MEX;Other Community, Social and Personal Services;O;producao_bruta_pm;Alternativa 1;19412,93841
MEX;Private Households with Employed Persons;P;producao_bruta_pm;Alternativa 1;4127,26536
USA;Agriculture, Hunting, Forestry and Fishing;AtB;producao_bruta_pm;Alternativa 1;342488
USA;Mining and Quarrying;C;producao_bruta_pm;Alternativa 1;349301
USA;Food, Beverages and Tobacco;15t16;producao_bruta_pm;Alternativa 1;776070
USA;Textiles and Textile Products;17t18;producao_bruta_pm;Alternativa 1;59335,94141
USA;Leather, Leather and Footwear;19;producao_bruta_pm;Alternativa 1;2735,05664
USA;Wood and Products of Wood and Cork;20;producao_bruta_pm;Alternativa 1;78755
USA;Pulp, Paper, Paper , Printing and Publishing;21t22;producao_bruta_pm;Alternativa 1;425812,25
USA;Coke, Refined Petroleum and Nuclear Fuel;23;producao_bruta_pm;Alternativa 1;473610
USA;Chemicals and Chemical Products;24;producao_bruta_pm;Alternativa 1;600707
USA;Rubber and Plastics;25;producao_bruta_pm;Alternativa 1;167664
USA;Other Non-Metallic Mineral;26;producao_bruta_pm;Alternativa 1;91550
USA;Basic Metals and Fabricated Metal;27t28;producao_bruta_pm;Alternativa 1;479242
USA;Machinery, Nec;29;producao_bruta_pm;Alternativa 1;277200,7188
USA;Electrical and Optical Equipment;30t33;producao_bruta_pm;Alternativa 1;483731,7813
USA;Transport Equipment;34t35;producao_bruta_pm;Alternativa 1;590906
USA;"Manufacturing, Nec; Recycling";36t37;producao_bruta_pm;Alternativa 1;137914,2031
USA;Electricity, Gas and Water Supply;E;producao_bruta_pm;Alternativa 1;387527
USA;Construction;F;producao_bruta_pm;Alternativa 1;1155286
USA;"Sale, Maintenance and Repair of Motor Vehicles and Motorcycles; Retail Sale of Fuel";50;producao_bruta_pm;Alternativa 1;210375,7031
USA;Wholesale Trade and Commission Trade, Except of Motor Vehicles and Motorcycles;51;producao_bruta_pm;Alternativa 1;1008868
USA;"Retail Trade, Except of Motor Vehicles and Motorcycles; Repair of Household Goods";52;producao_bruta_pm;Alternativa 1;1183829,75
USA;Hotels and Restaurants;H;producao_bruta_pm;Alternativa 1;761985
USA;Inland Transport;60;producao_bruta_pm;Alternativa 1;340795
USA;Water Transport;61;producao_bruta_pm;Alternativa 1;33753
USA;Air Transport;62;producao_bruta_pm;Alternativa 1;133026
USA;"Other Supporting and Auxiliary Transport Activities; Activities of Travel Agencies";63;producao_bruta_pm;Alternativa 1;196145
USA;Post and Telecommunications;64;producao_bruta_pm;Alternativa 1;618645,3125
USA;Financial Intermediation;J;producao_bruta_pm;Alternativa 1;2429350,5
USA;Real Estate Activities;70;producao_bruta_pm;Alternativa 1;2302772
USA;Renting of M&Eq and Other Business Activities;71t74;producao_bruta_pm;Alternativa 1;2868854,75
USA;"Public Admin and Defence; Compulsory Social Security";L;producao_bruta_pm;Alternativa 1;2946823
USA;Education;M;producao_bruta_pm;Alternativa 1;223871
USA;Health and Social Work;N;producao_bruta_pm;Alternativa 1;1687379
USA;Other Community, Social and Personal Services;O;producao_bruta_pm;Alternativa 1;958630,4375
USA;Private Households with Employed Persons;P;producao_bruta_pm;Alternativa 1;17959,80469
BRA;Agriculture, Hunting, Forestry and Fishing;AtB;producao_bruta_pd;Alternativa 1;522972,2035
BRA;Mining and Quarrying;C;producao_bruta_pd;Alternativa 1;27361,40195
BRA;Food, Beverages and Tobacco;15t16;producao_bruta_pd;Alternativa 1;390855,2391
BRA;Textiles and Textile Products;17t18;producao_bruta_pd;Alternativa 1;121341,824
BRA;Leather, Leather and Footwear;19;producao_bruta_pd;Alternativa 1;26084,70693
BRA;Wood and Products of Wood and Cork;20;producao_bruta_pd;Alternativa 1;25088,06676
BRA;Pulp, Paper, Paper , Printing and Publishing;21t22;producao_bruta_pd;Alternativa 1;55489,76081
BRA;Coke, Refined Petroleum and Nuclear Fuel;23;producao_bruta_pd;Alternativa 1;64402,62042
BRA;Chemicals and Chemical Products;24;producao_bruta_pd;Alternativa 1;52229,67596
BRA;Rubber and Plastics;25;producao_bruta_pd;Alternativa 1;24843,49809
BRA;Other Non-Metallic Mineral;26;producao_bruta_pd;Alternativa 1;27728,95483
BRA;Basic Metals and Fabricated Metal;27t28;producao_bruta_pd;Alternativa 1;63956,77112
BRA;Machinery, Nec;29;producao_bruta_pd;Alternativa 1;37010,69548
BRA;Electrical and Optical Equipment;30t33;producao_bruta_pd;Alternativa 1;36640,97684
BRA;Transport Equipment;34t35;producao_bruta_pd;Alternativa 1;60521,0939
BRA;"Manufacturing, Nec; Recycling";36t37;producao_bruta_pd;Alternativa 1;39240,09076
BRA;Electricity, Gas and Water Supply;E;producao_bruta_pd;Alternativa 1;32752,45448
BRA;Construction;F;producao_bruta_pd;Alternativa 1;255052,4562
BRA;"Sale, Maintenance and Repair of Motor Vehicles and Motorcycles; Retail Sale of Fuel";50;producao_bruta_pd;Alternativa 1;0
BRA;Wholesale Trade and Commission Trade, Except of Motor Vehicles and Motorcycles;51;producao_bruta_pd;Alternativa 1;0
BRA;"Retail Trade, Except of Motor Vehicles and Motorcycles; Repair of Household Goods";52;producao_bruta_pd;Alternativa 1;0
BRA;Hotels and Restaurants;H;producao_bruta_pd;Alternativa 1;0
BRA;Inland Transport;60;producao_bruta_pd;Alternativa 1;106978,3765
BRA;Water Transport;61;producao_bruta_pd;Alternativa 1;2800,569062
BRA;Air Transport;62;producao_bruta_pd;Alternativa 1;4555,822639
BRA;"Other Supporting and Auxiliary Transport Activities; Activities of Travel Agencies";63;producao_bruta_pd;Alternativa 1;0
BRA;Post and Telecommunications;64;producao_bruta_pd;Alternativa 1;0
BRA;Financial Intermediation;J;producao_bruta_pd;Alternativa 1;0
BRA;Real Estate Activities;70;producao_bruta_pd;Alternativa 1;0
BRA;Renting of M&Eq and Other Business Activities;71t74;producao_bruta_pd;Alternativa 1;0
BRA;"Public Admin and Defence; Compulsory Social Security";L;producao_bruta_pd;Alternativa 1;0
BRA;Education;M;producao_bruta_pd;Alternativa 1;155535,0788
BRA;Health and Social Work;N;producao_bruta_pd;Alternativa 1;103610,6035
BRA;Other Community, Social and Personal Services;O;producao_bruta_pd;Alternativa 1;0
BRA;Private Households with Employed Persons;P;producao_bruta_pd;Alternativa 1;0
JPN;Agriculture, Hunting, Forestry and Fishing;AtB;producao_bruta_pd;Alternativa 1;134256,1175
JPN;Mining and Quarrying;C;producao_bruta_pd;Alternativa 1;15866,47646
JPN;Food, Beverages and Tobacco;15t16;producao_bruta_pd;Alternativa 1;229915,4797
JPN;Textiles and Textile Products;17t18;producao_bruta_pd;Alternativa 1;27857,43225
JPN;Leather, Leather and Footwear;19;producao_bruta_pd;Alternativa 1;2292,792051
JPN;Wood and Products of Wood and Cork;20;producao_bruta_pd;Alternativa 1;29829,19521
JPN;Pulp, Paper, Paper , Printing and Publishing;21t22;producao_bruta_pd;Alternativa 1;52277,49464
JPN;Coke, Refined Petroleum and Nuclear Fuel;23;producao_bruta_pd;Alternativa 1;87972,8912
JPN;Chemicals and Chemical Products;24;producao_bruta_pd;Alternativa 1;78703,03937
JPN;Rubber and Plastics;25;producao_bruta_pd;Alternativa 1;57213,87026
JPN;Other Non-Metallic Mineral;26;producao_bruta_pd;Alternativa 1;26408,84462
JPN;Basic Metals and Fabricated Metal;27t28;producao_bruta_pd;Alternativa 1;190673,8572
JPN;Machinery, Nec;29;producao_bruta_pd;Alternativa 1;77439,61401
JPN;Electrical and Optical Equipment;30t33;producao_bruta_pd;Alternativa 1;132057,7897
JPN;Transport Equipment;34t35;producao_bruta_pd;Alternativa 1;149241,0372
JPN;"Manufacturing, Nec; Recycling";36t37;producao_bruta_pd;Alternativa 1;17521,19659
JPN;Electricity, Gas and Water Supply;E;producao_bruta_pd;Alternativa 1;79022,61755
JPN;Construction;F;producao_bruta_pd;Alternativa 1;270372,2463
JPN;"Sale, Maintenance and Repair of Motor Vehicles and Motorcycles; Retail Sale of Fuel";50;producao_bruta_pd;Alternativa 1;0
JPN;Wholesale Trade and Commission Trade, Except of Motor Vehicles and Motorcycles;51;producao_bruta_pd;Alternativa 1;0
JPN;"Retail Trade, Except of Motor Vehicles and Motorcycles; Repair of Household Goods";52;producao_bruta_pd;Alternativa 1;0
JPN;Hotels and Restaurants;H;producao_bruta_pd;Alternativa 1;0
JPN;Inland Transport;60;producao_bruta_pd;Alternativa 1;100537,3289
JPN;Water Transport;61;producao_bruta_pd;Alternativa 1;24899,17033
JPN;Air Transport;62;producao_bruta_pd;Alternativa 1;7458,733701
JPN;"Other Supporting and Auxiliary Transport Activities; Activities of Travel Agencies";63;producao_bruta_pd;Alternativa 1;0
JPN;Post and Telecommunications;64;producao_bruta_pd;Alternativa 1;0
JPN;Financial Intermediation;J;producao_bruta_pd;Alternativa 1;0
JPN;Real Estate Activities;70;producao_bruta_pd;Alternativa 1;0
JPN;Renting of M&Eq and Other Business Activities;71t74;producao_bruta_pd;Alternativa 1;0
JPN;"Public Admin and Defence; Compulsory Social Security";L;producao_bruta_pd;Alternativa 1;0
JPN;Education;M;producao_bruta_pd;Alternativa 1;58025,11154
JPN;Health and Social Work;N;producao_bruta_pd;Alternativa 1;203979,4219
JPN;Other Community, Social and Personal Services;O;producao_bruta_pd;Alternativa 1;0
JPN;Private Households with Employed Persons;P;producao_bruta_pd;Alternativa 1;0
MEX;Agriculture, Hunting, Forestry and Fishing;AtB;producao_bruta_pd;Alternativa 1;238245,0954
MEX;Mining and Quarrying;C;producao_bruta_pd;Alternativa 1;14298,03452
MEX;Food, Beverages and Tobacco;15t16;producao_bruta_pd;Alternativa 1;178215,0692
MEX;Textiles and Textile Products;17t18;producao_bruta_pd;Alternativa 1;43809,39615
MEX;Leather, Leather and Footwear;19;producao_bruta_pd;Alternativa 1;7833,968977
MEX;Wood and Products of Wood and Cork;20;producao_bruta_pd;Alternativa 1;7955,034741
MEX;Pulp, Paper, Paper , Printing and Publishing;21t22;producao_bruta_pd;Alternativa 1;17215,14695
MEX;Coke, Refined Petroleum and Nuclear Fuel;23;producao_bruta_pd;Alternativa 1;9463,012949
MEX;Chemicals and Chemical Products;24;producao_bruta_pd;Alternativa 1;22203,57941
MEX;Rubber and Plastics;25;producao_bruta_pd;Alternativa 1;14713,56836
MEX;Other Non-Metallic Mineral;26;producao_bruta_pd;Alternativa 1;13675,44671
MEX;Basic Metals and Fabricated Metal;27t28;producao_bruta_pd;Alternativa 1;26735,43047
MEX;Machinery, Nec;29;producao_bruta_pd;Alternativa 1;12259,10607
MEX;Electrical and Optical Equipment;30t33;producao_bruta_pd;Alternativa 1;73004,88692
MEX;Transport Equipment;34t35;producao_bruta_pd;Alternativa 1;49472,78608
MEX;"Manufacturing, Nec; Recycling";36t37;producao_bruta_pd;Alternativa 1;22172,42387
MEX;Electricity, Gas and Water Supply;E;producao_bruta_pd;Alternativa 1;17224,30228
MEX;Construction;F;producao_bruta_pd;Alternativa 1;189876,0673
MEX;"Sale, Maintenance and Repair of Motor Vehicles and Motorcycles; Retail Sale of Fuel";50;producao_bruta_pd;Alternativa 1;0
MEX;Wholesale Trade and Commission Trade, Except of Motor Vehicles and Motorcycles;51;producao_bruta_pd;Alternativa 1;0
MEX;"Retail Trade, Except of Motor Vehicles and Motorcycles; Repair of Household Goods";52;producao_bruta_pd;Alternativa 1;0
MEX;Hotels and Restaurants;H;producao_bruta_pd;Alternativa 1;0
MEX;Inland Transport;60;producao_bruta_pd;Alternativa 1;71589,29309
MEX;Water Transport;61;producao_bruta_pd;Alternativa 1;2501,651846
MEX;Air Transport;62;producao_bruta_pd;Alternativa 1;5472,048976
MEX;"Other Supporting and Auxiliary Transport Activities; Activities of Travel Agencies";63;producao_bruta_pd;Alternativa 1;0
MEX;Post and Telecommunications;64;producao_bruta_pd;Alternativa 1;0
MEX;Financial Intermediation;J;producao_bruta_pd;Alternativa 1;0
MEX;Real Estate Activities;70;producao_bruta_pd;Alternativa 1;0
MEX;Renting of M&Eq and Other Business Activities;71t74;producao_bruta_pd;Alternativa 1;0
MEX;"Public Admin and Defence; Compulsory Social Security";L;producao_bruta_pd;Alternativa 1;0
MEX;Education;M;producao_bruta_pd;Alternativa 1;97813,15975
MEX;Health and Social Work;N;producao_bruta_pd;Alternativa 1;37046,43222
MEX;Other Community, Social and Personal Services;O;producao_bruta_pd;Alternativa 1;0
MEX;Private Households with Employed Persons;P;producao_bruta_pd;Alternativa 1;0
USA;Agriculture, Hunting, Forestry and Fishing;AtB;producao_bruta_pd;Alternativa 1;211933,9845
USA;Mining and Quarrying;C;producao_bruta_pd;Alternativa 1;89500,58804
USA;Food, Beverages and Tobacco;15t16;producao_bruta_pd;Alternativa 1;493133,1196
USA;Textiles and Textile Products;17t18;producao_bruta_pd;Alternativa 1;35051,80108
USA;Leather, Leather and Footwear;19;producao_bruta_pd;Alternativa 1;2578,958812
USA;Wood and Products of Wood and Cork;20;producao_bruta_pd;Alternativa 1;40644,0299
USA;Pulp, Paper, Paper , Printing and Publishing;21t22;producao_bruta_pd;Alternativa 1;101082,0738
USA;Coke, Refined Petroleum and Nuclear Fuel;23;producao_bruta_pd;Alternativa 1;200363,1305
USA;Chemicals and Chemical Products;24;producao_bruta_pd;Alternativa 1;130678,5882
USA;Rubber and Plastics;25;producao_bruta_pd;Alternativa 1;54669,75192
USA;Other Non-Metallic Mineral;26;producao_bruta_pd;Alternativa 1;26397,11381
USA;Basic Metals and Fabricated Metal;27t28;producao_bruta_pd;Alternativa 1;138723,254
USA;Machinery, Nec;29;producao_bruta_pd;Alternativa 1;84130,88224
USA;Electrical and Optical Equipment;30t33;producao_bruta_pd;Alternativa 1;124693,8442
USA;Transport Equipment;34t35;producao_bruta_pd;Alternativa 1;180602,872
USA;"Manufacturing, Nec; Recycling";36t37;producao_bruta_pd;Alternativa 1;53566,92404
USA;Electricity, Gas and Water Supply;E;producao_bruta_pd;Alternativa 1;97346,64654
USA;Construction;F;producao_bruta_pd;Alternativa 1;357924,1784
USA;"Sale, Maintenance and Repair of Motor Vehicles and Motorcycles; Retail Sale of Fuel";50;producao_bruta_pd;Alternativa 1;0
USA;Wholesale Trade and Commission Trade, Except of Motor Vehicles and Motorcycles;51;producao_bruta_pd;Alternativa 1;0
USA;"Retail Trade, Except of Motor Vehicles and Motorcycles; Repair of Household Goods";52;producao_bruta_pd;Alternativa 1;0
USA;Hotels and Restaurants;H;producao_bruta_pd;Alternativa 1;0
USA;Inland Transport;60;producao_bruta_pd;Alternativa 1;100310,8586
USA;Water Transport;61;producao_bruta_pd;Alternativa 1;6780,232245
USA;Air Transport;62;producao_bruta_pd;Alternativa 1;25755,87176
USA;"Other Supporting and Auxiliary Transport Activities; Activities of Travel Agencies";63;producao_bruta_pd;Alternativa 1;0
USA;Post and Telecommunications;64;producao_bruta_pd;Alternativa 1;0
USA;Financial Intermediation;J;producao_bruta_pd;Alternativa 1;0
USA;Real Estate Activities;70;producao_bruta_pd;Alternativa 1;0
USA;Renting of M&Eq and Other Business Activities;71t74;producao_bruta_pd;Alternativa 1;0
USA;"Public Admin and Defence; Compulsory Social Security";L;producao_bruta_pd;Alternativa 1;0
USA;Education;M;producao_bruta_pd;Alternativa 1;104441,3102
USA;Health and Social Work;N;producao_bruta_pd;Alternativa 1;534321,2329
USA;Other Community, Social and Personal Services;O;producao_bruta_pd;Alternativa 1;0
USA;Private Households with Employed Persons;P;producao_bruta_pd;Alternativa 1;0
BRA;Agriculture, Hunting, Forestry and Fishing;AtB;PIB_pm;Alternativa 1;78638,48285
BRA;Mining and Quarrying;C;PIB_pm;Alternativa 1;25539,80186
BRA;Food, Beverages and Tobacco;15t16;PIB_pm;Alternativa 1;34598,39173
BRA;Textiles and Textile Products;17t18;PIB_pm;Alternativa 1;16542,72959
BRA;Leather, Leather and Footwear;19;PIB_pm;Alternativa 1;4229,20914
BRA;Wood and Products of Wood and Cork;20;PIB_pm;Alternativa 1;3955,13078
BRA;Pulp, Paper, Paper , Printing and Publishing;21t22;PIB_pm;Alternativa 1;16569,73731
BRA;Coke, Refined Petroleum and Nuclear Fuel;23;PIB_pm;Alternativa 1;19328,52605
BRA;Chemicals and Chemical Products;24;PIB_pm;Alternativa 1;27662,40872
BRA;Rubber and Plastics;25;PIB_pm;Alternativa 1;9668,76431
BRA;Other Non-Metallic Mineral;26;PIB_pm;Alternativa 1;9526,22356
BRA;Basic Metals and Fabricated Metal;27t28;PIB_pm;Alternativa 1;30052,59208
BRA;Machinery, Nec;29;PIB_pm;Alternativa 1;15182,84079
BRA;Electrical and Optical Equipment;30t33;PIB_pm;Alternativa 1;15280,36868
BRA;Transport Equipment;34t35;PIB_pm;Alternativa 1;20542,37309
BRA;"Manufacturing, Nec; Recycling";36t37;PIB_pm;Alternativa 1;9559,233
BRA;Electricity, Gas and Water Supply;E;PIB_pm;Alternativa 1;43305,88121
BRA;Construction;F;PIB_pm;Alternativa 1;73412,48873
BRA;"Sale, Maintenance and Repair of Motor Vehicles and Motorcycles; Retail Sale of Fuel";50;PIB_pm;Alternativa 1;19154,80256
BRA;Wholesale Trade and Commission Trade, Except of Motor Vehicles and Motorcycles;51;PIB_pm;Alternativa 1;62355,19071
BRA;"Retail Trade, Except of Motor Vehicles and Motorcycles; Repair of Household Goods";52;PIB_pm;Alternativa 1;93070,42146
BRA;Hotels and Restaurants;H;PIB_pm;Alternativa 1;27211,27974
BRA;Inland Transport;60;PIB_pm;Alternativa 1;41561,14801
BRA;Water Transport;61;PIB_pm;Alternativa 1;2336,5755
BRA;Air Transport;62;PIB_pm;Alternativa 1;3731,31215
BRA;"Other Supporting and Auxiliary Transport Activities; Activities of Travel Agencies";63;PIB_pm;Alternativa 1;19703,20935
BRA;Post and Telecommunications;64;PIB_pm;Alternativa 1;28566,87434
BRA;Financial Intermediation;J;PIB_pm;Alternativa 1;101136,9152
BRA;Real Estate Activities;70;PIB_pm;Alternativa 1;116911,9253
BRA;Renting of M&Eq and Other Business Activities;71t74;PIB_pm;Alternativa 1;98494,54253
BRA;"Public Admin and Defence; Compulsory Social Security";L;PIB_pm;Alternativa 1;142922,3617
BRA;Education;M;PIB_pm;Alternativa 1;72313,67458
BRA;Health and Social Work;N;PIB_pm;Alternativa 1;56835,24927
BRA;Other Community, Social and Personal Services;O;PIB_pm;Alternativa 1;57688,40725
BRA;Private Households with Employed Persons;P;PIB_pm;Alternativa 1;0
JPN;Agriculture, Hunting, Forestry and Fishing;AtB;PIB_pm;Alternativa 1;66207,37132
JPN;Mining and Quarrying;C;PIB_pm;Alternativa 1;5655,42288
JPN;Food, Beverages and Tobacco;15t16;PIB_pm;Alternativa 1;141247,6125
JPN;Textiles and Textile Products;17t18;PIB_pm;Alternativa 1;14194,98343
JPN;Leather, Leather and Footwear;19;PIB_pm;Alternativa 1;1230,09633
JPN;Wood and Products of Wood and Cork;20;PIB_pm;Alternativa 1;12336,06714
JPN;Pulp, Paper, Paper , Printing and Publishing;21t22;PIB_pm;Alternativa 1;54723,90536
JPN;Coke, Refined Petroleum and Nuclear Fuel;23;PIB_pm;Alternativa 1;61877,74873
JPN;Chemicals and Chemical Products;24;PIB_pm;Alternativa 1;77943,59678
JPN;Rubber and Plastics;25;PIB_pm;Alternativa 1;33605,80728
JPN;Other Non-Metallic Mineral;26;PIB_pm;Alternativa 1;20423,76652
JPN;Basic Metals and Fabricated Metal;27t28;PIB_pm;Alternativa 1;137402,6164
JPN;Machinery, Nec;29;PIB_pm;Alternativa 1;73584,24847
JPN;Electrical and Optical Equipment;30t33;PIB_pm;Alternativa 1;113897,7005
JPN;Transport Equipment;34t35;PIB_pm;Alternativa 1;101144,0328
JPN;"Manufacturing, Nec; Recycling";36t37;PIB_pm;Alternativa 1;7236,5929
JPN;Electricity, Gas and Water Supply;E;PIB_pm;Alternativa 1;112805,8745
JPN;Construction;F;PIB_pm;Alternativa 1;298325,8034
JPN;"Sale, Maintenance and Repair of Motor Vehicles and Motorcycles; Retail Sale of Fuel";50;PIB_pm;Alternativa 1;50140,69399
JPN;Wholesale Trade and Commission Trade, Except of Motor Vehicles and Motorcycles;51;PIB_pm;Alternativa 1;381043,3836
JPN;"Retail Trade, Except of Motor Vehicles and Motorcycles; Repair of Household Goods";52;PIB_pm;Alternativa 1;215027,2985
JPN;Hotels and Restaurants;H;PIB_pm;Alternativa 1;143854,123
JPN;Inland Transport;60;PIB_pm;Alternativa 1;136394,4568
JPN;Water Transport;61;PIB_pm;Alternativa 1;25450,44125
JPN;Air Transport;62;PIB_pm;Alternativa 1;15086,94336
JPN;"Other Supporting and Auxiliary Transport Activities; Activities of Travel Agencies";63;PIB_pm;Alternativa 1;38114,05968
JPN;Post and Telecommunications;64;PIB_pm;Alternativa 1;109692,2079
JPN;Financial Intermediation;J;PIB_pm;Alternativa 1;258315,895
JPN;Real Estate Activities;70;PIB_pm;Alternativa 1;640081,4486
JPN;Renting of M&Eq and Other Business Activities;71t74;PIB_pm;Alternativa 1;399104,0752
JPN;"Public Admin and Defence; Compulsory Social Security";L;PIB_pm;Alternativa 1;437871,3675
JPN;Education;M;PIB_pm;Alternativa 1;199116,6811
JPN;Health and Social Work;N;PIB_pm;Alternativa 1;278648,046
JPN;Other Community, Social and Personal Services;O;PIB_pm;Alternativa 1;253423,6935
JPN;Private Households with Employed Persons;P;PIB_pm;Alternativa 1;0
MEX;Agriculture, Hunting, Forestry and Fishing;AtB;PIB_pm;Alternativa 1;29651,47851
MEX;Mining and Quarrying;C;PIB_pm;Alternativa 1;65745,51204
MEX;Food, Beverages and Tobacco;15t16;PIB_pm;Alternativa 1;43753,13046
MEX;Textiles and Textile Products;17t18;PIB_pm;Alternativa 1;5160,43301
MEX;Leather, Leather and Footwear;19;PIB_pm;Alternativa 1;1625,21641
MEX;Wood and Products of Wood and Cork;20;PIB_pm;Alternativa 1;1554,71733
MEX;Pulp, Paper, Paper , Printing and Publishing;21t22;PIB_pm;Alternativa 1;7628,42014
MEX;Coke, Refined Petroleum and Nuclear Fuel;23;PIB_pm;Alternativa 1;6252,49062
MEX;Chemicals and Chemical Products;24;PIB_pm;Alternativa 1;13447,99671
MEX;Rubber and Plastics;25;PIB_pm;Alternativa 1;3697,47707
MEX;Other Non-Metallic Mineral;26;PIB_pm;Alternativa 1;8483,4627
MEX;Basic Metals and Fabricated Metal;27t28;PIB_pm;Alternativa 1;16295,52085
MEX;Machinery, Nec;29;PIB_pm;Alternativa 1;3456,23344
MEX;Electrical and Optical Equipment;30t33;PIB_pm;Alternativa 1;10251,43457
MEX;Transport Equipment;34t35;PIB_pm;Alternativa 1;18673,28833
MEX;"Manufacturing, Nec; Recycling";36t37;PIB_pm;Alternativa 1;4992,53728
MEX;Electricity, Gas and Water Supply;E;PIB_pm;Alternativa 1;9879,61178
MEX;Construction;F;PIB_pm;Alternativa 1;59098,73926
MEX;"Sale, Maintenance and Repair of Motor Vehicles and Motorcycles; Retail Sale of Fuel";50;PIB_pm;Alternativa 1;8136,94129
MEX;Wholesale Trade and Commission Trade, Except of Motor Vehicles and Motorcycles;51;PIB_pm;Alternativa 1;66549,41215
MEX;"Retail Trade, Except of Motor Vehicles and Motorcycles; Repair of Household Goods";52;PIB_pm;Alternativa 1;59912,53432
MEX;Hotels and Restaurants;H;PIB_pm;Alternativa 1;19240,54688
MEX;Inland Transport;60;PIB_pm;Alternativa 1;45821,41197
MEX;Water Transport;61;PIB_pm;Alternativa 1;487,10858
MEX;Air Transport;62;PIB_pm;Alternativa 1;1895,8202
MEX;"Other Supporting and Auxiliary Transport Activities; Activities of Travel Agencies";63;PIB_pm;Alternativa 1;6621,88542
MEX;Post and Telecommunications;64;PIB_pm;Alternativa 1;24235,21451
MEX;Financial Intermediation;J;PIB_pm;Alternativa 1;40262,37529
MEX;Real Estate Activities;70;PIB_pm;Alternativa 1;79779,59944
MEX;Renting of M&Eq and Other Business Activities;71t74;PIB_pm;Alternativa 1;53926,49983
MEX;"Public Admin and Defence; Compulsory Social Security";L;PIB_pm;Alternativa 1;36870,94951
MEX;Education;M;PIB_pm;Alternativa 1;43403,81915
MEX;Health and Social Work;N;PIB_pm;Alternativa 1;25906,13211
MEX;Other Community, Social and Personal Services;O;PIB_pm;Alternativa 1;13676,18054
MEX;Private Households with Employed Persons;P;PIB_pm;Alternativa 1;4082,55827
USA;Agriculture, Hunting, Forestry and Fishing;AtB;PIB_pm;Alternativa 1;134069
USA;Mining and Quarrying;C;PIB_pm;Alternativa 1;240596
USA;Food, Beverages and Tobacco;15t16;PIB_pm;Alternativa 1;207022
USA;Textiles and Textile Products;17t18;PIB_pm;Alternativa 1;25951,11133
USA;Leather, Leather and Footwear;19;PIB_pm;Alternativa 1;1321,88782
USA;Wood and Products of Wood and Cork;20;PIB_pm;Alternativa 1;20415
USA;Pulp, Paper, Paper , Printing and Publishing;21t22;PIB_pm;Alternativa 1;164834,9844
USA;Coke, Refined Petroleum and Nuclear Fuel;23;PIB_pm;Alternativa 1;117262
USA;Chemicals and Chemical Products;24;PIB_pm;Alternativa 1;201351
USA;Rubber and Plastics;25;PIB_pm;Alternativa 1;54481
USA;Other Non-Metallic Mineral;26;PIB_pm;Alternativa 1;37252
USA;Basic Metals and Fabricated Metal;27t28;PIB_pm;Alternativa 1;160889
USA;Machinery, Nec;29;PIB_pm;Alternativa 1;116524,0703
USA;Electrical and Optical Equipment;30t33;PIB_pm;Alternativa 1;273393,6563
USA;Transport Equipment;34t35;PIB_pm;Alternativa 1;162487
USA;"Manufacturing, Nec; Recycling";36t37;PIB_pm;Alternativa 1;59248,28516
USA;Electricity, Gas and Water Supply;E;PIB_pm;Alternativa 1;263537
USA;Construction;F;PIB_pm;Alternativa 1;571614
USA;"Sale, Maintenance and Repair of Motor Vehicles and Motorcycles; Retail Sale of Fuel";50;PIB_pm;Alternativa 1;130391,2266
USA;Wholesale Trade and Commission Trade, Except of Motor Vehicles and Motorcycles;51;PIB_pm;Alternativa 1;793022
USA;"Retail Trade, Except of Motor Vehicles and Motorcycles; Repair of Household Goods";52;PIB_pm;Alternativa 1;844077,5625
USA;Hotels and Restaurants;H;PIB_pm;Alternativa 1;415095
USA;Inland Transport;60;PIB_pm;Alternativa 1;173895
USA;Water Transport;61;PIB_pm;Alternativa 1;13891
USA;Air Transport;62;PIB_pm;Alternativa 1;61361
USA;"Other Supporting and Auxiliary Transport Activities; Activities of Travel Agencies";63;PIB_pm;Alternativa 1;134967
USA;Post and Telecommunications;64;PIB_pm;Alternativa 1;368709,7813
USA;Financial Intermediation;J;PIB_pm;Alternativa 1;1287636,875
USA;Real Estate Activities;70;PIB_pm;Alternativa 1;1687387
USA;Renting of M&Eq and Other Business Activities;71t74;PIB_pm;Alternativa 1;1900373,125
USA;"Public Admin and Defence; Compulsory Social Security";L;PIB_pm;Alternativa 1;1777079
USA;Education;M;PIB_pm;Alternativa 1;145190
USA;Health and Social Work;N;PIB_pm;Alternativa 1;1040797
USA;Other Community, Social and Personal Services;O;PIB_pm;Alternativa 1;512898,625
USA;Private Households with Employed Persons;P;PIB_pm;Alternativa 1;17959,80469
BRA;Agriculture, Hunting, Forestry and Fishing;AtB;PIB_pd;Alternativa 1;386950,722
BRA;Mining and Quarrying;C;PIB_pd;Alternativa 1;6831,280571
BRA;Food, Beverages and Tobacco;15t16;PIB_pd;Alternativa 1;66200,47579
BRA;Textiles and Textile Products;17t18;PIB_pd;Alternativa 1;77773,33047
BRA;Leather, Leather and Footwear;19;PIB_pd;Alternativa 1;17020,6231
BRA;Wood and Products of Wood and Cork;20;PIB_pd;Alternativa 1;12586,88666
BRA;Pulp, Paper, Paper , Printing and Publishing;21t22;PIB_pd;Alternativa 1;16411,09733
BRA;Coke, Refined Petroleum and Nuclear Fuel;23;PIB_pd;Alternativa 1;3857,410275
BRA;Chemicals and Chemical Products;24;PIB_pd;Alternativa 1;14235,99254
BRA;Rubber and Plastics;25;PIB_pd;Alternativa 1;12106,85129
BRA;Other Non-Metallic Mineral;26;PIB_pd;Alternativa 1;17517,83843
BRA;Basic Metals and Fabricated Metal;27t28;PIB_pd;Alternativa 1;29717,23616
BRA;Machinery, Nec;29;PIB_pd;Alternativa 1;17684,36472
BRA;Electrical and Optical Equipment;30t33;PIB_pd;Alternativa 1;15036,44765
BRA;Transport Equipment;34t35;PIB_pd;Alternativa 1;16194,22372
BRA;"Manufacturing, Nec; Recycling";36t37;PIB_pd;Alternativa 1;26062,08141
BRA;Electricity, Gas and Water Supply;E;PIB_pd;Alternativa 1;12660,52911
BRA;Construction;F;PIB_pd;Alternativa 1;198926,1156
BRA;"Sale, Maintenance and Repair of Motor Vehicles and Motorcycles; Retail Sale of Fuel";50;PIB_pd;Alternativa 1;0
BRA;Wholesale Trade and Commission Trade, Except of Motor Vehicles and Motorcycles;51;PIB_pd;Alternativa 1;0
BRA;"Retail Trade, Except of Motor Vehicles and Motorcycles; Repair of Household Goods";52;PIB_pd;Alternativa 1;0
BRA;Hotels and Restaurants;H;PIB_pd;Alternativa 1;0
BRA;Inland Transport;60;PIB_pd;Alternativa 1;87330,06925
BRA;Water Transport;61;PIB_pd;Alternativa 1;1637,044021
BRA;Air Transport;62;PIB_pd;Alternativa 1;2726,442327
BRA;"Other Supporting and Auxiliary Transport Activities; Activities of Travel Agencies";63;PIB_pd;Alternativa 1;0
BRA;Post and Telecommunications;64;PIB_pd;Alternativa 1;0
BRA;Financial Intermediation;J;PIB_pd;Alternativa 1;0
BRA;Real Estate Activities;70;PIB_pd;Alternativa 1;0
BRA;Renting of M&Eq and Other Business Activities;71t74;PIB_pd;Alternativa 1;0
BRA;"Public Admin and Defence; Compulsory Social Security";L;PIB_pd;Alternativa 1;0
BRA;Education;M;PIB_pd;Alternativa 1;136175,6404
BRA;Health and Social Work;N;PIB_pd;Alternativa 1;81454,21142
BRA;Other Community, Social and Personal Services;O;PIB_pd;Alternativa 1;0
BRA;Private Households with Employed Persons;P;PIB_pd;Alternativa 1;0
JPN;Agriculture, Hunting, Forestry and Fishing;AtB;PIB_pd;Alternativa 1;64452,99626
JPN;Mining and Quarrying;C;PIB_pd;Alternativa 1;1174,578364
JPN;Food, Beverages and Tobacco;15t16;PIB_pd;Alternativa 1;34662,38923
JPN;Textiles and Textile Products;17t18;PIB_pd;Alternativa 1;11697,57574
JPN;Leather, Leather and Footwear;19;PIB_pd;Alternativa 1;819,2102278
JPN;Wood and Products of Wood and Cork;20;PIB_pd;Alternativa 1;7245,581331
JPN;Pulp, Paper, Paper , Printing and Publishing;21t22;PIB_pd;Alternativa 1;19879,97792
JPN;Coke, Refined Petroleum and Nuclear Fuel;23;PIB_pd;Alternativa 1;388,1624279
JPN;Chemicals and Chemical Products;24;PIB_pd;Alternativa 1;8782,120533
JPN;Rubber and Plastics;25;PIB_pd;Alternativa 1;13606,91963
JPN;Other Non-Metallic Mineral;26;PIB_pd;Alternativa 1;5599,71928
JPN;Basic Metals and Fabricated Metal;27t28;PIB_pd;Alternativa 1;35113,41563
JPN;Machinery, Nec;29;PIB_pd;Alternativa 1;19028,99374
JPN;Electrical and Optical Equipment;30t33;PIB_pd;Alternativa 1;30749,73295
JPN;Transport Equipment;34t35;PIB_pd;Alternativa 1;24750,68856
JPN;"Manufacturing, Nec; Recycling";36t37;PIB_pd;Alternativa 1;4544,859744
JPN;Electricity, Gas and Water Supply;E;PIB_pd;Alternativa 1;10856,97283
JPN;Construction;F;PIB_pd;Alternativa 1;132233,254
JPN;"Sale, Maintenance and Repair of Motor Vehicles and Motorcycles; Retail Sale of Fuel";50;PIB_pd;Alternativa 1;0
JPN;Wholesale Trade and Commission Trade, Except of Motor Vehicles and Motorcycles;51;PIB_pd;Alternativa 1;0
JPN;"Retail Trade, Except of Motor Vehicles and Motorcycles; Repair of Household Goods";52;PIB_pd;Alternativa 1;0
JPN;Hotels and Restaurants;H;PIB_pd;Alternativa 1;0
JPN;Inland Transport;60;PIB_pd;Alternativa 1;64689,747
JPN;Water Transport;61;PIB_pd;Alternativa 1;3186,213624
JPN;Air Transport;62;PIB_pd;Alternativa 1;921,1241069
JPN;"Other Supporting and Auxiliary Transport Activities; Activities of Travel Agencies";63;PIB_pd;Alternativa 1;0
JPN;Post and Telecommunications;64;PIB_pd;Alternativa 1;0
JPN;Financial Intermediation;J;PIB_pd;Alternativa 1;0
JPN;Real Estate Activities;70;PIB_pd;Alternativa 1;0
JPN;Renting of M&Eq and Other Business Activities;71t74;PIB_pd;Alternativa 1;0
JPN;"Public Admin and Defence; Compulsory Social Security";L;PIB_pd;Alternativa 1;0
JPN;Education;M;PIB_pd;Alternativa 1;46579,40735
JPN;Health and Social Work;N;PIB_pd;Alternativa 1;120709,8561
JPN;Other Community, Social and Personal Services;O;PIB_pd;Alternativa 1;0
JPN;Private Households with Employed Persons;P;PIB_pd;Alternativa 1;0
MEX;Agriculture, Hunting, Forestry and Fishing;AtB;PIB_pd;Alternativa 1;181206,7282
MEX;Mining and Quarrying;C;PIB_pd;Alternativa 1;5795,815358
MEX;Food, Beverages and Tobacco;15t16;PIB_pd;Alternativa 1;46567,15257
MEX;Textiles and Textile Products;17t18;PIB_pd;Alternativa 1;28950,60491
MEX;Leather, Leather and Footwear;19;PIB_pd;Alternativa 1;4153,514974
MEX;Wood and Products of Wood and Cork;20;PIB_pd;Alternativa 1;2378,019968
MEX;Pulp, Paper, Paper , Printing and Publishing;21t22;PIB_pd;Alternativa 1;10599,24793
MEX;Coke, Refined Petroleum and Nuclear Fuel;23;PIB_pd;Alternativa 1;1906,898596
MEX;Chemicals and Chemical Products;24;PIB_pd;Alternativa 1;9227,502248
MEX;Rubber and Plastics;25;PIB_pd;Alternativa 1;10043,91526
MEX;Other Non-Metallic Mineral;26;PIB_pd;Alternativa 1;8853,004548
MEX;Basic Metals and Fabricated Metal;27t28;PIB_pd;Alternativa 1;11745,93051
MEX;Machinery, Nec;29;PIB_pd;Alternativa 1;8875,467531
MEX;Electrical and Optical Equipment;30t33;PIB_pd;Alternativa 1;28591,24257
MEX;Transport Equipment;34t35;PIB_pd;Alternativa 1;23801,72005
MEX;"Manufacturing, Nec; Recycling";36t37;PIB_pd;Alternativa 1;14521,90331
MEX;Electricity, Gas and Water Supply;E;PIB_pd;Alternativa 1;6265,384767
MEX;Construction;F;PIB_pd;Alternativa 1;146983,1677
MEX;"Sale, Maintenance and Repair of Motor Vehicles and Motorcycles; Retail Sale of Fuel";50;PIB_pd;Alternativa 1;0
MEX;Wholesale Trade and Commission Trade, Except of Motor Vehicles and Motorcycles;51;PIB_pd;Alternativa 1;0
MEX;"Retail Trade, Except of Motor Vehicles and Motorcycles; Repair of Household Goods";52;PIB_pd;Alternativa 1;0
MEX;Hotels and Restaurants;H;PIB_pd;Alternativa 1;0
MEX;Inland Transport;60;PIB_pd;Alternativa 1;56248,19568
MEX;Water Transport;61;PIB_pd;Alternativa 1;2174,369703
MEX;Air Transport;62;PIB_pd;Alternativa 1;3908,414048
MEX;"Other Supporting and Auxiliary Transport Activities; Activities of Travel Agencies";63;PIB_pd;Alternativa 1;0
MEX;Post and Telecommunications;64;PIB_pd;Alternativa 1;0
MEX;Financial Intermediation;J;PIB_pd;Alternativa 1;0
MEX;Real Estate Activities;70;PIB_pd;Alternativa 1;0
MEX;Renting of M&Eq and Other Business Activities;71t74;PIB_pd;Alternativa 1;0
MEX;"Public Admin and Defence; Compulsory Social Security";L;PIB_pd;Alternativa 1;0
MEX;Education;M;PIB_pd;Alternativa 1;93995,79282
MEX;Health and Social Work;N;PIB_pd;Alternativa 1;30561,80913
MEX;Other Community, Social and Personal Services;O;PIB_pd;Alternativa 1;0
MEX;Private Households with Employed Persons;P;PIB_pd;Alternativa 1;0
USA;Agriculture, Hunting, Forestry and Fishing;AtB;PIB_pd;Alternativa 1;62478,554
USA;Mining and Quarrying;C;PIB_pd;Alternativa 1;23593,40105
USA;Food, Beverages and Tobacco;15t16;PIB_pd;Alternativa 1;48852,1208
USA;Textiles and Textile Products;17t18;PIB_pd;Alternativa 1;15104,82959
USA;Leather, Leather and Footwear;19;PIB_pd;Alternativa 1;888,7220102
USA;Wood and Products of Wood and Cork;20;PIB_pd;Alternativa 1;10032,09996
USA;Pulp, Paper, Paper , Printing and Publishing;21t22;PIB_pd;Alternativa 1;41068,98049
USA;Coke, Refined Petroleum and Nuclear Fuel;23;PIB_pd;Alternativa 1;4025,54476
USA;Chemicals and Chemical Products;24;PIB_pd;Alternativa 1;24092,754
USA;Rubber and Plastics;25;PIB_pd;Alternativa 1;17155,70726
USA;Other Non-Metallic Mineral;26;PIB_pd;Alternativa 1;11336,1166
USA;Basic Metals and Fabricated Metal;27t28;PIB_pd;Alternativa 1;46894,20305
USA;Machinery, Nec;29;PIB_pd;Alternativa 1;30936,05341
USA;Electrical and Optical Equipment;30t33;PIB_pd;Alternativa 1;48308,02454
USA;Transport Equipment;34t35;PIB_pd;Alternativa 1;39047,32002
USA;"Manufacturing, Nec; Recycling";36t37;PIB_pd;Alternativa 1;19783,34266
USA;Electricity, Gas and Water Supply;E;PIB_pd;Alternativa 1;15936,98232
USA;Construction;F;PIB_pd;Alternativa 1;196880,1204
USA;"Sale, Maintenance and Repair of Motor Vehicles and Motorcycles; Retail Sale of Fuel";50;PIB_pd;Alternativa 1;0
USA;Wholesale Trade and Commission Trade, Except of Motor Vehicles and Motorcycles;51;PIB_pd;Alternativa 1;0
USA;"Retail Trade, Except of Motor Vehicles and Motorcycles; Repair of Household Goods";52;PIB_pd;Alternativa 1;0
USA;Hotels and Restaurants;H;PIB_pd;Alternativa 1;0
USA;Inland Transport;60;PIB_pd;Alternativa 1;58246,37144
USA;Water Transport;61;PIB_pd;Alternativa 1;1734,516094
USA;Air Transport;62;PIB_pd;Alternativa 1;9471,328665
USA;"Other Supporting and Auxiliary Transport Activities; Activities of Travel Agencies";63;PIB_pd;Alternativa 1;0
USA;Post and Telecommunications;64;PIB_pd;Alternativa 1;0
USA;Financial Intermediation;J;PIB_pd;Alternativa 1;0
USA;Real Estate Activities;70;PIB_pd;Alternativa 1;0
USA;Renting of M&Eq and Other Business Activities;71t74;PIB_pd;Alternativa 1;0
USA;"Public Admin and Defence; Compulsory Social Security";L;PIB_pd;Alternativa 1;0
USA;Education;M;PIB_pd;Alternativa 1;62984,94061
USA;Health and Social Work;N;PIB_pd;Alternativa 1;404280,979
USA;Other Community, Social and Personal Services;O;PIB_pd;Alternativa 1;0
USA;Private Households with Employed Persons;P;PIB_pd;Alternativa 1;0
BRA;Agriculture, Hunting, Forestry and Fishing;AtB;producao_bruta_pm;Alternativa 2;138263,0296
BRA;Mining and Quarrying;C;producao_bruta_pm;Alternativa 2;65330,67813
BRA;Food, Beverages and Tobacco;15t16;producao_bruta_pm;Alternativa 2;185216,4536
BRA;Textiles and Textile Products;17t18;producao_bruta_pm;Alternativa 2;40968,21287
BRA;Leather, Leather and Footwear;19;producao_bruta_pm;Alternativa 2;12122,96597
BRA;Wood and Products of Wood and Cork;20;producao_bruta_pm;Alternativa 2;9645,25759
BRA;Pulp, Paper, Paper , Printing and Publishing;21t22;producao_bruta_pm;Alternativa 2;41873,97182
BRA;Coke, Refined Petroleum and Nuclear Fuel;23;producao_bruta_pm;Alternativa 2;86299,17305
BRA;Chemicals and Chemical Products;24;producao_bruta_pm;Alternativa 2;98202,57625
BRA;Rubber and Plastics;25;producao_bruta_pm;Alternativa 2;30106,60752
BRA;Other Non-Metallic Mineral;26;producao_bruta_pm;Alternativa 2;26135,97231
BRA;Basic Metals and Fabricated Metal;27t28;producao_bruta_pm;Alternativa 2;84819,24994
BRA;Machinery, Nec;29;producao_bruta_pm;Alternativa 2;49760,72666
BRA;Electrical and Optical Equipment;30t33;producao_bruta_pm;Alternativa 2;54748,15257
BRA;Transport Equipment;34t35;producao_bruta_pm;Alternativa 2;105034,0294
BRA;"Manufacturing, Nec; Recycling";36t37;producao_bruta_pm;Alternativa 2;22202,84782
BRA;Electricity, Gas and Water Supply;E;producao_bruta_pm;Alternativa 2;85358,90422
BRA;Construction;F;producao_bruta_pm;Alternativa 2;142687,2945
BRA;"Sale, Maintenance and Repair of Motor Vehicles and Motorcycles; Retail Sale of Fuel";50;producao_bruta_pm;Alternativa 2;27065,39624
BRA;Wholesale Trade and Commission Trade, Except of Motor Vehicles and Motorcycles;51;producao_bruta_pm;Alternativa 2;88106,77578
BRA;"Retail Trade, Except of Motor Vehicles and Motorcycles; Repair of Household Goods";52;producao_bruta_pm;Alternativa 2;131506,848
BRA;Hotels and Restaurants;H;producao_bruta_pm;Alternativa 2;60774,37547
BRA;Inland Transport;60;producao_bruta_pm;Alternativa 2;80266,19821
BRA;Water Transport;61;producao_bruta_pm;Alternativa 2;4512,58068
BRA;Air Transport;62;producao_bruta_pm;Alternativa 2;7206,20675
BRA;"Other Supporting and Auxiliary Transport Activities; Activities of Travel Agencies";63;producao_bruta_pm;Alternativa 2;38052,40658
BRA;Post and Telecommunications;64;producao_bruta_pm;Alternativa 2;65022,62521
BRA;Financial Intermediation;J;producao_bruta_pm;Alternativa 2;155511,4609
BRA;Real Estate Activities;70;producao_bruta_pm;Alternativa 2;126895,2795
BRA;Renting of M&Eq and Other Business Activities;71t74;producao_bruta_pm;Alternativa 2;165345,163
BRA;"Public Admin and Defence; Compulsory Social Security";L;producao_bruta_pm;Alternativa 2;220706,6003
BRA;Education;M;producao_bruta_pm;Alternativa 2;98583,18506
BRA;Health and Social Work;N;producao_bruta_pm;Alternativa 2;98360,62143
BRA;Other Community, Social and Personal Services;O;producao_bruta_pm;Alternativa 2;94462,37411
BRA;Private Households with Employed Persons;P;producao_bruta_pm;Alternativa 2;0
JPN;Agriculture, Hunting, Forestry and Fishing;AtB;producao_bruta_pm;Alternativa 2;132435,2125
JPN;Mining and Quarrying;C;producao_bruta_pm;Alternativa 2;32261,77284
JPN;Food, Beverages and Tobacco;15t16;producao_bruta_pm;Alternativa 2;385169,5435
JPN;Textiles and Textile Products;17t18;producao_bruta_pm;Alternativa 2;38151,37465
JPN;Leather, Leather and Footwear;19;producao_bruta_pm;Alternativa 2;3937,24461
JPN;Wood and Products of Wood and Cork;20;producao_bruta_pm;Alternativa 2;39749,91275
JPN;Pulp, Paper, Paper , Printing and Publishing;21t22;producao_bruta_pm;Alternativa 2;122858,6113
JPN;Coke, Refined Petroleum and Nuclear Fuel;23;producao_bruta_pm;Alternativa 2;174930,246
JPN;Chemicals and Chemical Products;24;producao_bruta_pm;Alternativa 2;278737,8438
JPN;Rubber and Plastics;25;producao_bruta_pm;Alternativa 2;138804,7005
JPN;Other Non-Metallic Mineral;26;producao_bruta_pm;Alternativa 2;63667,98985
JPN;Basic Metals and Fabricated Metal;27t28;producao_bruta_pm;Alternativa 2;511541,7381
JPN;Machinery, Nec;29;producao_bruta_pm;Alternativa 2;209125,7497
JPN;Electrical and Optical Equipment;30t33;producao_bruta_pm;Alternativa 2;361112,305
JPN;Transport Equipment;34t35;producao_bruta_pm;Alternativa 2;424883,1364
JPN;"Manufacturing, Nec; Recycling";36t37;producao_bruta_pm;Alternativa 2;34443,21256
JPN;Electricity, Gas and Water Supply;E;producao_bruta_pm;Alternativa 2;263040,0574
JPN;Construction;F;producao_bruta_pm;Alternativa 2;652374,4106
JPN;"Sale, Maintenance and Repair of Motor Vehicles and Motorcycles; Retail Sale of Fuel";50;producao_bruta_pm;Alternativa 2;115261,0384
JPN;Wholesale Trade and Commission Trade, Except of Motor Vehicles and Motorcycles;51;producao_bruta_pm;Alternativa 2;554744,2179
JPN;"Retail Trade, Except of Motor Vehicles and Motorcycles; Repair of Household Goods";52;producao_bruta_pm;Alternativa 2;302103,922
JPN;Hotels and Restaurants;H;producao_bruta_pm;Alternativa 2;301093,4191
JPN;Inland Transport;60;producao_bruta_pm;Alternativa 2;218249,3173
JPN;Water Transport;61;producao_bruta_pm;Alternativa 2;74966,8097
JPN;Air Transport;62;producao_bruta_pm;Alternativa 2;35307,24043
JPN;"Other Supporting and Auxiliary Transport Activities; Activities of Travel Agencies";63;producao_bruta_pm;Alternativa 2;65435,48192
JPN;Post and Telecommunications;64;producao_bruta_pm;Alternativa 2;169981,4073
JPN;Financial Intermediation;J;producao_bruta_pm;Alternativa 2;423789,3415
JPN;Real Estate Activities;70;producao_bruta_pm;Alternativa 2;738948,4791
JPN;Renting of M&Eq and Other Business Activities;71t74;producao_bruta_pm;Alternativa 2;782674,1656
JPN;"Public Admin and Defence; Compulsory Social Security";L;producao_bruta_pm;Alternativa 2;633847,5668
JPN;Education;M;producao_bruta_pm;Alternativa 2;228880,6355
JPN;Health and Social Work;N;producao_bruta_pm;Alternativa 2;453977,952
JPN;Other Community, Social and Personal Services;O;producao_bruta_pm;Alternativa 2;421757,2071
JPN;Private Households with Employed Persons;P;producao_bruta_pm;Alternativa 2;0
MEX;Agriculture, Hunting, Forestry and Fishing;AtB;producao_bruta_pm;Alternativa 2;52523,02392
MEX;Mining and Quarrying;C;producao_bruta_pm;Alternativa 2;80249,24839
MEX;Food, Beverages and Tobacco;15t16;producao_bruta_pm;Alternativa 2;115635,5472
MEX;Textiles and Textile Products;17t18;producao_bruta_pm;Alternativa 2;14379,71242
MEX;Leather, Leather and Footwear;19;producao_bruta_pm;Alternativa 2;4510,47216
MEX;Wood and Products of Wood and Cork;20;producao_bruta_pm;Alternativa 2;3588,19973
MEX;Pulp, Paper, Paper , Printing and Publishing;21t22;producao_bruta_pm;Alternativa 2;17293,50055
MEX;Coke, Refined Petroleum and Nuclear Fuel;23;producao_bruta_pm;Alternativa 2;39495,1875
MEX;Chemicals and Chemical Products;24;producao_bruta_pm;Alternativa 2;45286,93625
MEX;Rubber and Plastics;25;producao_bruta_pm;Alternativa 2;12030,04202
MEX;Other Non-Metallic Mineral;26;producao_bruta_pm;Alternativa 2;16155,73147
MEX;Basic Metals and Fabricated Metal;27t28;producao_bruta_pm;Alternativa 2;46327,03667
MEX;Machinery, Nec;29;producao_bruta_pm;Alternativa 2;9671,96947
MEX;Electrical and Optical Equipment;30t33;producao_bruta_pm;Alternativa 2;70420,3355
MEX;Transport Equipment;34t35;producao_bruta_pm;Alternativa 2;61749,77144
MEX;"Manufacturing, Nec; Recycling";36t37;producao_bruta_pm;Alternativa 2;14305,49795
MEX;Electricity, Gas and Water Supply;E;producao_bruta_pm;Alternativa 2;29263,70612
MEX;Construction;F;producao_bruta_pm;Alternativa 2;122690,4452
MEX;"Sale, Maintenance and Repair of Motor Vehicles and Motorcycles; Retail Sale of Fuel";50;producao_bruta_pm;Alternativa 2;12669,55549
MEX;Wholesale Trade and Commission Trade, Except of Motor Vehicles and Motorcycles;51;producao_bruta_pm;Alternativa 2;89085,9791
MEX;"Retail Trade, Except of Motor Vehicles and Motorcycles; Repair of Household Goods";52;producao_bruta_pm;Alternativa 2;78373,40427
MEX;Hotels and Restaurants;H;producao_bruta_pm;Alternativa 2;26593,5789
MEX;Inland Transport;60;producao_bruta_pm;Alternativa 2;71912,324
MEX;Water Transport;61;producao_bruta_pm;Alternativa 2;998,4043
MEX;Air Transport;62;producao_bruta_pm;Alternativa 2;6756,0782
MEX;"Other Supporting and Auxiliary Transport Activities; Activities of Travel Agencies";63;producao_bruta_pm;Alternativa 2;9186,12599
MEX;Post and Telecommunications;64;producao_bruta_pm;Alternativa 2;39017,83938
MEX;Financial Intermediation;J;producao_bruta_pm;Alternativa 2;58952,88135
MEX;Real Estate Activities;70;producao_bruta_pm;Alternativa 2;87577,46196
MEX;Renting of M&Eq and Other Business Activities;71t74;producao_bruta_pm;Alternativa 2;74352,12024
MEX;"Public Admin and Defence; Compulsory Social Security";L;producao_bruta_pm;Alternativa 2;52647,25283
MEX;Education;M;producao_bruta_pm;Alternativa 2;49265,10589
MEX;Health and Social Work;N;producao_bruta_pm;Alternativa 2;35257,22437
MEX;Other Community, Social and Personal Services;O;producao_bruta_pm;Alternativa 2;19412,93841
MEX;Private Households with Employed Persons;P;producao_bruta_pm;Alternativa 2;4127,26536
USA;Agriculture, Hunting, Forestry and Fishing;AtB;producao_bruta_pm;Alternativa 2;342488
USA;Mining and Quarrying;C;producao_bruta_pm;Alternativa 2;349301
USA;Food, Beverages and Tobacco;15t16;producao_bruta_pm;Alternativa 2;776070
USA;Textiles and Textile Products;17t18;producao_bruta_pm;Alternativa 2;59335,94141
USA;Leather, Leather and Footwear;19;producao_bruta_pm;Alternativa 2;2735,05664
USA;Wood and Products of Wood and Cork;20;producao_bruta_pm;Alternativa 2;78755
USA;Pulp, Paper, Paper , Printing and Publishing;21t22;producao_bruta_pm;Alternativa 2;425812,25
USA;Coke, Refined Petroleum and Nuclear Fuel;23;producao_bruta_pm;Alternativa 2;473610
USA;Chemicals and Chemical Products;24;producao_bruta_pm;Alternativa 2;600707
USA;Rubber and Plastics;25;producao_bruta_pm;Alternativa 2;167664
USA;Other Non-Metallic Mineral;26;producao_bruta_pm;Alternativa 2;91550
USA;Basic Metals and Fabricated Metal;27t28;producao_bruta_pm;Alternativa 2;479242
USA;Machinery, Nec;29;producao_bruta_pm;Alternativa 2;277200,7188
USA;Electrical and Optical Equipment;30t33;producao_bruta_pm;Alternativa 2;483731,7813
USA;Transport Equipment;34t35;producao_bruta_pm;Alternativa 2;590906
USA;"Manufacturing, Nec; Recycling";36t37;producao_bruta_pm;Alternativa 2;137914,2031
USA;Electricity, Gas and Water Supply;E;producao_bruta_pm;Alternativa 2;387527
USA;Construction;F;producao_bruta_pm;Alternativa 2;1155286
USA;"Sale, Maintenance and Repair of Motor Vehicles and Motorcycles; Retail Sale of Fuel";50;producao_bruta_pm;Alternativa 2;210375,7031
USA;Wholesale Trade and Commission Trade, Except of Motor Vehicles and Motorcycles;51;producao_bruta_pm;Alternativa 2;1008868
USA;"Retail Trade, Except of Motor Vehicles and Motorcycles; Repair of Household Goods";52;producao_bruta_pm;Alternativa 2;1183829,75
USA;Hotels and Restaurants;H;producao_bruta_pm;Alternativa 2;761985
USA;Inland Transport;60;producao_bruta_pm;Alternativa 2;340795
USA;Water Transport;61;producao_bruta_pm;Alternativa 2;33753
USA;Air Transport;62;producao_bruta_pm;Alternativa 2;133026
USA;"Other Supporting and Auxiliary Transport Activities; Activities of Travel Agencies";63;producao_bruta_pm;Alternativa 2;196145
USA;Post and Telecommunications;64;producao_bruta_pm;Alternativa 2;618645,3125
USA;Financial Intermediation;J;producao_bruta_pm;Alternativa 2;2429350,5
USA;Real Estate Activities;70;producao_bruta_pm;Alternativa 2;2302772
USA;Renting of M&Eq and Other Business Activities;71t74;producao_bruta_pm;Alternativa 2;2868854,75
USA;"Public Admin and Defence; Compulsory Social Security";L;producao_bruta_pm;Alternativa 2;2946823
USA;Education;M;producao_bruta_pm;Alternativa 2;223871
USA;Health and Social Work;N;producao_bruta_pm;Alternativa 2;1687379
USA;Other Community, Social and Personal Services;O;producao_bruta_pm;Alternativa 2;958630,4375
USA;Private Households with Employed Persons;P;producao_bruta_pm;Alternativa 2;17959,80469
BRA;Agriculture, Hunting, Forestry and Fishing;AtB;producao_bruta_pd;Alternativa 2;355123,9261
BRA;Mining and Quarrying;C;producao_bruta_pd;Alternativa 2;31571,04884
BRA;Food, Beverages and Tobacco;15t16;producao_bruta_pd;Alternativa 2;313197,5596
BRA;Textiles and Textile Products;17t18;producao_bruta_pd;Alternativa 2;116744,3107
BRA;Leather, Leather and Footwear;19;producao_bruta_pd;Alternativa 2;25601,80029
BRA;Wood and Products of Wood and Cork;20;producao_bruta_pd;Alternativa 2;26761,81732
BRA;Pulp, Paper, Paper , Printing and Publishing;21t22;producao_bruta_pd;Alternativa 2;58129,76618
BRA;Coke, Refined Petroleum and Nuclear Fuel;23;producao_bruta_pd;Alternativa 2;65197,42366
BRA;Chemicals and Chemical Products;24;producao_bruta_pd;Alternativa 2;57119,61523
BRA;Rubber and Plastics;25;producao_bruta_pd;Alternativa 2;27875,61558
BRA;Other Non-Metallic Mineral;26;producao_bruta_pd;Alternativa 2;31960,22475
BRA;Basic Metals and Fabricated Metal;27t28;producao_bruta_pd;Alternativa 2;74564,50947
BRA;Machinery, Nec;29;producao_bruta_pd;Alternativa 2;43052,3306
BRA;Electrical and Optical Equipment;30t33;producao_bruta_pd;Alternativa 2;43098,37582
BRA;Transport Equipment;34t35;producao_bruta_pd;Alternativa 2;70461,65008
BRA;"Manufacturing, Nec; Recycling";36t37;producao_bruta_pd;Alternativa 2;46233,49506
BRA;Electricity, Gas and Water Supply;E;producao_bruta_pd;Alternativa 2;42778,9238
BRA;Construction;F;producao_bruta_pd;Alternativa 2;219234,2017
BRA;"Sale, Maintenance and Repair of Motor Vehicles and Motorcycles; Retail Sale of Fuel";50;producao_bruta_pd;Alternativa 2;0
BRA;Wholesale Trade and Commission Trade, Except of Motor Vehicles and Motorcycles;51;producao_bruta_pd;Alternativa 2;0
BRA;"Retail Trade, Except of Motor Vehicles and Motorcycles; Repair of Household Goods";52;producao_bruta_pd;Alternativa 2;0
BRA;Hotels and Restaurants;H;producao_bruta_pd;Alternativa 2;0
BRA;Inland Transport;60;producao_bruta_pd;Alternativa 2;118318,1612
BRA;Water Transport;61;producao_bruta_pd;Alternativa 2;3081,250576
BRA;Air Transport;62;producao_bruta_pd;Alternativa 2;5011,950585
BRA;"Other Supporting and Auxiliary Transport Activities; Activities of Travel Agencies";63;producao_bruta_pd;Alternativa 2;0
BRA;Post and Telecommunications;64;producao_bruta_pd;Alternativa 2;0
BRA;Financial Intermediation;J;producao_bruta_pd;Alternativa 2;0
BRA;Real Estate Activities;70;producao_bruta_pd;Alternativa 2;0
BRA;Renting of M&Eq and Other Business Activities;71t74;producao_bruta_pd;Alternativa 2;0
BRA;"Public Admin and Defence; Compulsory Social Security";L;producao_bruta_pd;Alternativa 2;0
BRA;Education;M;producao_bruta_pd;Alternativa 2;326811,2037
BRA;Health and Social Work;N;producao_bruta_pd;Alternativa 2;173924,8224
BRA;Other Community, Social and Personal Services;O;producao_bruta_pd;Alternativa 2;0
BRA;Private Households with Employed Persons;P;producao_bruta_pd;Alternativa 2;0
JPN;Agriculture, Hunting, Forestry and Fishing;AtB;producao_bruta_pd;Alternativa 2;173562,5411
JPN;Mining and Quarrying;C;producao_bruta_pd;Alternativa 2;19723,99299
JPN;Food, Beverages and Tobacco;15t16;producao_bruta_pd;Alternativa 2;277234,5839
JPN;Textiles and Textile Products;17t18;producao_bruta_pd;Alternativa 2;33180,5194
JPN;Leather, Leather and Footwear;19;producao_bruta_pd;Alternativa 2;2918,158528
JPN;Wood and Products of Wood and Cork;20;producao_bruta_pd;Alternativa 2;35256,71909
JPN;Pulp, Paper, Paper , Printing and Publishing;21t22;producao_bruta_pd;Alternativa 2;71165,94923
JPN;Coke, Refined Petroleum and Nuclear Fuel;23;producao_bruta_pd;Alternativa 2;109288,7045
JPN;Chemicals and Chemical Products;24;producao_bruta_pd;Alternativa 2;103739,388
JPN;Rubber and Plastics;25;producao_bruta_pd;Alternativa 2;73340,18608
JPN;Other Non-Metallic Mineral;26;producao_bruta_pd;Alternativa 2;33251,00996
JPN;Basic Metals and Fabricated Metal;27t28;producao_bruta_pd;Alternativa 2;245132,2088
JPN;Machinery, Nec;29;producao_bruta_pd;Alternativa 2;102625,2265
JPN;Electrical and Optical Equipment;30t33;producao_bruta_pd;Alternativa 2;178018,2549
JPN;Transport Equipment;34t35;producao_bruta_pd;Alternativa 2;194591,0815
JPN;"Manufacturing, Nec; Recycling";36t37;producao_bruta_pd;Alternativa 2;22030,74166
JPN;Electricity, Gas and Water Supply;E;producao_bruta_pd;Alternativa 2;103741,943
JPN;Construction;F;producao_bruta_pd;Alternativa 2;373571,7539
JPN;"Sale, Maintenance and Repair of Motor Vehicles and Motorcycles; Retail Sale of Fuel";50;producao_bruta_pd;Alternativa 2;0
JPN;Wholesale Trade and Commission Trade, Except of Motor Vehicles and Motorcycles;51;producao_bruta_pd;Alternativa 2;0
JPN;"Retail Trade, Except of Motor Vehicles and Motorcycles; Repair of Household Goods";52;producao_bruta_pd;Alternativa 2;0
JPN;Hotels and Restaurants;H;producao_bruta_pd;Alternativa 2;0
JPN;Inland Transport;60;producao_bruta_pd;Alternativa 2;127716,0371
JPN;Water Transport;61;producao_bruta_pd;Alternativa 2;28943,99679
JPN;Air Transport;62;producao_bruta_pd;Alternativa 2;9451,097101
JPN;"Other Supporting and Auxiliary Transport Activities; Activities of Travel Agencies";63;producao_bruta_pd;Alternativa 2;0
JPN;Post and Telecommunications;64;producao_bruta_pd;Alternativa 2;0
JPN;Financial Intermediation;J;producao_bruta_pd;Alternativa 2;0
JPN;Real Estate Activities;70;producao_bruta_pd;Alternativa 2;0
JPN;Renting of M&Eq and Other Business Activities;71t74;producao_bruta_pd;Alternativa 2;0
JPN;"Public Admin and Defence; Compulsory Social Security";L;producao_bruta_pd;Alternativa 2;0
JPN;Education;M;producao_bruta_pd;Alternativa 2;128111,5066
JPN;Health and Social Work;N;producao_bruta_pd;Alternativa 2;289711,5762
JPN;Other Community, Social and Personal Services;O;producao_bruta_pd;Alternativa 2;0
JPN;Private Households with Employed Persons;P;producao_bruta_pd;Alternativa 2;0
MEX;Agriculture, Hunting, Forestry and Fishing;AtB;producao_bruta_pd;Alternativa 2;164066,8404
MEX;Mining and Quarrying;C;producao_bruta_pd;Alternativa 2;19000,50374
MEX;Food, Beverages and Tobacco;15t16;producao_bruta_pd;Alternativa 2;156232,2011
MEX;Textiles and Textile Products;17t18;producao_bruta_pd;Alternativa 2;41170,21275
MEX;Leather, Leather and Footwear;19;producao_bruta_pd;Alternativa 2;7254,306628
MEX;Wood and Products of Wood and Cork;20;producao_bruta_pd;Alternativa 2;7109,573001
MEX;Pulp, Paper, Paper , Printing and Publishing;21t22;producao_bruta_pd;Alternativa 2;22858,33088
MEX;Coke, Refined Petroleum and Nuclear Fuel;23;producao_bruta_pd;Alternativa 2;12803,81171
MEX;Chemicals and Chemical Products;24;producao_bruta_pd;Alternativa 2;30372,11821
MEX;Rubber and Plastics;25;producao_bruta_pd;Alternativa 2;16880,14259
MEX;Other Non-Metallic Mineral;26;producao_bruta_pd;Alternativa 2;15818,75132
MEX;Basic Metals and Fabricated Metal;27t28;producao_bruta_pd;Alternativa 2;34309,96701
MEX;Machinery, Nec;29;producao_bruta_pd;Alternativa 2;14854,17954
MEX;Electrical and Optical Equipment;30t33;producao_bruta_pd;Alternativa 2;85173,8685
MEX;Transport Equipment;34t35;producao_bruta_pd;Alternativa 2;55377,3043
MEX;"Manufacturing, Nec; Recycling";36t37;producao_bruta_pd;Alternativa 2;23027,66284
MEX;Electricity, Gas and Water Supply;E;producao_bruta_pd;Alternativa 2;21877,41857
MEX;Construction;F;producao_bruta_pd;Alternativa 2;210990,9175
MEX;"Sale, Maintenance and Repair of Motor Vehicles and Motorcycles; Retail Sale of Fuel";50;producao_bruta_pd;Alternativa 2;0
MEX;Wholesale Trade and Commission Trade, Except of Motor Vehicles and Motorcycles;51;producao_bruta_pd;Alternativa 2;0
MEX;"Retail Trade, Except of Motor Vehicles and Motorcycles; Repair of Household Goods";52;producao_bruta_pd;Alternativa 2;0
MEX;Hotels and Restaurants;H;producao_bruta_pd;Alternativa 2;0
MEX;Inland Transport;60;producao_bruta_pd;Alternativa 2;94715,48073
MEX;Water Transport;61;producao_bruta_pd;Alternativa 2;3986,264096
MEX;Air Transport;62;producao_bruta_pd;Alternativa 2;8691,639495
MEX;"Other Supporting and Auxiliary Transport Activities; Activities of Travel Agencies";63;producao_bruta_pd;Alternativa 2;0
MEX;Post and Telecommunications;64;producao_bruta_pd;Alternativa 2;0
MEX;Financial Intermediation;J;producao_bruta_pd;Alternativa 2;0
MEX;Real Estate Activities;70;producao_bruta_pd;Alternativa 2;0
MEX;Renting of M&Eq and Other Business Activities;71t74;producao_bruta_pd;Alternativa 2;0
MEX;"Public Admin and Defence; Compulsory Social Security";L;producao_bruta_pd;Alternativa 2;0
MEX;Education;M;producao_bruta_pd;Alternativa 2;166893,7068
MEX;Health and Social Work;N;producao_bruta_pd;Alternativa 2;65945,40925
MEX;Other Community, Social and Personal Services;O;producao_bruta_pd;Alternativa 2;0
MEX;Private Households with Employed Persons;P;producao_bruta_pd;Alternativa 2;0
USA;Agriculture, Hunting, Forestry and Fishing;AtB;producao_bruta_pd;Alternativa 2;253444,8647
USA;Mining and Quarrying;C;producao_bruta_pd;Alternativa 2;121337,3126
USA;Food, Beverages and Tobacco;15t16;producao_bruta_pd;Alternativa 2;552956,391
USA;Textiles and Textile Products;17t18;producao_bruta_pd;Alternativa 2;41055,98621
USA;Leather, Leather and Footwear;19;producao_bruta_pd;Alternativa 2;2774,606663
USA;Wood and Products of Wood and Cork;20;producao_bruta_pd;Alternativa 2;46872,43344
USA;Pulp, Paper, Paper , Printing and Publishing;21t22;producao_bruta_pd;Alternativa 2;144862,2223
USA;Coke, Refined Petroleum and Nuclear Fuel;23;producao_bruta_pd;Alternativa 2;258452,7937
USA;Chemicals and Chemical Products;24;producao_bruta_pd;Alternativa 2;181895,1558
USA;Rubber and Plastics;25;producao_bruta_pd;Alternativa 2;70259,28941
USA;Other Non-Metallic Mineral;26;producao_bruta_pd;Alternativa 2;35300,73532
USA;Basic Metals and Fabricated Metal;27t28;producao_bruta_pd;Alternativa 2;180944,3548
USA;Machinery, Nec;29;producao_bruta_pd;Alternativa 2;114642,0919
USA;Electrical and Optical Equipment;30t33;producao_bruta_pd;Alternativa 2;186956,4307
USA;Transport Equipment;34t35;producao_bruta_pd;Alternativa 2;244957,233
USA;"Manufacturing, Nec; Recycling";36t37;producao_bruta_pd;Alternativa 2;66720,49382
USA;Electricity, Gas and Water Supply;E;producao_bruta_pd;Alternativa 2;129058,5897
USA;Construction;F;producao_bruta_pd;Alternativa 2;457031,2951
USA;"Sale, Maintenance and Repair of Motor Vehicles and Motorcycles; Retail Sale of Fuel";50;producao_bruta_pd;Alternativa 2;0
USA;Wholesale Trade and Commission Trade, Except of Motor Vehicles and Motorcycles;51;producao_bruta_pd;Alternativa 2;0
USA;"Retail Trade, Except of Motor Vehicles and Motorcycles; Repair of Household Goods";52;producao_bruta_pd;Alternativa 2;0
USA;Hotels and Restaurants;H;producao_bruta_pd;Alternativa 2;0
USA;Inland Transport;60;producao_bruta_pd;Alternativa 2;136215,9088
USA;Water Transport;61;producao_bruta_pd;Alternativa 2;8906,103347
USA;Air Transport;62;producao_bruta_pd;Alternativa 2;34283,80054
USA;"Other Supporting and Auxiliary Transport Activities; Activities of Travel Agencies";63;producao_bruta_pd;Alternativa 2;0
USA;Post and Telecommunications;64;producao_bruta_pd;Alternativa 2;0
USA;Financial Intermediation;J;producao_bruta_pd;Alternativa 2;0
USA;Real Estate Activities;70;producao_bruta_pd;Alternativa 2;0
USA;Renting of M&Eq and Other Business Activities;71t74;producao_bruta_pd;Alternativa 2;0
USA;"Public Admin and Defence; Compulsory Social Security";L;producao_bruta_pd;Alternativa 2;0
USA;Education;M;producao_bruta_pd;Alternativa 2;204106,1405
USA;Health and Social Work;N;producao_bruta_pd;Alternativa 2;926982,1429
USA;Other Community, Social and Personal Services;O;producao_bruta_pd;Alternativa 2;0
USA;Private Households with Employed Persons;P;producao_bruta_pd;Alternativa 2;0
BRA;Agriculture, Hunting, Forestry and Fishing;AtB;PIB_pm;Alternativa 2;78638,48285
BRA;Mining and Quarrying;C;PIB_pm;Alternativa 2;25539,80186
BRA;Food, Beverages and Tobacco;15t16;PIB_pm;Alternativa 2;34598,39173
BRA;Textiles and Textile Products;17t18;PIB_pm;Alternativa 2;16542,72959
BRA;Leather, Leather and Footwear;19;PIB_pm;Alternativa 2;4229,20914
BRA;Wood and Products of Wood and Cork;20;PIB_pm;Alternativa 2;3955,13078
BRA;Pulp, Paper, Paper , Printing and Publishing;21t22;PIB_pm;Alternativa 2;16569,73731
BRA;Coke, Refined Petroleum and Nuclear Fuel;23;PIB_pm;Alternativa 2;19328,52605
BRA;Chemicals and Chemical Products;24;PIB_pm;Alternativa 2;27662,40872
BRA;Rubber and Plastics;25;PIB_pm;Alternativa 2;9668,76431
BRA;Other Non-Metallic Mineral;26;PIB_pm;Alternativa 2;9526,22356
BRA;Basic Metals and Fabricated Metal;27t28;PIB_pm;Alternativa 2;30052,59208
BRA;Machinery, Nec;29;PIB_pm;Alternativa 2;15182,84079
BRA;Electrical and Optical Equipment;30t33;PIB_pm;Alternativa 2;15280,36868
BRA;Transport Equipment;34t35;PIB_pm;Alternativa 2;20542,37309
BRA;"Manufacturing, Nec; Recycling";36t37;PIB_pm;Alternativa 2;9559,233
BRA;Electricity, Gas and Water Supply;E;PIB_pm;Alternativa 2;43305,88121
BRA;Construction;F;PIB_pm;Alternativa 2;73412,48873
BRA;"Sale, Maintenance and Repair of Motor Vehicles and Motorcycles; Retail Sale of Fuel";50;PIB_pm;Alternativa 2;19154,80256
BRA;Wholesale Trade and Commission Trade, Except of Motor Vehicles and Motorcycles;51;PIB_pm;Alternativa 2;62355,19071
BRA;"Retail Trade, Except of Motor Vehicles and Motorcycles; Repair of Household Goods";52;PIB_pm;Alternativa 2;93070,42146
BRA;Hotels and Restaurants;H;PIB_pm;Alternativa 2;27211,27974
BRA;Inland Transport;60;PIB_pm;Alternativa 2;41561,14801
BRA;Water Transport;61;PIB_pm;Alternativa 2;2336,5755
BRA;Air Transport;62;PIB_pm;Alternativa 2;3731,31215
BRA;"Other Supporting and Auxiliary Transport Activities; Activities of Travel Agencies";63;PIB_pm;Alternativa 2;19703,20935
BRA;Post and Telecommunications;64;PIB_pm;Alternativa 2;28566,87434
BRA;Financial Intermediation;J;PIB_pm;Alternativa 2;101136,9152
BRA;Real Estate Activities;70;PIB_pm;Alternativa 2;116911,9253
BRA;Renting of M&Eq and Other Business Activities;71t74;PIB_pm;Alternativa 2;98494,54253
BRA;"Public Admin and Defence; Compulsory Social Security";L;PIB_pm;Alternativa 2;142922,3617
BRA;Education;M;PIB_pm;Alternativa 2;72313,67458
BRA;Health and Social Work;N;PIB_pm;Alternativa 2;56835,24927
BRA;Other Community, Social and Personal Services;O;PIB_pm;Alternativa 2;57688,40725
BRA;Private Households with Employed Persons;P;PIB_pm;Alternativa 2;0
JPN;Agriculture, Hunting, Forestry and Fishing;AtB;PIB_pm;Alternativa 2;66207,37132
JPN;Mining and Quarrying;C;PIB_pm;Alternativa 2;5655,42288
JPN;Food, Beverages and Tobacco;15t16;PIB_pm;Alternativa 2;141247,6125
JPN;Textiles and Textile Products;17t18;PIB_pm;Alternativa 2;14194,98343
JPN;Leather, Leather and Footwear;19;PIB_pm;Alternativa 2;1230,09633
JPN;Wood and Products of Wood and Cork;20;PIB_pm;Alternativa 2;12336,06714
JPN;Pulp, Paper, Paper , Printing and Publishing;21t22;PIB_pm;Alternativa 2;54723,90536
JPN;Coke, Refined Petroleum and Nuclear Fuel;23;PIB_pm;Alternativa 2;61877,74873
JPN;Chemicals and Chemical Products;24;PIB_pm;Alternativa 2;77943,59678
JPN;Rubber and Plastics;25;PIB_pm;Alternativa 2;33605,80728
JPN;Other Non-Metallic Mineral;26;PIB_pm;Alternativa 2;20423,76652
JPN;Basic Metals and Fabricated Metal;27t28;PIB_pm;Alternativa 2;137402,6164
JPN;Machinery, Nec;29;PIB_pm;Alternativa 2;73584,24847
JPN;Electrical and Optical Equipment;30t33;PIB_pm;Alternativa 2;113897,7005
JPN;Transport Equipment;34t35;PIB_pm;Alternativa 2;101144,0328
JPN;"Manufacturing, Nec; Recycling";36t37;PIB_pm;Alternativa 2;7236,5929
JPN;Electricity, Gas and Water Supply;E;PIB_pm;Alternativa 2;112805,8745
JPN;Construction;F;PIB_pm;Alternativa 2;298325,8034
JPN;"Sale, Maintenance and Repair of Motor Vehicles and Motorcycles; Retail Sale of Fuel";50;PIB_pm;Alternativa 2;50140,69399
JPN;Wholesale Trade and Commission Trade, Except of Motor Vehicles and Motorcycles;51;PIB_pm;Alternativa 2;381043,3836
JPN;"Retail Trade, Except of Motor Vehicles and Motorcycles; Repair of Household Goods";52;PIB_pm;Alternativa 2;215027,2985
JPN;Hotels and Restaurants;H;PIB_pm;Alternativa 2;143854,123
JPN;Inland Transport;60;PIB_pm;Alternativa 2;136394,4568
JPN;Water Transport;61;PIB_pm;Alternativa 2;25450,44125
JPN;Air Transport;62;PIB_pm;Alternativa 2;15086,94336
JPN;"Other Supporting and Auxiliary Transport Activities; Activities of Travel Agencies";63;PIB_pm;Alternativa 2;38114,05968
JPN;Post and Telecommunications;64;PIB_pm;Alternativa 2;109692,2079
JPN;Financial Intermediation;J;PIB_pm;Alternativa 2;258315,895
JPN;Real Estate Activities;70;PIB_pm;Alternativa 2;640081,4486
JPN;Renting of M&Eq and Other Business Activities;71t74;PIB_pm;Alternativa 2;399104,0752
JPN;"Public Admin and Defence; Compulsory Social Security";L;PIB_pm;Alternativa 2;437871,3675
JPN;Education;M;PIB_pm;Alternativa 2;199116,6811
JPN;Health and Social Work;N;PIB_pm;Alternativa 2;278648,046
JPN;Other Community, Social and Personal Services;O;PIB_pm;Alternativa 2;253423,6935
JPN;Private Households with Employed Persons;P;PIB_pm;Alternativa 2;0
MEX;Agriculture, Hunting, Forestry and Fishing;AtB;PIB_pm;Alternativa 2;29651,47851
MEX;Mining and Quarrying;C;PIB_pm;Alternativa 2;65745,51204
MEX;Food, Beverages and Tobacco;15t16;PIB_pm;Alternativa 2;43753,13046
MEX;Textiles and Textile Products;17t18;PIB_pm;Alternativa 2;5160,43301
MEX;Leather, Leather and Footwear;19;PIB_pm;Alternativa 2;1625,21641
MEX;Wood and Products of Wood and Cork;20;PIB_pm;Alternativa 2;1554,71733
MEX;Pulp, Paper, Paper , Printing and Publishing;21t22;PIB_pm;Alternativa 2;7628,42014
MEX;Coke, Refined Petroleum and Nuclear Fuel;23;PIB_pm;Alternativa 2;6252,49062
MEX;Chemicals and Chemical Products;24;PIB_pm;Alternativa 2;13447,99671
MEX;Rubber and Plastics;25;PIB_pm;Alternativa 2;3697,47707
MEX;Other Non-Metallic Mineral;26;PIB_pm;Alternativa 2;8483,4627
MEX;Basic Metals and Fabricated Metal;27t28;PIB_pm;Alternativa 2;16295,52085
MEX;Machinery, Nec;29;PIB_pm;Alternativa 2;3456,23344
MEX;Electrical and Optical Equipment;30t33;PIB_pm;Alternativa 2;10251,43457
MEX;Transport Equipment;34t35;PIB_pm;Alternativa 2;18673,28833
MEX;"Manufacturing, Nec; Recycling";36t37;PIB_pm;Alternativa 2;4992,53728
MEX;Electricity, Gas and Water Supply;E;PIB_pm;Alternativa 2;9879,61178
MEX;Construction;F;PIB_pm;Alternativa 2;59098,73926
MEX;"Sale, Maintenance and Repair of Motor Vehicles and Motorcycles; Retail Sale of Fuel";50;PIB_pm;Alternativa 2;8136,94129
MEX;Wholesale Trade and Commission Trade, Except of Motor Vehicles and Motorcycles;51;PIB_pm;Alternativa 2;66549,41215
MEX;"Retail Trade, Except of Motor Vehicles and Motorcycles; Repair of Household Goods";52;PIB_pm;Alternativa 2;59912,53432
MEX;Hotels and Restaurants;H;PIB_pm;Alternativa 2;19240,54688
MEX;Inland Transport;60;PIB_pm;Alternativa 2;45821,41197
MEX;Water Transport;61;PIB_pm;Alternativa 2;487,10858
MEX;Air Transport;62;PIB_pm;Alternativa 2;1895,8202
MEX;"Other Supporting and Auxiliary Transport Activities; Activities of Travel Agencies";63;PIB_pm;Alternativa 2;6621,88542
MEX;Post and Telecommunications;64;PIB_pm;Alternativa 2;24235,21451
MEX;Financial Intermediation;J;PIB_pm;Alternativa 2;40262,37529
MEX;Real Estate Activities;70;PIB_pm;Alternativa 2;79779,59944
MEX;Renting of M&Eq and Other Business Activities;71t74;PIB_pm;Alternativa 2;53926,49983
MEX;"Public Admin and Defence; Compulsory Social Security";L;PIB_pm;Alternativa 2;36870,94951
MEX;Education;M;PIB_pm;Alternativa 2;43403,81915
MEX;Health and Social Work;N;PIB_pm;Alternativa 2;25906,13211
MEX;Other Community, Social and Personal Services;O;PIB_pm;Alternativa 2;13676,18054
MEX;Private Households with Employed Persons;P;PIB_pm;Alternativa 2;4082,55827
USA;Agriculture, Hunting, Forestry and Fishing;AtB;PIB_pm;Alternativa 2;134069
USA;Mining and Quarrying;C;PIB_pm;Alternativa 2;240596
USA;Food, Beverages and Tobacco;15t16;PIB_pm;Alternativa 2;207022
USA;Textiles and Textile Products;17t18;PIB_pm;Alternativa 2;25951,11133
USA;Leather, Leather and Footwear;19;PIB_pm;Alternativa 2;1321,88782
USA;Wood and Products of Wood and Cork;20;PIB_pm;Alternativa 2;20415
USA;Pulp, Paper, Paper , Printing and Publishing;21t22;PIB_pm;Alternativa 2;164834,9844
USA;Coke, Refined Petroleum and Nuclear Fuel;23;PIB_pm;Alternativa 2;117262
USA;Chemicals and Chemical Products;24;PIB_pm;Alternativa 2;201351
USA;Rubber and Plastics;25;PIB_pm;Alternativa 2;54481
USA;Other Non-Metallic Mineral;26;PIB_pm;Alternativa 2;37252
USA;Basic Metals and Fabricated Metal;27t28;PIB_pm;Alternativa 2;160889
USA;Machinery, Nec;29;PIB_pm;Alternativa 2;116524,0703
USA;Electrical and Optical Equipment;30t33;PIB_pm;Alternativa 2;273393,6563
USA;Transport Equipment;34t35;PIB_pm;Alternativa 2;162487
USA;"Manufacturing, Nec; Recycling";36t37;PIB_pm;Alternativa 2;59248,28516
USA;Electricity, Gas and Water Supply;E;PIB_pm;Alternativa 2;263537
USA;Construction;F;PIB_pm;Alternativa 2;571614
USA;"Sale, Maintenance and Repair of Motor Vehicles and Motorcycles; Retail Sale of Fuel";50;PIB_pm;Alternativa 2;130391,2266
USA;Wholesale Trade and Commission Trade, Except of Motor Vehicles and Motorcycles;51;PIB_pm;Alternativa 2;793022
USA;"Retail Trade, Except of Motor Vehicles and Motorcycles; Repair of Household Goods";52;PIB_pm;Alternativa 2;844077,5625
USA;Hotels and Restaurants;H;PIB_pm;Alternativa 2;415095
USA;Inland Transport;60;PIB_pm;Alternativa 2;173895
USA;Water Transport;61;PIB_pm;Alternativa 2;13891
USA;Air Transport;62;PIB_pm;Alternativa 2;61361
USA;"Other Supporting and Auxiliary Transport Activities; Activities of Travel Agencies";63;PIB_pm;Alternativa 2;134967
USA;Post and Telecommunications;64;PIB_pm;Alternativa 2;368709,7813
USA;Financial Intermediation;J;PIB_pm;Alternativa 2;1287636,875
USA;Real Estate Activities;70;PIB_pm;Alternativa 2;1687387
USA;Renting of M&Eq and Other Business Activities;71t74;PIB_pm;Alternativa 2;1900373,125
USA;"Public Admin and Defence; Compulsory Social Security";L;PIB_pm;Alternativa 2;1777079
USA;Education;M;PIB_pm;Alternativa 2;145190
USA;Health and Social Work;N;PIB_pm;Alternativa 2;1040797
USA;Other Community, Social and Personal Services;O;PIB_pm;Alternativa 2;512898,625
USA;Private Households with Employed Persons;P;PIB_pm;Alternativa 2;17959,80469
BRA;Agriculture, Hunting, Forestry and Fishing;AtB;PIB_pd;Alternativa 2;248602,6282
BRA;Mining and Quarrying;C;PIB_pd;Alternativa 2;8922,852147
BRA;Food, Beverages and Tobacco;15t16;PIB_pd;Alternativa 2;65031,13189
BRA;Textiles and Textile Products;17t18;PIB_pd;Alternativa 2;76399,56738
BRA;Leather, Leather and Footwear;19;PIB_pd;Alternativa 2;16719,97629
BRA;Wood and Products of Wood and Cork;20;PIB_pd;Alternativa 2;14896,58422
BRA;Pulp, Paper, Paper , Printing and Publishing;21t22;PIB_pd;Alternativa 2;19422,53872
BRA;Coke, Refined Petroleum and Nuclear Fuel;23;PIB_pd;Alternativa 2;4565,246242
BRA;Chemicals and Chemical Products;24;PIB_pd;Alternativa 2;16848,30153
BRA;Rubber and Plastics;25;PIB_pd;Alternativa 2;14328,46221
BRA;Other Non-Metallic Mineral;26;PIB_pd;Alternativa 2;20732,36715
BRA;Basic Metals and Fabricated Metal;27t28;PIB_pd;Alternativa 2;35170,3581
BRA;Machinery, Nec;29;PIB_pd;Alternativa 2;20929,45107
BRA;Electrical and Optical Equipment;30t33;PIB_pd;Alternativa 2;18575,43655
BRA;Transport Equipment;34t35;PIB_pd;Alternativa 2;20005,70761
BRA;"Manufacturing, Nec; Recycling";36t37;PIB_pd;Alternativa 2;32196,07123
BRA;Electricity, Gas and Water Supply;E;PIB_pd;Alternativa 2;19429,86065
BRA;Construction;F;PIB_pd;Alternativa 2;157836,6209
BRA;"Sale, Maintenance and Repair of Motor Vehicles and Motorcycles; Retail Sale of Fuel";50;PIB_pd;Alternativa 2;0
BRA;Wholesale Trade and Commission Trade, Except of Motor Vehicles and Motorcycles;51;PIB_pd;Alternativa 2;0
BRA;"Retail Trade, Except of Motor Vehicles and Motorcycles; Repair of Household Goods";52;PIB_pd;Alternativa 2;0
BRA;Hotels and Restaurants;H;PIB_pd;Alternativa 2;0
BRA;Inland Transport;60;PIB_pd;Alternativa 2;97411,73932
BRA;Water Transport;61;PIB_pd;Alternativa 2;1826,029761
BRA;Air Transport;62;PIB_pd;Alternativa 2;3041,191785
BRA;"Other Supporting and Auxiliary Transport Activities; Activities of Travel Agencies";63;PIB_pd;Alternativa 2;0
BRA;Post and Telecommunications;64;PIB_pd;Alternativa 2;0
BRA;Financial Intermediation;J;PIB_pd;Alternativa 2;0
BRA;Real Estate Activities;70;PIB_pd;Alternativa 2;0
BRA;Renting of M&Eq and Other Business Activities;71t74;PIB_pd;Alternativa 2;0
BRA;"Public Admin and Defence; Compulsory Social Security";L;PIB_pd;Alternativa 2;0
BRA;Education;M;PIB_pd;Alternativa 2;307971,2142
BRA;Health and Social Work;N;PIB_pd;Alternativa 2;150300,3379
BRA;Other Community, Social and Personal Services;O;PIB_pd;Alternativa 2;0
BRA;Private Households with Employed Persons;P;PIB_pd;Alternativa 2;0
JPN;Agriculture, Hunting, Forestry and Fishing;AtB;PIB_pd;Alternativa 2;89473,41541
JPN;Mining and Quarrying;C;PIB_pd;Alternativa 2;1524,220968
JPN;Food, Beverages and Tobacco;15t16;PIB_pd;Alternativa 2;47709,78115
JPN;Textiles and Textile Products;17t18;PIB_pd;Alternativa 2;15664,77024
JPN;Leather, Leather and Footwear;19;PIB_pd;Alternativa 2;1155,522178
JPN;Wood and Products of Wood and Cork;20;PIB_pd;Alternativa 2;8957,374054
JPN;Pulp, Paper, Paper , Printing and Publishing;21t22;PIB_pd;Alternativa 2;30559,38169
JPN;Coke, Refined Petroleum and Nuclear Fuel;23;PIB_pd;Alternativa 2;620,223001
JPN;Chemicals and Chemical Products;24;PIB_pd;Alternativa 2;16252,64427
JPN;Rubber and Plastics;25;PIB_pd;Alternativa 2;19988,53615
JPN;Other Non-Metallic Mineral;26;PIB_pd;Alternativa 2;7617,127015
JPN;Basic Metals and Fabricated Metal;27t28;PIB_pd;Alternativa 2;49606,18845
JPN;Machinery, Nec;29;PIB_pd;Alternativa 2;29890,66551
JPN;Electrical and Optical Equipment;30t33;PIB_pd;Alternativa 2;51494,26198
JPN;Transport Equipment;34t35;PIB_pd;Alternativa 2;37113,08777
JPN;"Manufacturing, Nec; Recycling";36t37;PIB_pd;Alternativa 2;6436,593021
JPN;Electricity, Gas and Water Supply;E;PIB_pd;Alternativa 2;17062,78646
JPN;Construction;F;PIB_pd;Alternativa 2;206095,5023
JPN;"Sale, Maintenance and Repair of Motor Vehicles and Motorcycles; Retail Sale of Fuel";50;PIB_pd;Alternativa 2;0
JPN;Wholesale Trade and Commission Trade, Except of Motor Vehicles and Motorcycles;51;PIB_pd;Alternativa 2;0
JPN;"Retail Trade, Except of Motor Vehicles and Motorcycles; Repair of Household Goods";52;PIB_pd;Alternativa 2;0
JPN;Hotels and Restaurants;H;PIB_pd;Alternativa 2;0
JPN;Inland Transport;60;PIB_pd;Alternativa 2;82275,4759
JPN;Water Transport;61;PIB_pd;Alternativa 2;4130,214167
JPN;Air Transport;62;PIB_pd;Alternativa 2;1255,759779
JPN;"Other Supporting and Auxiliary Transport Activities; Activities of Travel Agencies";63;PIB_pd;Alternativa 2;0
JPN;Post and Telecommunications;64;PIB_pd;Alternativa 2;0
JPN;Financial Intermediation;J;PIB_pd;Alternativa 2;0
JPN;Real Estate Activities;70;PIB_pd;Alternativa 2;0
JPN;Renting of M&Eq and Other Business Activities;71t74;PIB_pd;Alternativa 2;0
JPN;"Public Admin and Defence; Compulsory Social Security";L;PIB_pd;Alternativa 2;0
JPN;Education;M;PIB_pd;Alternativa 2;113622,3184
JPN;Health and Social Work;N;PIB_pd;Alternativa 2;185689,6453
JPN;Other Community, Social and Personal Services;O;PIB_pd;Alternativa 2;0
JPN;Private Households with Employed Persons;P;PIB_pd;Alternativa 2;0
MEX;Agriculture, Hunting, Forestry and Fishing;AtB;PIB_pd;Alternativa 2;117691,5248
MEX;Mining and Quarrying;C;PIB_pd;Alternativa 2;8337,108619
MEX;Food, Beverages and Tobacco;15t16;PIB_pd;Alternativa 2;47849,30687
MEX;Textiles and Textile Products;17t18;PIB_pd;Alternativa 2;27316,09304
MEX;Leather, Leather and Footwear;19;PIB_pd;Alternativa 2;3704,437971
MEX;Wood and Products of Wood and Cork;20;PIB_pd;Alternativa 2;2528,870392
MEX;Pulp, Paper, Paper , Printing and Publishing;21t22;PIB_pd;Alternativa 2;14820,6638
MEX;Coke, Refined Petroleum and Nuclear Fuel;23;PIB_pd;Alternativa 2;3143,089764
MEX;Chemicals and Chemical Products;24;PIB_pd;Alternativa 2;14649,70411
MEX;Rubber and Plastics;25;PIB_pd;Alternativa 2;11374,89225
MEX;Other Non-Metallic Mineral;26;PIB_pd;Alternativa 2;10161,86456
MEX;Basic Metals and Fabricated Metal;27t28;PIB_pd;Alternativa 2;15889,28362
MEX;Machinery, Nec;29;PIB_pd;Alternativa 2;10828,19202
MEX;Electrical and Optical Equipment;30t33;PIB_pd;Alternativa 2;34725,71516
MEX;Transport Equipment;34t35;PIB_pd;Alternativa 2;26107,43984
MEX;"Manufacturing, Nec; Recycling";36t37;PIB_pd;Alternativa 2;14755,55682
MEX;Electricity, Gas and Water Supply;E;PIB_pd;Alternativa 2;8403,559521
MEX;Construction;F;PIB_pd;Alternativa 2;161412,3789
MEX;"Sale, Maintenance and Repair of Motor Vehicles and Motorcycles; Retail Sale of Fuel";50;PIB_pd;Alternativa 2;0
MEX;Wholesale Trade and Commission Trade, Except of Motor Vehicles and Motorcycles;51;PIB_pd;Alternativa 2;0
MEX;"Retail Trade, Except of Motor Vehicles and Motorcycles; Repair of Household Goods";52;PIB_pd;Alternativa 2;0
MEX;Hotels and Restaurants;H;PIB_pd;Alternativa 2;0
MEX;Inland Transport;60;PIB_pd;Alternativa 2;76278,61479
MEX;Water Transport;61;PIB_pd;Alternativa 2;3599,17388
MEX;Air Transport;62;PIB_pd;Alternativa 2;6743,528413
MEX;"Other Supporting and Auxiliary Transport Activities; Activities of Travel Agencies";63;PIB_pd;Alternativa 2;0
MEX;Post and Telecommunications;64;PIB_pd;Alternativa 2;0
MEX;Financial Intermediation;J;PIB_pd;Alternativa 2;0
MEX;Real Estate Activities;70;PIB_pd;Alternativa 2;0
MEX;Renting of M&Eq and Other Business Activities;71t74;PIB_pd;Alternativa 2;0
MEX;"Public Admin and Defence; Compulsory Social Security";L;PIB_pd;Alternativa 2;0
MEX;Education;M;PIB_pd;Alternativa 2;162350,9227
MEX;Health and Social Work;N;PIB_pd;Alternativa 2;58341,46659
MEX;Other Community, Social and Personal Services;O;PIB_pd;Alternativa 2;0
MEX;Private Households with Employed Persons;P;PIB_pd;Alternativa 2;0
USA;Agriculture, Hunting, Forestry and Fishing;AtB;PIB_pd;Alternativa 2;85708,8053
USA;Mining and Quarrying;C;PIB_pd;Alternativa 2;37750,01103
USA;Food, Beverages and Tobacco;15t16;PIB_pd;Alternativa 2;70212,71115
USA;Textiles and Textile Products;17t18;PIB_pd;Alternativa 2;19944,991
USA;Leather, Leather and Footwear;19;PIB_pd;Alternativa 2;1173,502315
USA;Wood and Products of Wood and Cork;20;PIB_pd;Alternativa 2;13052,70843
USA;Pulp, Paper, Paper , Printing and Publishing;21t22;PIB_pd;Alternativa 2;71521,12901
USA;Coke, Refined Petroleum and Nuclear Fuel;23;PIB_pd;Alternativa 2;7157,411703
USA;Chemicals and Chemical Products;24;PIB_pd;Alternativa 2;48855,96268
USA;Rubber and Plastics;25;PIB_pd;Alternativa 2;24737,66186
USA;Other Non-Metallic Mineral;26;PIB_pd;Alternativa 2;16485,15953
USA;Basic Metals and Fabricated Metal;27t28;PIB_pd;Alternativa 2;66032,61352
USA;Machinery, Nec;29;PIB_pd;Alternativa 2;49849,46303
USA;Electrical and Optical Equipment;30t33;PIB_pd;Alternativa 2;97093,89361
USA;Transport Equipment;34t35;PIB_pd;Alternativa 2;71424,56296
USA;"Manufacturing, Nec; Recycling";36t37;PIB_pd;Alternativa 2;28756,03056
USA;Electricity, Gas and Water Supply;E;PIB_pd;Alternativa 2;27328,43813
USA;Construction;F;PIB_pd;Alternativa 2;263656,6678
USA;"Sale, Maintenance and Repair of Motor Vehicles and Motorcycles; Retail Sale of Fuel";50;PIB_pd;Alternativa 2;0
USA;Wholesale Trade and Commission Trade, Except of Motor Vehicles and Motorcycles;51;PIB_pd;Alternativa 2;0
USA;"Retail Trade, Except of Motor Vehicles and Motorcycles; Repair of Household Goods";52;PIB_pd;Alternativa 2;0
USA;Hotels and Restaurants;H;PIB_pd;Alternativa 2;0
USA;Inland Transport;60;PIB_pd;Alternativa 2;82983,00173
USA;Water Transport;61;PIB_pd;Alternativa 2;2471,147103
USA;Air Transport;62;PIB_pd;Alternativa 2;13493,70379
USA;"Other Supporting and Auxiliary Transport Activities; Activities of Travel Agencies";63;PIB_pd;Alternativa 2;0
USA;Post and Telecommunications;64;PIB_pd;Alternativa 2;0
USA;Financial Intermediation;J;PIB_pd;Alternativa 2;0
USA;Real Estate Activities;70;PIB_pd;Alternativa 2;0
USA;Renting of M&Eq and Other Business Activities;71t74;PIB_pd;Alternativa 2;0
USA;"Public Admin and Defence; Compulsory Social Security";L;PIB_pd;Alternativa 2;0
USA;Education;M;PIB_pd;Alternativa 2;155500,2216
USA;Health and Social Work;N;PIB_pd;Alternativa 2;766309,2784
USA;Other Community, Social and Personal Services;O;PIB_pd;Alternativa 2;0
USA;Private Households with Employed Persons;P;PIB_pd;Alternativa 2;0
BRA;Agriculture, Hunting, Forestry and Fishing;AtB;producao_bruta_pm;Petrovic;138263,0296
BRA;Mining and Quarrying;C;producao_bruta_pm;Petrovic;65330,67813
BRA;Food, Beverages and Tobacco;15t16;producao_bruta_pm;Petrovic;185216,4536
BRA;Textiles and Textile Products;17t18;producao_bruta_pm;Petrovic;40968,21287
BRA;Leather, Leather and Footwear;19;producao_bruta_pm;Petrovic;12122,96597
BRA;Wood and Products of Wood and Cork;20;producao_bruta_pm;Petrovic;9645,25759
BRA;Pulp, Paper, Paper , Printing and Publishing;21t22;producao_bruta_pm;Petrovic;41873,97182
BRA;Coke, Refined Petroleum and Nuclear Fuel;23;producao_bruta_pm;Petrovic;86299,17305
BRA;Chemicals and Chemical Products;24;producao_bruta_pm;Petrovic;98202,57625
BRA;Rubber and Plastics;25;producao_bruta_pm;Petrovic;30106,60752
BRA;Other Non-Metallic Mineral;26;producao_bruta_pm;Petrovic;26135,97231
BRA;Basic Metals and Fabricated Metal;27t28;producao_bruta_pm;Petrovic;84819,24994
BRA;Machinery, Nec;29;producao_bruta_pm;Petrovic;49760,72666
BRA;Electrical and Optical Equipment;30t33;producao_bruta_pm;Petrovic;54748,15257
BRA;Transport Equipment;34t35;producao_bruta_pm;Petrovic;105034,0294
BRA;"Manufacturing, Nec; Recycling";36t37;producao_bruta_pm;Petrovic;22202,84782
BRA;Electricity, Gas and Water Supply;E;producao_bruta_pm;Petrovic;85358,90422
BRA;Construction;F;producao_bruta_pm;Petrovic;142687,2945
BRA;"Sale, Maintenance and Repair of Motor Vehicles and Motorcycles; Retail Sale of Fuel";50;producao_bruta_pm;Petrovic;27065,39624
BRA;Wholesale Trade and Commission Trade, Except of Motor Vehicles and Motorcycles;51;producao_bruta_pm;Petrovic;88106,77578
BRA;"Retail Trade, Except of Motor Vehicles and Motorcycles; Repair of Household Goods";52;producao_bruta_pm;Petrovic;131506,848
BRA;Hotels and Restaurants;H;producao_bruta_pm;Petrovic;60774,37547
BRA;Inland Transport;60;producao_bruta_pm;Petrovic;80266,19821
BRA;Water Transport;61;producao_bruta_pm;Petrovic;4512,58068
BRA;Air Transport;62;producao_bruta_pm;Petrovic;7206,20675
BRA;"Other Supporting and Auxiliary Transport Activities; Activities of Travel Agencies";63;producao_bruta_pm;Petrovic;38052,40658
BRA;Post and Telecommunications;64;producao_bruta_pm;Petrovic;65022,62521
BRA;Financial Intermediation;J;producao_bruta_pm;Petrovic;155511,4609
BRA;Real Estate Activities;70;producao_bruta_pm;Petrovic;126895,2795
BRA;Renting of M&Eq and Other Business Activities;71t74;producao_bruta_pm;Petrovic;165345,163
BRA;"Public Admin and Defence; Compulsory Social Security";L;producao_bruta_pm;Petrovic;220706,6003
BRA;Education;M;producao_bruta_pm;Petrovic;98583,18506
BRA;Health and Social Work;N;producao_bruta_pm;Petrovic;98360,62143
BRA;Other Community, Social and Personal Services;O;producao_bruta_pm;Petrovic;94462,37411
BRA;Private Households with Employed Persons;P;producao_bruta_pm;Petrovic;0
JPN;Agriculture, Hunting, Forestry and Fishing;AtB;producao_bruta_pm;Petrovic;132435,2125
JPN;Mining and Quarrying;C;producao_bruta_pm;Petrovic;32261,77284
JPN;Food, Beverages and Tobacco;15t16;producao_bruta_pm;Petrovic;385169,5435
JPN;Textiles and Textile Products;17t18;producao_bruta_pm;Petrovic;38151,37465
JPN;Leather, Leather and Footwear;19;producao_bruta_pm;Petrovic;3937,24461
JPN;Wood and Products of Wood and Cork;20;producao_bruta_pm;Petrovic;39749,91275
JPN;Pulp, Paper, Paper , Printing and Publishing;21t22;producao_bruta_pm;Petrovic;122858,6113
JPN;Coke, Refined Petroleum and Nuclear Fuel;23;producao_bruta_pm;Petrovic;174930,246
JPN;Chemicals and Chemical Products;24;producao_bruta_pm;Petrovic;278737,8438
JPN;Rubber and Plastics;25;producao_bruta_pm;Petrovic;138804,7005
JPN;Other Non-Metallic Mineral;26;producao_bruta_pm;Petrovic;63667,98985
JPN;Basic Metals and Fabricated Metal;27t28;producao_bruta_pm;Petrovic;511541,7381
JPN;Machinery, Nec;29;producao_bruta_pm;Petrovic;209125,7497
JPN;Electrical and Optical Equipment;30t33;producao_bruta_pm;Petrovic;361112,305
JPN;Transport Equipment;34t35;producao_bruta_pm;Petrovic;424883,1364
JPN;"Manufacturing, Nec; Recycling";36t37;producao_bruta_pm;Petrovic;34443,21256
JPN;Electricity, Gas and Water Supply;E;producao_bruta_pm;Petrovic;263040,0574
JPN;Construction;F;producao_bruta_pm;Petrovic;652374,4106
JPN;"Sale, Maintenance and Repair of Motor Vehicles and Motorcycles; Retail Sale of Fuel";50;producao_bruta_pm;Petrovic;115261,0384
JPN;Wholesale Trade and Commission Trade, Except of Motor Vehicles and Motorcycles;51;producao_bruta_pm;Petrovic;554744,2179
JPN;"Retail Trade, Except of Motor Vehicles and Motorcycles; Repair of Household Goods";52;producao_bruta_pm;Petrovic;302103,922
JPN;Hotels and Restaurants;H;producao_bruta_pm;Petrovic;301093,4191
JPN;Inland Transport;60;producao_bruta_pm;Petrovic;218249,3173
JPN;Water Transport;61;producao_bruta_pm;Petrovic;74966,8097
JPN;Air Transport;62;producao_bruta_pm;Petrovic;35307,24043
JPN;"Other Supporting and Auxiliary Transport Activities; Activities of Travel Agencies";63;producao_bruta_pm;Petrovic;65435,48192
JPN;Post and Telecommunications;64;producao_bruta_pm;Petrovic;169981,4073
JPN;Financial Intermediation;J;producao_bruta_pm;Petrovic;423789,3415
JPN;Real Estate Activities;70;producao_bruta_pm;Petrovic;738948,4791
JPN;Renting of M&Eq and Other Business Activities;71t74;producao_bruta_pm;Petrovic;782674,1656
JPN;"Public Admin and Defence; Compulsory Social Security";L;producao_bruta_pm;Petrovic;633847,5668
JPN;Education;M;producao_bruta_pm;Petrovic;228880,6355
JPN;Health and Social Work;N;producao_bruta_pm;Petrovic;453977,952
JPN;Other Community, Social and Personal Services;O;producao_bruta_pm;Petrovic;421757,2071
JPN;Private Households with Employed Persons;P;producao_bruta_pm;Petrovic;0
MEX;Agriculture, Hunting, Forestry and Fishing;AtB;producao_bruta_pm;Petrovic;52523,02392
MEX;Mining and Quarrying;C;producao_bruta_pm;Petrovic;80249,24839
MEX;Food, Beverages and Tobacco;15t16;producao_bruta_pm;Petrovic;115635,5472
MEX;Textiles and Textile Products;17t18;producao_bruta_pm;Petrovic;14379,71242
MEX;Leather, Leather and Footwear;19;producao_bruta_pm;Petrovic;4510,47216
MEX;Wood and Products of Wood and Cork;20;producao_bruta_pm;Petrovic;3588,19973
MEX;Pulp, Paper, Paper , Printing and Publishing;21t22;producao_bruta_pm;Petrovic;17293,50055
MEX;Coke, Refined Petroleum and Nuclear Fuel;23;producao_bruta_pm;Petrovic;39495,1875
MEX;Chemicals and Chemical Products;24;producao_bruta_pm;Petrovic;45286,93625
MEX;Rubber and Plastics;25;producao_bruta_pm;Petrovic;12030,04202
MEX;Other Non-Metallic Mineral;26;producao_bruta_pm;Petrovic;16155,73147
MEX;Basic Metals and Fabricated Metal;27t28;producao_bruta_pm;Petrovic;46327,03667
MEX;Machinery, Nec;29;producao_bruta_pm;Petrovic;9671,96947
MEX;Electrical and Optical Equipment;30t33;producao_bruta_pm;Petrovic;70420,3355
MEX;Transport Equipment;34t35;producao_bruta_pm;Petrovic;61749,77144
MEX;"Manufacturing, Nec; Recycling";36t37;producao_bruta_pm;Petrovic;14305,49795
MEX;Electricity, Gas and Water Supply;E;producao_bruta_pm;Petrovic;29263,70612
MEX;Construction;F;producao_bruta_pm;Petrovic;122690,4452
MEX;"Sale, Maintenance and Repair of Motor Vehicles and Motorcycles; Retail Sale of Fuel";50;producao_bruta_pm;Petrovic;12669,55549
MEX;Wholesale Trade and Commission Trade, Except of Motor Vehicles and Motorcycles;51;producao_bruta_pm;Petrovic;89085,9791
MEX;"Retail Trade, Except of Motor Vehicles and Motorcycles; Repair of Household Goods";52;producao_bruta_pm;Petrovic;78373,40427
MEX;Hotels and Restaurants;H;producao_bruta_pm;Petrovic;26593,5789
MEX;Inland Transport;60;producao_bruta_pm;Petrovic;71912,324
MEX;Water Transport;61;producao_bruta_pm;Petrovic;998,4043
MEX;Air Transport;62;producao_bruta_pm;Petrovic;6756,0782
MEX;"Other Supporting and Auxiliary Transport Activities; Activities of Travel Agencies";63;producao_bruta_pm;Petrovic;9186,12599
MEX;Post and Telecommunications;64;producao_bruta_pm;Petrovic;39017,83938
MEX;Financial Intermediation;J;producao_bruta_pm;Petrovic;58952,88135
MEX;Real Estate Activities;70;producao_bruta_pm;Petrovic;87577,46196
MEX;Renting of M&Eq and Other Business Activities;71t74;producao_bruta_pm;Petrovic;74352,12024
MEX;"Public Admin and Defence; Compulsory Social Security";L;producao_bruta_pm;Petrovic;52647,25283
MEX;Education;M;producao_bruta_pm;Petrovic;49265,10589
MEX;Health and Social Work;N;producao_bruta_pm;Petrovic;35257,22437
MEX;Other Community, Social and Personal Services;O;producao_bruta_pm;Petrovic;19412,93841
MEX;Private Households with Employed Persons;P;producao_bruta_pm;Petrovic;4127,26536
USA;Agriculture, Hunting, Forestry and Fishing;AtB;producao_bruta_pm;Petrovic;342488
USA;Mining and Quarrying;C;producao_bruta_pm;Petrovic;349301
USA;Food, Beverages and Tobacco;15t16;producao_bruta_pm;Petrovic;776070
USA;Textiles and Textile Products;17t18;producao_bruta_pm;Petrovic;59335,94141
USA;Leather, Leather and Footwear;19;producao_bruta_pm;Petrovic;2735,05664
USA;Wood and Products of Wood and Cork;20;producao_bruta_pm;Petrovic;78755
USA;Pulp, Paper, Paper , Printing and Publishing;21t22;producao_bruta_pm;Petrovic;425812,25
USA;Coke, Refined Petroleum and Nuclear Fuel;23;producao_bruta_pm;Petrovic;473610
USA;Chemicals and Chemical Products;24;producao_bruta_pm;Petrovic;600707
USA;Rubber and Plastics;25;producao_bruta_pm;Petrovic;167664
USA;Other Non-Metallic Mineral;26;producao_bruta_pm;Petrovic;91550
USA;Basic Metals and Fabricated Metal;27t28;producao_bruta_pm;Petrovic;479242
USA;Machinery, Nec;29;producao_bruta_pm;Petrovic;277200,7188
USA;Electrical and Optical Equipment;30t33;producao_bruta_pm;Petrovic;483731,7813
USA;Transport Equipment;34t35;producao_bruta_pm;Petrovic;590906
USA;"Manufacturing, Nec; Recycling";36t37;producao_bruta_pm;Petrovic;137914,2031
USA;Electricity, Gas and Water Supply;E;producao_bruta_pm;Petrovic;387527
USA;Construction;F;producao_bruta_pm;Petrovic;1155286
USA;"Sale, Maintenance and Repair of Motor Vehicles and Motorcycles; Retail Sale of Fuel";50;producao_bruta_pm;Petrovic;210375,7031
USA;Wholesale Trade and Commission Trade, Except of Motor Vehicles and Motorcycles;51;producao_bruta_pm;Petrovic;1008868
USA;"Retail Trade, Except of Motor Vehicles and Motorcycles; Repair of Household Goods";52;producao_bruta_pm;Petrovic;1183829,75
USA;Hotels and Restaurants;H;producao_bruta_pm;Petrovic;761985
USA;Inland Transport;60;producao_bruta_pm;Petrovic;340795
USA;Water Transport;61;producao_bruta_pm;Petrovic;33753
USA;Air Transport;62;producao_bruta_pm;Petrovic;133026
USA;"Other Supporting and Auxiliary Transport Activities; Activities of Travel Agencies";63;producao_bruta_pm;Petrovic;196145
USA;Post and Telecommunications;64;producao_bruta_pm;Petrovic;618645,3125
USA;Financial Intermediation;J;producao_bruta_pm;Petrovic;2429350,5
USA;Real Estate Activities;70;producao_bruta_pm;Petrovic;2302772
USA;Renting of M&Eq and Other Business Activities;71t74;producao_bruta_pm;Petrovic;2868854,75
USA;"Public Admin and Defence; Compulsory Social Security";L;producao_bruta_pm;Petrovic;2946823
USA;Education;M;producao_bruta_pm;Petrovic;223871
USA;Health and Social Work;N;producao_bruta_pm;Petrovic;1687379
USA;Other Community, Social and Personal Services;O;producao_bruta_pm;Petrovic;958630,4375
USA;Private Households with Employed Persons;P;producao_bruta_pm;Petrovic;17959,80469
BRA;Agriculture, Hunting, Forestry and Fishing;AtB;producao_bruta_pd;Petrovic;329184,5264
BRA;Mining and Quarrying;C;producao_bruta_pd;Petrovic;32207,87188
BRA;Food, Beverages and Tobacco;15t16;producao_bruta_pd;Petrovic;301537,1764
BRA;Textiles and Textile Products;17t18;producao_bruta_pd;Petrovic;116433,7644
BRA;Leather, Leather and Footwear;19;producao_bruta_pd;Petrovic;25609,74271
BRA;Wood and Products of Wood and Cork;20;producao_bruta_pd;Petrovic;27038,3707
BRA;Pulp, Paper, Paper , Printing and Publishing;21t22;producao_bruta_pd;Petrovic;58573,83511
BRA;Coke, Refined Petroleum and Nuclear Fuel;23;producao_bruta_pd;Petrovic;65313,34773
BRA;Chemicals and Chemical Products;24;producao_bruta_pd;Petrovic;57899,42606
BRA;Rubber and Plastics;25;producao_bruta_pd;Petrovic;28362,04919
BRA;Other Non-Metallic Mineral;26;producao_bruta_pd;Petrovic;32635,19445
BRA;Basic Metals and Fabricated Metal;27t28;producao_bruta_pd;Petrovic;76243,5112
BRA;Machinery, Nec;29;producao_bruta_pd;Petrovic;44014,20385
BRA;Electrical and Optical Equipment;30t33;producao_bruta_pd;Petrovic;44129,2365
BRA;Transport Equipment;34t35;producao_bruta_pd;Petrovic;72047,56725
BRA;"Manufacturing, Nec; Recycling";36t37;producao_bruta_pd;Petrovic;47364,14487
BRA;Electricity, Gas and Water Supply;E;producao_bruta_pd;Petrovic;44219,0236
BRA;Construction;F;producao_bruta_pd;Petrovic;213982,1683
BRA;"Sale, Maintenance and Repair of Motor Vehicles and Motorcycles; Retail Sale of Fuel";50;producao_bruta_pd;Petrovic;0
BRA;Wholesale Trade and Commission Trade, Except of Motor Vehicles and Motorcycles;51;producao_bruta_pd;Petrovic;0
BRA;"Retail Trade, Except of Motor Vehicles and Motorcycles; Repair of Household Goods";52;producao_bruta_pd;Petrovic;0
BRA;Hotels and Restaurants;H;producao_bruta_pd;Petrovic;0
BRA;Inland Transport;60;producao_bruta_pd;Petrovic;120157,1793
BRA;Water Transport;61;producao_bruta_pd;Petrovic;3126,696781
BRA;Air Transport;62;producao_bruta_pd;Petrovic;5085,822347
BRA;"Other Supporting and Auxiliary Transport Activities; Activities of Travel Agencies";63;producao_bruta_pd;Petrovic;0
BRA;Post and Telecommunications;64;producao_bruta_pd;Petrovic;0
BRA;Financial Intermediation;J;producao_bruta_pd;Petrovic;0
BRA;Real Estate Activities;70;producao_bruta_pd;Petrovic;0
BRA;Renting of M&Eq and Other Business Activities;71t74;producao_bruta_pd;Petrovic;0
BRA;"Public Admin and Defence; Compulsory Social Security";L;producao_bruta_pd;Petrovic;0
BRA;Education;M;producao_bruta_pd;Petrovic;348802,4059
BRA;Health and Social Work;N;producao_bruta_pd;Petrovic;183579,8122
BRA;Other Community, Social and Personal Services;O;producao_bruta_pd;Petrovic;0
BRA;Private Households with Employed Persons;P;producao_bruta_pd;Petrovic;0
JPN;Agriculture, Hunting, Forestry and Fishing;AtB;producao_bruta_pd;Petrovic;179939,0285
JPN;Mining and Quarrying;C;producao_bruta_pd;Petrovic;20320,68114
JPN;Food, Beverages and Tobacco;15t16;producao_bruta_pd;Petrovic;285000,2833
JPN;Textiles and Textile Products;17t18;producao_bruta_pd;Petrovic;34099,03423
JPN;Leather, Leather and Footwear;19;producao_bruta_pd;Petrovic;3019,677151
JPN;Wood and Products of Wood and Cork;20;producao_bruta_pd;Petrovic;36186,40093
JPN;Pulp, Paper, Paper , Printing and Publishing;21t22;producao_bruta_pd;Petrovic;74139,74384
JPN;Coke, Refined Petroleum and Nuclear Fuel;23;producao_bruta_pd;Petrovic;112512,9067
JPN;Chemicals and Chemical Products;24;producao_bruta_pd;Petrovic;107502,1659
JPN;Rubber and Plastics;25;producao_bruta_pd;Petrovic;75893,85965
JPN;Other Non-Metallic Mineral;26;producao_bruta_pd;Petrovic;34346,87343
JPN;Basic Metals and Fabricated Metal;27t28;producao_bruta_pd;Petrovic;253806,5883
JPN;Machinery, Nec;29;producao_bruta_pd;Petrovic;106522,2827
JPN;Electrical and Optical Equipment;30t33;producao_bruta_pd;Petrovic;185028,7929
JPN;Transport Equipment;34t35;producao_bruta_pd;Petrovic;201725,0586
JPN;"Manufacturing, Nec; Recycling";36t37;producao_bruta_pd;Petrovic;22757,31151
JPN;Electricity, Gas and Water Supply;E;producao_bruta_pd;Petrovic;107557,0087
JPN;Construction;F;producao_bruta_pd;Petrovic;389373,0903
JPN;"Sale, Maintenance and Repair of Motor Vehicles and Motorcycles; Retail Sale of Fuel";50;producao_bruta_pd;Petrovic;0
JPN;Wholesale Trade and Commission Trade, Except of Motor Vehicles and Motorcycles;51;producao_bruta_pd;Petrovic;0
JPN;"Retail Trade, Except of Motor Vehicles and Motorcycles; Repair of Household Goods";52;producao_bruta_pd;Petrovic;0
JPN;Hotels and Restaurants;H;producao_bruta_pd;Petrovic;0
JPN;Inland Transport;60;producao_bruta_pd;Petrovic;132594,4825
JPN;Water Transport;61;producao_bruta_pd;Petrovic;29619,75434
JPN;Air Transport;62;producao_bruta_pd;Petrovic;9767,185995
JPN;"Other Supporting and Auxiliary Transport Activities; Activities of Travel Agencies";63;producao_bruta_pd;Petrovic;0
JPN;Post and Telecommunications;64;producao_bruta_pd;Petrovic;0
JPN;Financial Intermediation;J;producao_bruta_pd;Petrovic;0
JPN;Real Estate Activities;70;producao_bruta_pd;Petrovic;0
JPN;Renting of M&Eq and Other Business Activities;71t74;producao_bruta_pd;Petrovic;0
JPN;"Public Admin and Defence; Compulsory Social Security";L;producao_bruta_pd;Petrovic;0
JPN;Education;M;producao_bruta_pd;Petrovic;137307,8388
JPN;Health and Social Work;N;producao_bruta_pd;Petrovic;303520,5687
JPN;Other Community, Social and Personal Services;O;producao_bruta_pd;Petrovic;0
JPN;Private Households with Employed Persons;P;producao_bruta_pd;Petrovic;0
MEX;Agriculture, Hunting, Forestry and Fishing;AtB;producao_bruta_pd;Petrovic;152837,6545
MEX;Mining and Quarrying;C;producao_bruta_pd;Petrovic;19678,12068
MEX;Food, Beverages and Tobacco;15t16;producao_bruta_pd;Petrovic;153027,4868
MEX;Textiles and Textile Products;17t18;producao_bruta_pd;Petrovic;40976,24226
MEX;Leather, Leather and Footwear;19;producao_bruta_pd;Petrovic;7186,028164
MEX;Wood and Products of Wood and Cork;20;producao_bruta_pd;Petrovic;6983,075523
MEX;Pulp, Paper, Paper , Printing and Publishing;21t22;producao_bruta_pd;Petrovic;23691,55504
MEX;Coke, Refined Petroleum and Nuclear Fuel;23;producao_bruta_pd;Petrovic;13286,26015
MEX;Chemicals and Chemical Products;24;producao_bruta_pd;Petrovic;31554,65943
MEX;Rubber and Plastics;25;producao_bruta_pd;Petrovic;17284,61987
MEX;Other Non-Metallic Mineral;26;producao_bruta_pd;Petrovic;16113,98919
MEX;Basic Metals and Fabricated Metal;27t28;producao_bruta_pd;Petrovic;35425,52958
MEX;Machinery, Nec;29;producao_bruta_pd;Petrovic;15340,0108
MEX;Electrical and Optical Equipment;30t33;producao_bruta_pd;Petrovic;87360,96034
MEX;Transport Equipment;34t35;producao_bruta_pd;Petrovic;56454,57746
MEX;"Manufacturing, Nec; Recycling";36t37;producao_bruta_pd;Petrovic;23236,533
MEX;Electricity, Gas and Water Supply;E;producao_bruta_pd;Petrovic;22604,64555
MEX;Construction;F;producao_bruta_pd;Petrovic;214981,9543
MEX;"Sale, Maintenance and Repair of Motor Vehicles and Motorcycles; Retail Sale of Fuel";50;producao_bruta_pd;Petrovic;0
MEX;Wholesale Trade and Commission Trade, Except of Motor Vehicles and Motorcycles;51;producao_bruta_pd;Petrovic;0
MEX;"Retail Trade, Except of Motor Vehicles and Motorcycles; Repair of Household Goods";52;producao_bruta_pd;Petrovic;0
MEX;Hotels and Restaurants;H;producao_bruta_pd;Petrovic;0
MEX;Inland Transport;60;producao_bruta_pd;Petrovic;97894,82338
MEX;Water Transport;61;producao_bruta_pd;Petrovic;4198,650535
MEX;Air Transport;62;producao_bruta_pd;Petrovic;9168,127605
MEX;"Other Supporting and Auxiliary Transport Activities; Activities of Travel Agencies";63;producao_bruta_pd;Petrovic;0
MEX;Post and Telecommunications;64;producao_bruta_pd;Petrovic;0
MEX;Financial Intermediation;J;producao_bruta_pd;Petrovic;0
MEX;Real Estate Activities;70;producao_bruta_pd;Petrovic;0
MEX;Renting of M&Eq and Other Business Activities;71t74;producao_bruta_pd;Petrovic;0
MEX;"Public Admin and Defence; Compulsory Social Security";L;producao_bruta_pd;Petrovic;0
MEX;Education;M;producao_bruta_pd;Petrovic;177060,8066
MEX;Health and Social Work;N;producao_bruta_pd;Petrovic;69953,366
MEX;Other Community, Social and Personal Services;O;producao_bruta_pd;Petrovic;0
MEX;Private Households with Employed Persons;P;producao_bruta_pd;Petrovic;0
USA;Agriculture, Hunting, Forestry and Fishing;AtB;producao_bruta_pd;Petrovic;260067,0445
USA;Mining and Quarrying;C;producao_bruta_pd;Petrovic;126180,552
USA;Food, Beverages and Tobacco;15t16;producao_bruta_pd;Petrovic;562610,1635
USA;Textiles and Textile Products;17t18;producao_bruta_pd;Petrovic;42017,59998
USA;Leather, Leather and Footwear;19;producao_bruta_pd;Petrovic;2807,546971
USA;Wood and Products of Wood and Cork;20;producao_bruta_pd;Petrovic;47935,24734
USA;Pulp, Paper, Paper , Printing and Publishing;21t22;producao_bruta_pd;Petrovic;151312,8634
USA;Coke, Refined Petroleum and Nuclear Fuel;23;producao_bruta_pd;Petrovic;267206,3457
USA;Chemicals and Chemical Products;24;producao_bruta_pd;Petrovic;189225,0586
USA;Rubber and Plastics;25;producao_bruta_pd;Petrovic;72703,31829
USA;Other Non-Metallic Mineral;26;producao_bruta_pd;Petrovic;36710,195
USA;Basic Metals and Fabricated Metal;27t28;producao_bruta_pd;Petrovic;187778,0572
USA;Machinery, Nec;29;producao_bruta_pd;Petrovic;119342,2725
USA;Electrical and Optical Equipment;30t33;producao_bruta_pd;Petrovic;195713,2721
USA;Transport Equipment;34t35;producao_bruta_pd;Petrovic;254492,0902
USA;"Manufacturing, Nec; Recycling";36t37;producao_bruta_pd;Petrovic;68793,9566
USA;Electricity, Gas and Water Supply;E;producao_bruta_pd;Petrovic;133900,0939
USA;Construction;F;producao_bruta_pd;Petrovic;473387,5487
USA;"Sale, Maintenance and Repair of Motor Vehicles and Motorcycles; Retail Sale of Fuel";50;producao_bruta_pd;Petrovic;0
USA;Wholesale Trade and Commission Trade, Except of Motor Vehicles and Motorcycles;51;producao_bruta_pd;Petrovic;0
USA;"Retail Trade, Except of Motor Vehicles and Motorcycles; Repair of Household Goods";52;producao_bruta_pd;Petrovic;0
USA;Hotels and Restaurants;H;producao_bruta_pd;Petrovic;0
USA;Inland Transport;60;producao_bruta_pd;Petrovic;142078,4605
USA;Water Transport;61;producao_bruta_pd;Petrovic;9241,539803
USA;Air Transport;62;producao_bruta_pd;Petrovic;35640,52275
USA;"Other Supporting and Auxiliary Transport Activities; Activities of Travel Agencies";63;producao_bruta_pd;Petrovic;0
USA;Post and Telecommunications;64;producao_bruta_pd;Petrovic;0
USA;Financial Intermediation;J;producao_bruta_pd;Petrovic;0
USA;Real Estate Activities;70;producao_bruta_pd;Petrovic;0
USA;Renting of M&Eq and Other Business Activities;71t74;producao_bruta_pd;Petrovic;0
USA;"Public Admin and Defence; Compulsory Social Security";L;producao_bruta_pd;Petrovic;0
USA;Education;M;producao_bruta_pd;Petrovic;217151,9162
USA;Health and Social Work;N;producao_bruta_pd;Petrovic;982269,2266
USA;Other Community, Social and Personal Services;O;producao_bruta_pd;Petrovic;0
USA;Private Households with Employed Persons;P;producao_bruta_pd;Petrovic;0
BRA;Agriculture, Hunting, Forestry and Fishing;AtB;PIB_pm;Petrovic;78638,48285
BRA;Mining and Quarrying;C;PIB_pm;Petrovic;25539,80186
BRA;Food, Beverages and Tobacco;15t16;PIB_pm;Petrovic;34598,39173
BRA;Textiles and Textile Products;17t18;PIB_pm;Petrovic;16542,72959
BRA;Leather, Leather and Footwear;19;PIB_pm;Petrovic;4229,20914
BRA;Wood and Products of Wood and Cork;20;PIB_pm;Petrovic;3955,13078
BRA;Pulp, Paper, Paper , Printing and Publishing;21t22;PIB_pm;Petrovic;16569,73731
BRA;Coke, Refined Petroleum and Nuclear Fuel;23;PIB_pm;Petrovic;19328,52605
BRA;Chemicals and Chemical Products;24;PIB_pm;Petrovic;27662,40872
BRA;Rubber and Plastics;25;PIB_pm;Petrovic;9668,76431
BRA;Other Non-Metallic Mineral;26;PIB_pm;Petrovic;9526,22356
BRA;Basic Metals and Fabricated Metal;27t28;PIB_pm;Petrovic;30052,59208
BRA;Machinery, Nec;29;PIB_pm;Petrovic;15182,84079
BRA;Electrical and Optical Equipment;30t33;PIB_pm;Petrovic;15280,36868
BRA;Transport Equipment;34t35;PIB_pm;Petrovic;20542,37309
BRA;"Manufacturing, Nec; Recycling";36t37;PIB_pm;Petrovic;9559,233
BRA;Electricity, Gas and Water Supply;E;PIB_pm;Petrovic;43305,88121
BRA;Construction;F;PIB_pm;Petrovic;73412,48873
BRA;"Sale, Maintenance and Repair of Motor Vehicles and Motorcycles; Retail Sale of Fuel";50;PIB_pm;Petrovic;19154,80256
BRA;Wholesale Trade and Commission Trade, Except of Motor Vehicles and Motorcycles;51;PIB_pm;Petrovic;62355,19071
BRA;"Retail Trade, Except of Motor Vehicles and Motorcycles; Repair of Household Goods";52;PIB_pm;Petrovic;93070,42146
BRA;Hotels and Restaurants;H;PIB_pm;Petrovic;27211,27974
BRA;Inland Transport;60;PIB_pm;Petrovic;41561,14801
BRA;Water Transport;61;PIB_pm;Petrovic;2336,5755
BRA;Air Transport;62;PIB_pm;Petrovic;3731,31215
BRA;"Other Supporting and Auxiliary Transport Activities; Activities of Travel Agencies";63;PIB_pm;Petrovic;19703,20935
BRA;Post and Telecommunications;64;PIB_pm;Petrovic;28566,87434
BRA;Financial Intermediation;J;PIB_pm;Petrovic;101136,9152
BRA;Real Estate Activities;70;PIB_pm;Petrovic;116911,9253
BRA;Renting of M&Eq and Other Business Activities;71t74;PIB_pm;Petrovic;98494,54253
BRA;"Public Admin and Defence; Compulsory Social Security";L;PIB_pm;Petrovic;142922,3617
BRA;Education;M;PIB_pm;Petrovic;72313,67458
BRA;Health and Social Work;N;PIB_pm;Petrovic;56835,24927
BRA;Other Community, Social and Personal Services;O;PIB_pm;Petrovic;57688,40725
BRA;Private Households with Employed Persons;P;PIB_pm;Petrovic;0
JPN;Agriculture, Hunting, Forestry and Fishing;AtB;PIB_pm;Petrovic;66207,37132
JPN;Mining and Quarrying;C;PIB_pm;Petrovic;5655,42288
JPN;Food, Beverages and Tobacco;15t16;PIB_pm;Petrovic;141247,6125
JPN;Textiles and Textile Products;17t18;PIB_pm;Petrovic;14194,98343
JPN;Leather, Leather and Footwear;19;PIB_pm;Petrovic;1230,09633
JPN;Wood and Products of Wood and Cork;20;PIB_pm;Petrovic;12336,06714
JPN;Pulp, Paper, Paper , Printing and Publishing;21t22;PIB_pm;Petrovic;54723,90536
JPN;Coke, Refined Petroleum and Nuclear Fuel;23;PIB_pm;Petrovic;61877,74873
JPN;Chemicals and Chemical Products;24;PIB_pm;Petrovic;77943,59678
JPN;Rubber and Plastics;25;PIB_pm;Petrovic;33605,80728
JPN;Other Non-Metallic Mineral;26;PIB_pm;Petrovic;20423,76652
JPN;Basic Metals and Fabricated Metal;27t28;PIB_pm;Petrovic;137402,6164
JPN;Machinery, Nec;29;PIB_pm;Petrovic;73584,24847
JPN;Electrical and Optical Equipment;30t33;PIB_pm;Petrovic;113897,7005
JPN;Transport Equipment;34t35;PIB_pm;Petrovic;101144,0328
JPN;"Manufacturing, Nec; Recycling";36t37;PIB_pm;Petrovic;7236,5929
JPN;Electricity, Gas and Water Supply;E;PIB_pm;Petrovic;112805,8745
JPN;Construction;F;PIB_pm;Petrovic;298325,8034
JPN;"Sale, Maintenance and Repair of Motor Vehicles and Motorcycles; Retail Sale of Fuel";50;PIB_pm;Petrovic;50140,69399
JPN;Wholesale Trade and Commission Trade, Except of Motor Vehicles and Motorcycles;51;PIB_pm;Petrovic;381043,3836
JPN;"Retail Trade, Except of Motor Vehicles and Motorcycles; Repair of Household Goods";52;PIB_pm;Petrovic;215027,2985
JPN;Hotels and Restaurants;H;PIB_pm;Petrovic;143854,123
JPN;Inland Transport;60;PIB_pm;Petrovic;136394,4568
JPN;Water Transport;61;PIB_pm;Petrovic;25450,44125
JPN;Air Transport;62;PIB_pm;Petrovic;15086,94336
JPN;"Other Supporting and Auxiliary Transport Activities; Activities of Travel Agencies";63;PIB_pm;Petrovic;38114,05968
JPN;Post and Telecommunications;64;PIB_pm;Petrovic;109692,2079
JPN;Financial Intermediation;J;PIB_pm;Petrovic;258315,895
JPN;Real Estate Activities;70;PIB_pm;Petrovic;640081,4486
JPN;Renting of M&Eq and Other Business Activities;71t74;PIB_pm;Petrovic;399104,0752
JPN;"Public Admin and Defence; Compulsory Social Security";L;PIB_pm;Petrovic;437871,3675
JPN;Education;M;PIB_pm;Petrovic;199116,6811
JPN;Health and Social Work;N;PIB_pm;Petrovic;278648,046
JPN;Other Community, Social and Personal Services;O;PIB_pm;Petrovic;253423,6935
JPN;Private Households with Employed Persons;P;PIB_pm;Petrovic;0
MEX;Agriculture, Hunting, Forestry and Fishing;AtB;PIB_pm;Petrovic;29651,47851
MEX;Mining and Quarrying;C;PIB_pm;Petrovic;65745,51204
MEX;Food, Beverages and Tobacco;15t16;PIB_pm;Petrovic;43753,13046
MEX;Textiles and Textile Products;17t18;PIB_pm;Petrovic;5160,43301
MEX;Leather, Leather and Footwear;19;PIB_pm;Petrovic;1625,21641
MEX;Wood and Products of Wood and Cork;20;PIB_pm;Petrovic;1554,71733
MEX;Pulp, Paper, Paper , Printing and Publishing;21t22;PIB_pm;Petrovic;7628,42014
MEX;Coke, Refined Petroleum and Nuclear Fuel;23;PIB_pm;Petrovic;6252,49062
MEX;Chemicals and Chemical Products;24;PIB_pm;Petrovic;13447,99671
MEX;Rubber and Plastics;25;PIB_pm;Petrovic;3697,47707
MEX;Other Non-Metallic Mineral;26;PIB_pm;Petrovic;8483,4627
MEX;Basic Metals and Fabricated Metal;27t28;PIB_pm;Petrovic;16295,52085
MEX;Machinery, Nec;29;PIB_pm;Petrovic;3456,23344
MEX;Electrical and Optical Equipment;30t33;PIB_pm;Petrovic;10251,43457
MEX;Transport Equipment;34t35;PIB_pm;Petrovic;18673,28833
MEX;"Manufacturing, Nec; Recycling";36t37;PIB_pm;Petrovic;4992,53728
MEX;Electricity, Gas and Water Supply;E;PIB_pm;Petrovic;9879,61178
MEX;Construction;F;PIB_pm;Petrovic;59098,73926
MEX;"Sale, Maintenance and Repair of Motor Vehicles and Motorcycles; Retail Sale of Fuel";50;PIB_pm;Petrovic;8136,94129
MEX;Wholesale Trade and Commission Trade, Except of Motor Vehicles and Motorcycles;51;PIB_pm;Petrovic;66549,41215
MEX;"Retail Trade, Except of Motor Vehicles and Motorcycles; Repair of Household Goods";52;PIB_pm;Petrovic;59912,53432
MEX;Hotels and Restaurants;H;PIB_pm;Petrovic;19240,54688
MEX;Inland Transport;60;PIB_pm;Petrovic;45821,41197
MEX;Water Transport;61;PIB_pm;Petrovic;487,10858
MEX;Air Transport;62;PIB_pm;Petrovic;1895,8202
MEX;"Other Supporting and Auxiliary Transport Activities; Activities of Travel Agencies";63;PIB_pm;Petrovic;6621,88542
MEX;Post and Telecommunications;64;PIB_pm;Petrovic;24235,21451
MEX;Financial Intermediation;J;PIB_pm;Petrovic;40262,37529
MEX;Real Estate Activities;70;PIB_pm;Petrovic;79779,59944
MEX;Renting of M&Eq and Other Business Activities;71t74;PIB_pm;Petrovic;53926,49983
MEX;"Public Admin and Defence; Compulsory Social Security";L;PIB_pm;Petrovic;36870,94951
MEX;Education;M;PIB_pm;Petrovic;43403,81915
MEX;Health and Social Work;N;PIB_pm;Petrovic;25906,13211
MEX;Other Community, Social and Personal Services;O;PIB_pm;Petrovic;13676,18054
MEX;Private Households with Employed Persons;P;PIB_pm;Petrovic;4082,55827
USA;Agriculture, Hunting, Forestry and Fishing;AtB;PIB_pm;Petrovic;134069
USA;Mining and Quarrying;C;PIB_pm;Petrovic;240596
USA;Food, Beverages and Tobacco;15t16;PIB_pm;Petrovic;207022
USA;Textiles and Textile Products;17t18;PIB_pm;Petrovic;25951,11133
USA;Leather, Leather and Footwear;19;PIB_pm;Petrovic;1321,88782
USA;Wood and Products of Wood and Cork;20;PIB_pm;Petrovic;20415
USA;Pulp, Paper, Paper , Printing and Publishing;21t22;PIB_pm;Petrovic;164834,9844
USA;Coke, Refined Petroleum and Nuclear Fuel;23;PIB_pm;Petrovic;117262
USA;Chemicals and Chemical Products;24;PIB_pm;Petrovic;201351
USA;Rubber and Plastics;25;PIB_pm;Petrovic;54481
USA;Other Non-Metallic Mineral;26;PIB_pm;Petrovic;37252
USA;Basic Metals and Fabricated Metal;27t28;PIB_pm;Petrovic;160889
USA;Machinery, Nec;29;PIB_pm;Petrovic;116524,0703
USA;Electrical and Optical Equipment;30t33;PIB_pm;Petrovic;273393,6563
USA;Transport Equipment;34t35;PIB_pm;Petrovic;162487
USA;"Manufacturing, Nec; Recycling";36t37;PIB_pm;Petrovic;59248,28516
USA;Electricity, Gas and Water Supply;E;PIB_pm;Petrovic;263537
USA;Construction;F;PIB_pm;Petrovic;571614
USA;"Sale, Maintenance and Repair of Motor Vehicles and Motorcycles; Retail Sale of Fuel";50;PIB_pm;Petrovic;130391,2266
USA;Wholesale Trade and Commission Trade, Except of Motor Vehicles and Motorcycles;51;PIB_pm;Petrovic;793022
USA;"Retail Trade, Except of Motor Vehicles and Motorcycles; Repair of Household Goods";52;PIB_pm;Petrovic;844077,5625
USA;Hotels and Restaurants;H;PIB_pm;Petrovic;415095
USA;Inland Transport;60;PIB_pm;Petrovic;173895
USA;Water Transport;61;PIB_pm;Petrovic;13891
USA;Air Transport;62;PIB_pm;Petrovic;61361
USA;"Other Supporting and Auxiliary Transport Activities; Activities of Travel Agencies";63;PIB_pm;Petrovic;134967
USA;Post and Telecommunications;64;PIB_pm;Petrovic;368709,7813
USA;Financial Intermediation;J;PIB_pm;Petrovic;1287636,875
USA;Real Estate Activities;70;PIB_pm;Petrovic;1687387
USA;Renting of M&Eq and Other Business Activities;71t74;PIB_pm;Petrovic;1900373,125
USA;"Public Admin and Defence; Compulsory Social Security";L;PIB_pm;Petrovic;1777079
USA;Education;M;PIB_pm;Petrovic;145190
USA;Health and Social Work;N;PIB_pm;Petrovic;1040797
USA;Other Community, Social and Personal Services;O;PIB_pm;Petrovic;512898,625
USA;Private Households with Employed Persons;P;PIB_pm;Petrovic;17959,80469
BRA;Agriculture, Hunting, Forestry and Fishing;AtB;PIB_pd;Petrovic;227192,4427
BRA;Mining and Quarrying;C;PIB_pd;Petrovic;9226,722877
BRA;Food, Beverages and Tobacco;15t16;PIB_pd;Petrovic;65105,42811
BRA;Textiles and Textile Products;17t18;PIB_pd;Petrovic;76486,85172
BRA;Leather, Leather and Footwear;19;PIB_pd;Petrovic;16739,07839
BRA;Wood and Products of Wood and Cork;20;PIB_pd;Petrovic;15265,58346
BRA;Pulp, Paper, Paper , Printing and Publishing;21t22;PIB_pd;Petrovic;19903,64915
BRA;Coke, Refined Petroleum and Nuclear Fuel;23;PIB_pd;Petrovic;4678,330717
BRA;Chemicals and Chemical Products;24;PIB_pd;Petrovic;17265,64623
BRA;Rubber and Plastics;25;PIB_pd;Petrovic;14683,38865
BRA;Other Non-Metallic Mineral;26;PIB_pd;Petrovic;21245,92298
BRA;Basic Metals and Fabricated Metal;27t28;PIB_pd;Petrovic;36041,55349
BRA;Machinery, Nec;29;PIB_pd;Petrovic;21447,88882
BRA;Electrical and Optical Equipment;30t33;PIB_pd;Petrovic;19144,71886
BRA;Transport Equipment;34t35;PIB_pd;Petrovic;20618,82351
BRA;"Manufacturing, Nec; Recycling";36t37;PIB_pd;Petrovic;33182,7858
BRA;Electricity, Gas and Water Supply;E;PIB_pd;Petrovic;20382,3659
BRA;Construction;F;PIB_pd;Petrovic;151730,4911
BRA;"Sale, Maintenance and Repair of Motor Vehicles and Motorcycles; Retail Sale of Fuel";50;PIB_pd;Petrovic;0
BRA;Wholesale Trade and Commission Trade, Except of Motor Vehicles and Motorcycles;51;PIB_pd;Petrovic;0
BRA;"Retail Trade, Except of Motor Vehicles and Motorcycles; Repair of Household Goods";52;PIB_pd;Petrovic;0
BRA;Hotels and Restaurants;H;PIB_pd;Petrovic;0
BRA;Inland Transport;60;PIB_pd;Petrovic;99044,73327
BRA;Water Transport;61;PIB_pd;Petrovic;1856,641015
BRA;Air Transport;62;PIB_pd;Petrovic;3092,173811
BRA;"Other Supporting and Auxiliary Transport Activities; Activities of Travel Agencies";63;PIB_pd;Petrovic;0
BRA;Post and Telecommunications;64;PIB_pd;Petrovic;0
BRA;Financial Intermediation;J;PIB_pd;Petrovic;0
BRA;Real Estate Activities;70;PIB_pd;Petrovic;0
BRA;Renting of M&Eq and Other Business Activities;71t74;PIB_pd;Petrovic;0
BRA;"Public Admin and Defence; Compulsory Social Security";L;PIB_pd;Petrovic;0
BRA;Education;M;PIB_pd;Petrovic;330035,0771
BRA;Health and Social Work;N;PIB_pd;Petrovic;159722,144
BRA;Other Community, Social and Personal Services;O;PIB_pd;Petrovic;0
BRA;Private Households with Employed Persons;P;PIB_pd;Petrovic;0
JPN;Agriculture, Hunting, Forestry and Fishing;AtB;PIB_pd;Petrovic;93546,69791
JPN;Mining and Quarrying;C;PIB_pd;Petrovic;1583,965053
JPN;Food, Beverages and Tobacco;15t16;PIB_pd;Petrovic;49879,66243
JPN;Textiles and Textile Products;17t18;PIB_pd;Petrovic;16343,31116
JPN;Leather, Leather and Footwear;19;PIB_pd;Petrovic;1210,130131
JPN;Wood and Products of Wood and Cork;20;PIB_pd;Petrovic;9277,272379
JPN;Pulp, Paper, Paper , Printing and Publishing;21t22;PIB_pd;Petrovic;32232,89935
JPN;Coke, Refined Petroleum and Nuclear Fuel;23;PIB_pd;Petrovic;655,0572369
JPN;Chemicals and Chemical Products;24;PIB_pd;Petrovic;17312,27308
JPN;Rubber and Plastics;25;PIB_pd;Petrovic;21007,7213
JPN;Other Non-Metallic Mineral;26;PIB_pd;Petrovic;7954,069385
JPN;Basic Metals and Fabricated Metal;27t28;PIB_pd;Petrovic;51981,85028
JPN;Machinery, Nec;29;PIB_pd;Petrovic;31534,89186
JPN;Electrical and Optical Equipment;30t33;PIB_pd;Petrovic;54572,24284
JPN;Transport Equipment;34t35;PIB_pd;Petrovic;39037,6
JPN;"Manufacturing, Nec; Recycling";36t37;PIB_pd;Petrovic;6743,439048
JPN;Electricity, Gas and Water Supply;E;PIB_pd;Petrovic;18040,00465
JPN;Construction;F;PIB_pd;Petrovic;217183,8583
JPN;"Sale, Maintenance and Repair of Motor Vehicles and Motorcycles; Retail Sale of Fuel";50;PIB_pd;Petrovic;0
JPN;Wholesale Trade and Commission Trade, Except of Motor Vehicles and Motorcycles;51;PIB_pd;Petrovic;0
JPN;"Retail Trade, Except of Motor Vehicles and Motorcycles; Repair of Household Goods";52;PIB_pd;Petrovic;0
JPN;Hotels and Restaurants;H;PIB_pd;Petrovic;0
JPN;Inland Transport;60;PIB_pd;Petrovic;85643,07731
JPN;Water Transport;61;PIB_pd;Petrovic;4302,060411
JPN;Air Transport;62;PIB_pd;Petrovic;1314,435489
JPN;"Other Supporting and Auxiliary Transport Activities; Activities of Travel Agencies";63;PIB_pd;Petrovic;0
JPN;Post and Telecommunications;64;PIB_pd;Petrovic;0
JPN;Financial Intermediation;J;PIB_pd;Petrovic;0
JPN;Real Estate Activities;70;PIB_pd;Petrovic;0
JPN;Renting of M&Eq and Other Business Activities;71t74;PIB_pd;Petrovic;0
JPN;"Public Admin and Defence; Compulsory Social Security";L;PIB_pd;Petrovic;0
JPN;Education;M;PIB_pd;Petrovic;122340,5639
JPN;Health and Social Work;N;PIB_pd;Petrovic;196247,5386
JPN;Other Community, Social and Personal Services;O;PIB_pd;Petrovic;0
JPN;Private Households with Employed Persons;P;PIB_pd;Petrovic;0
MEX;Agriculture, Hunting, Forestry and Fishing;AtB;PIB_pd;Petrovic;108060,1199
MEX;Mining and Quarrying;C;PIB_pd;Petrovic;8689,708483
MEX;Food, Beverages and Tobacco;15t16;PIB_pd;Petrovic;48132,69618
MEX;Textiles and Textile Products;17t18;PIB_pd;Petrovic;27234,99522
MEX;Leather, Leather and Footwear;19;PIB_pd;Petrovic;3650,716159
MEX;Wood and Products of Wood and Cork;20;PIB_pd;Petrovic;2551,93004
MEX;Pulp, Paper, Paper , Printing and Publishing;21t22;PIB_pd;Petrovic;15437,09596
MEX;Coke, Refined Petroleum and Nuclear Fuel;23;PIB_pd;Petrovic;3316,916875
MEX;Chemicals and Chemical Products;24;PIB_pd;Petrovic;15425,08047
MEX;Rubber and Plastics;25;PIB_pd;Petrovic;11651,70019
MEX;Other Non-Metallic Mineral;26;PIB_pd;Petrovic;10329,69491
MEX;Basic Metals and Fabricated Metal;27t28;PIB_pd;Petrovic;16480,87935
MEX;Machinery, Nec;29;PIB_pd;Petrovic;11213,73813
MEX;Electrical and Optical Equipment;30t33;PIB_pd;Petrovic;35943,35807
MEX;Transport Equipment;34t35;PIB_pd;Petrovic;26598,18468
MEX;"Manufacturing, Nec; Recycling";36t37;PIB_pd;Petrovic;14859,98226
MEX;Electricity, Gas and Water Supply;E;PIB_pd;Petrovic;8743,651461
MEX;Construction;F;PIB_pd;Petrovic;164343,6846
MEX;"Sale, Maintenance and Repair of Motor Vehicles and Motorcycles; Retail Sale of Fuel";50;PIB_pd;Petrovic;0
MEX;Wholesale Trade and Commission Trade, Except of Motor Vehicles and Motorcycles;51;PIB_pd;Petrovic;0
MEX;"Retail Trade, Except of Motor Vehicles and Motorcycles; Repair of Household Goods";52;PIB_pd;Petrovic;0
MEX;Hotels and Restaurants;H;PIB_pd;Petrovic;0
MEX;Inland Transport;60;PIB_pd;Petrovic;78976,69364
MEX;Water Transport;61;PIB_pd;Petrovic;3802,132403
MEX;Air Transport;62;PIB_pd;Petrovic;7161,844094
MEX;"Other Supporting and Auxiliary Transport Activities; Activities of Travel Agencies";63;PIB_pd;Petrovic;0
MEX;Post and Telecommunications;64;PIB_pd;Petrovic;0
MEX;Financial Intermediation;J;PIB_pd;Petrovic;0
MEX;Real Estate Activities;70;PIB_pd;Petrovic;0
MEX;Renting of M&Eq and Other Business Activities;71t74;PIB_pd;Petrovic;0
MEX;"Public Admin and Defence; Compulsory Social Security";L;PIB_pd;Petrovic;0
MEX;Education;M;PIB_pd;Petrovic;172402,5683
MEX;Health and Social Work;N;PIB_pd;Petrovic;62172,79893
MEX;Other Community, Social and Personal Services;O;PIB_pd;Petrovic;0
MEX;Private Households with Employed Persons;P;PIB_pd;Petrovic;0
USA;Agriculture, Hunting, Forestry and Fishing;AtB;PIB_pd;Petrovic;89424,71579
USA;Mining and Quarrying;C;PIB_pd;Petrovic;39860,33671
USA;Food, Beverages and Tobacco;15t16;PIB_pd;Petrovic;73544,00432
USA;Textiles and Textile Products;17t18;PIB_pd;Petrovic;20716,9125
USA;Leather, Leather and Footwear;19;PIB_pd;Petrovic;1218,919817
USA;Wood and Products of Wood and Cork;20;PIB_pd;Petrovic;13582,14481
USA;Pulp, Paper, Paper , Printing and Publishing;21t22;PIB_pd;Petrovic;75932,97195
USA;Coke, Refined Petroleum and Nuclear Fuel;23;PIB_pd;Petrovic;7607,18006
USA;Chemicals and Chemical Products;24;PIB_pd;Petrovic;52228,07638
USA;Rubber and Plastics;25;PIB_pd;Petrovic;25966,7784
USA;Other Non-Metallic Mineral;26;PIB_pd;Petrovic;17305,92885
USA;Basic Metals and Fabricated Metal;27t28;PIB_pd;Petrovic;69201,64454
USA;Machinery, Nec;29;PIB_pd;Petrovic;52714,7814
USA;Electrical and Optical Equipment;30t33;PIB_pd;Petrovic;103729,2092
USA;Transport Equipment;34t35;PIB_pd;Petrovic;76007,19961
USA;"Manufacturing, Nec; Recycling";36t37;PIB_pd;Petrovic;30142,29348
USA;Electricity, Gas and Water Supply;E;PIB_pd;Petrovic;29021,39171
USA;Construction;F;PIB_pd;Petrovic;274887,4076
USA;"Sale, Maintenance and Repair of Motor Vehicles and Motorcycles; Retail Sale of Fuel";50;PIB_pd;Petrovic;0
USA;Wholesale Trade and Commission Trade, Except of Motor Vehicles and Motorcycles;51;PIB_pd;Petrovic;0
USA;"Retail Trade, Except of Motor Vehicles and Motorcycles; Repair of Household Goods";52;PIB_pd;Petrovic;0
USA;Hotels and Restaurants;H;PIB_pd;Petrovic;0
USA;Inland Transport;60;PIB_pd;Petrovic;87110,25474
USA;Water Transport;61;PIB_pd;Petrovic;2594,052386
USA;Air Transport;62;PIB_pd;Petrovic;14164,82834
USA;"Other Supporting and Auxiliary Transport Activities; Activities of Travel Agencies";63;PIB_pd;Petrovic;0
USA;Post and Telecommunications;64;PIB_pd;Petrovic;0
USA;Financial Intermediation;J;PIB_pd;Petrovic;0
USA;Real Estate Activities;70;PIB_pd;Petrovic;0
USA;Renting of M&Eq and Other Business Activities;71t74;PIB_pd;Petrovic;0
USA;"Public Admin and Defence; Compulsory Social Security";L;PIB_pd;Petrovic;0
USA;Education;M;PIB_pd;Petrovic;167426,2422
USA;Health and Social Work;N;PIB_pd;Petrovic;816977,711
USA;Other Community, Social and Personal Services;O;PIB_pd;Petrovic;0
USA;Private Households with Employed Persons;P;PIB_pd;Petrovic;0
